#
# There is insufficient memory for the Java Runtime Environment to continue.
# Native memory allocation (malloc) failed to allocate 1201456 bytes. Error detail: Chunk::new
# Possible reasons:
#   The system is out of physical RAM or swap space
#   This process is running with CompressedOops enabled, and the Java Heap may be blocking the growth of the native heap
# Possible solutions:
#   Reduce memory load on the system
#   Increase physical memory or swap space
#   Check if swap backing store is full
#   Decrease Java heap size (-Xmx/-Xms)
#   Decrease number of Java threads
#   Decrease Java thread stack sizes (-Xss)
#   Set larger code cache with -XX:ReservedCodeCacheSize=
#   JVM is running with Unscaled Compressed Oops mode in which the Java heap is
#     placed in the first 4GB address space. The Java Heap base address is the
#     maximum limit for the native heap growth. Please use -XX:HeapBaseMinAddress
#     to set the Java Heap base and to place the Java Heap above 4GB virtual address.
# This output file may be truncated or incomplete.
#
#  Out of Memory Error (arena.cpp:191), pid=24868, tid=26512
#
# JRE version: OpenJDK Runtime Environment Temurin-17.0.20+8 (17.0.20+8) (build 17.0.20+8)
# Java VM: OpenJDK 64-Bit Server VM Temurin-17.0.20+8 (17.0.20+8, mixed mode, sharing, tiered, compressed oops, compressed class ptrs, g1 gc, windows-amd64)
# No core dump will be written. Minidumps are not enabled by default on client versions of Windows
#

---------------  S U M M A R Y ------------

Command Line: --add-opens=java.base/java.lang=ALL-UNNAMED --add-opens=java.base/java.lang.invoke=ALL-UNNAMED --add-opens=java.base/java.util=ALL-UNNAMED --add-opens=java.prefs/java.util.prefs=ALL-UNNAMED --add-exports=jdk.compiler/com.sun.tools.javac.api=ALL-UNNAMED --add-exports=jdk.compiler/com.sun.tools.javac.util=ALL-UNNAMED --add-opens=java.base/java.util=ALL-UNNAMED --add-opens=java.prefs/java.util.prefs=ALL-UNNAMED --add-opens=java.base/java.nio.charset=ALL-UNNAMED --add-opens=java.base/java.net=ALL-UNNAMED --add-opens=java.base/java.util.concurrent.atomic=ALL-UNNAMED --add-opens=java.xml/javax.xml.namespace=ALL-UNNAMED -Xmx2048m -Dfile.encoding=UTF-8 -Duser.country=US -Duser.language=en -Duser.variant -javaagent:D:\SDKs\.gradle\wrapper\dists\gradle-8.11.1-bin\bpt9gzteqjrbo1mjrsomdt32c\gradle-8.11.1\lib\agents\gradle-instrumentation-agent-8.11.1.jar org.gradle.launcher.daemon.bootstrap.GradleDaemon 8.11.1

Host: AMD Ryzen 5 7535HS with Radeon Graphics        , 12 cores, 7G,  Windows 11 , 64 bit Build 26100 (10.0.26100.4768)
Time: Wed Aug 12 16:32:52 2026 Egypt Daylight Time elapsed time: 122.049468 seconds (0d 0h 2m 2s)

---------------  T H R E A D  ---------------

Current thread (0x000001bea0942b40):  JavaThread "C2 CompilerThread0" daemon [_thread_in_native, id=26512, stack(0x0000005950e00000,0x0000005950f00000)]


Current CompileTask:
C2:122049 20803       4       org.gradle.api.internal.artifacts.transform.AbstractTransformedArtifactSet::visit (104 bytes)

Stack: [0x0000005950e00000,0x0000005950f00000]
Native frames: (J=compiled Java code, j=interpreted, Vv=VM code, C=native code)
V  [jvm.dll+0x684d39]
V  [jvm.dll+0x83a565]
V  [jvm.dll+0x83bfde]
V  [jvm.dll+0x83c663]
V  [jvm.dll+0x2490cf]
V  [jvm.dll+0xad536]
V  [jvm.dll+0xadbdc]
V  [jvm.dll+0x2b07af]
V  [jvm.dll+0x58b025]
V  [jvm.dll+0x223054]
V  [jvm.dll+0x21b96e]
V  [jvm.dll+0x219212]
V  [jvm.dll+0x1a49e0]
V  [jvm.dll+0x229a6a]
V  [jvm.dll+0x227c1b]
V  [jvm.dll+0x7f0d18]
V  [jvm.dll+0x7eb17c]
V  [jvm.dll+0x683c07]
C  [ucrtbase.dll+0x37b0]
C  [KERNEL32.DLL+0x2e8d7]
C  [ntdll.dll+0x3c34c]


---------------  P R O C E S S  ---------------

Threads class SMR info:
_java_thread_list=0x000001beeb6d2bf0, length=198, elements={
0x000001be80273d70, 0x000001bea091e4d0, 0x000001bea0921b20, 0x000001bea093a170,
0x000001bea093cb50, 0x000001bea093df90, 0x000001bea0940b80, 0x000001bea0942b40,
0x000001bea0946290, 0x000001bea097bba0, 0x000001bea0bad660, 0x000001bea0badb70,
0x000001bea0baade0, 0x000001bea0bab2f0, 0x000001bea0bad150, 0x000001bea0bab800,
0x000001bea0bae590, 0x000001bea0babd10, 0x000001bea0bac220, 0x000001bea0bac730,
0x000001bee63652d0, 0x000001bee6362030, 0x000001bee63657e0, 0x000001bee6363e90,
0x000001bee6362a50, 0x000001bee63648b0, 0x000001bee63643a0, 0x000001bee6363470,
0x000001bee6364dc0, 0x000001bee6362f60, 0x000001bee6362540, 0x000001bee6366200,
0x000001bee6366710, 0x000001bee6363980, 0x000001bee6367640, 0x000001bee6368060,
0x000001bee6367b50, 0x000001bee6368570, 0x000001bee6368a80, 0x000001bee6368f90,
0x000001bee63694a0, 0x000001bee63699b0, 0x000001bea0bae080, 0x000001bee9fd7870,
0x000001bee9fd8cb0, 0x000001bee9fd91c0, 0x000001bee9fd7360, 0x000001bee9fd6940,
0x000001bee9fd6430, 0x000001bee9fd6e50, 0x000001bee9fd96d0, 0x000001bee9fd5f20,
0x000001bee9fd9be0, 0x000001bee9fd87a0, 0x000001bee9fda0f0, 0x000001bee9fda600,
0x000001bee9fdab10, 0x000001bee9fdb020, 0x000001bee9fdb530, 0x000001bee9fd7d80,
0x000001bee9fdba40, 0x000001bee9fd8290, 0x000001bee9fdbf50, 0x000001bee9fdd390,
0x000001bee9fdce80, 0x000001bee9fdc460, 0x000001bee9f907b0, 0x000001bee9f8f370,
0x000001bee9f93030, 0x000001bee9f8f880, 0x000001bee9f93540, 0x000001bee9f953a0,
0x000001bee9f958b0, 0x000001bee9f93a50, 0x000001bee9f93f60, 0x000001bee9f94470,
0x000001bee9f94980, 0x000001bee9f94e90, 0x000001bea0bacc40, 0x000001bef1147330,
0x000001bef11459e0, 0x000001bef1147840, 0x000001bef1144090, 0x000001bef1146400,
0x000001bef1147d50, 0x000001bef1148260, 0x000001bef1144ab0, 0x000001bef1146e20,
0x000001bef1148770, 0x000001bef1145ef0, 0x000001bef1146910, 0x000001bef1144fc0,
0x000001bef1148c80, 0x000001bef11454d0, 0x000001bef1149bb0, 0x000001bef114aff0,
0x000001bef114aae0, 0x000001bef114a0c0, 0x000001bef114b500, 0x000001bef114a5d0,
0x000001bef114ba10, 0x000001bee6367130, 0x000001bee6365cf0, 0x000001beec64d420,
0x000001beec64b5c0, 0x000001beec64bad0, 0x000001beec64a690, 0x000001beec64bfe0,
0x000001beec64a180, 0x000001beec64cf10, 0x000001beec64c4f0, 0x000001beec64ca00,
0x000001beec64d930, 0x000001beec64de40, 0x000001beec64e350, 0x000001beec64aba0,
0x000001beec64e860, 0x000001beec64b0b0, 0x000001beec64ed70, 0x000001beec6510e0,
0x000001beec64f280, 0x000001beec64f790, 0x000001beec6515f0, 0x000001beec651b00,
0x000001beec64fca0, 0x000001beec6506c0, 0x000001beec6501b0, 0x000001beec650bd0,
0x000001beea61d5c0, 0x000001beea61c690, 0x000001beea61a830, 0x000001beea61ad40,
0x000001beea61ea00, 0x000001beea61cba0, 0x000001beea61e4f0, 0x000001beea61d0b0,
0x000001beea61dad0, 0x000001beea61b250, 0x000001beea61ef10, 0x000001beea61bc70,
0x000001beea61dfe0, 0x000001beea61b760, 0x000001beea61f420, 0x000001beea61f930,
0x000001beea61fe40, 0x000001beea621280, 0x000001beea620350, 0x000001beea621ca0,
0x000001beea620860, 0x000001beea6221b0, 0x000001beea620d70, 0x000001beea621790,
0x000001beec325900, 0x000001beec323080, 0x000001beec326d40, 0x000001beec323aa0,
0x000001beec324ee0, 0x000001beec326320, 0x000001beec323fb0, 0x000001beec3244c0,
0x000001beec3253f0, 0x000001beec325e10, 0x000001beec326830, 0x000001beec323590,
0x000001beec327760, 0x000001beec327250, 0x000001beec327c70, 0x000001beec328180,
0x000001beec3249d0, 0x000001beec329ad0, 0x000001beec329fe0, 0x000001beec328690,
0x000001beec3290b0, 0x000001beec32a4f0, 0x000001beec328ba0, 0x000001beebb4ff90,
0x000001beebb51df0, 0x000001beebb52300, 0x000001beebb4f060, 0x000001beebb52810,
0x000001beebb53230, 0x000001beebb50ec0, 0x000001beebb53740, 0x000001beebb53c50,
0x000001beebb504a0, 0x000001beebb54160, 0x000001beebb54670, 0x000001beebb54b80,
0x000001beebb569e0, 0x000001beebb55ab0, 0x000001beebb55fc0, 0x000001beebb55090,
0x000001beebb564d0, 0x000001beebb555a0, 0x000001bee9fdd8a0, 0x000001bee94a7690,
0x000001bee94aa930, 0x000001bee94a94f0
}

Java Threads: ( => current thread )
  0x000001be80273d70 JavaThread "main" [_thread_blocked, id=3888, stack(0x0000005950100000,0x0000005950200000)]
  0x000001bea091e4d0 JavaThread "Reference Handler" daemon [_thread_blocked, id=15964, stack(0x0000005950800000,0x0000005950900000)]
  0x000001bea0921b20 JavaThread "Finalizer" daemon [_thread_blocked, id=23104, stack(0x0000005950900000,0x0000005950a00000)]
  0x000001bea093a170 JavaThread "Signal Dispatcher" daemon [_thread_blocked, id=14140, stack(0x0000005950a00000,0x0000005950b00000)]
  0x000001bea093cb50 JavaThread "Attach Listener" daemon [_thread_blocked, id=3984, stack(0x0000005950b00000,0x0000005950c00000)]
  0x000001bea093df90 JavaThread "Service Thread" daemon [_thread_blocked, id=24568, stack(0x0000005950c00000,0x0000005950d00000)]
  0x000001bea0940b80 JavaThread "Monitor Deflation Thread" daemon [_thread_blocked, id=10488, stack(0x0000005950d00000,0x0000005950e00000)]
=>0x000001bea0942b40 JavaThread "C2 CompilerThread0" daemon [_thread_in_native, id=26512, stack(0x0000005950e00000,0x0000005950f00000)]
  0x000001bea0946290 JavaThread "C1 CompilerThread0" daemon [_thread_blocked, id=21916, stack(0x0000005950f00000,0x0000005951000000)]
  0x000001bea097bba0 JavaThread "Sweeper thread" daemon [_thread_blocked, id=21264, stack(0x0000005951000000,0x0000005951100000)]
  0x000001bea0bad660 JavaThread "Common-Cleaner" daemon [_thread_blocked, id=13444, stack(0x0000005951100000,0x0000005951200000)]
  0x000001bea0badb70 JavaThread "Notification Thread" daemon [_thread_blocked, id=6980, stack(0x0000005951200000,0x0000005951300000)]
  0x000001bea0baade0 JavaThread "Daemon health stats" [_thread_blocked, id=10132, stack(0x0000005951500000,0x0000005951600000)]
  0x000001bea0bab2f0 JavaThread "Incoming local TCP Connector on port 53735" [_thread_in_native, id=27556, stack(0x0000005951a00000,0x0000005951b00000)]
  0x000001bea0bad150 JavaThread "Daemon periodic checks" [_thread_blocked, id=29480, stack(0x0000005951b00000,0x0000005951c00000)]
  0x000001bea0bab800 JavaThread "Daemon" [_thread_blocked, id=28476, stack(0x0000005951c00000,0x0000005951d00000)]
  0x000001bea0bae590 JavaThread "Handler for socket connection from /127.0.0.1:53735 to /127.0.0.1:53736" [_thread_in_native, id=28724, stack(0x0000005951d00000,0x0000005951e00000)]
  0x000001bea0babd10 JavaThread "Cancel handler" [_thread_blocked, id=17252, stack(0x0000005951e00000,0x0000005951f00000)]
  0x000001bea0bac220 JavaThread "Daemon worker" [_thread_blocked, id=29064, stack(0x0000005951f00000,0x0000005952000000)]
  0x000001bea0bac730 JavaThread "Asynchronous log dispatcher for DefaultDaemonConnection: socket connection from /127.0.0.1:53735 to /127.0.0.1:53736" [_thread_blocked, id=24972, stack(0x0000005952000000,0x0000005952100000)]
  0x000001bee63652d0 JavaThread "Stdin handler" [_thread_blocked, id=16576, stack(0x0000005952100000,0x0000005952200000)]
  0x000001bee6362030 JavaThread "Daemon client event forwarder" [_thread_blocked, id=2436, stack(0x0000005952200000,0x0000005952300000)]
  0x000001bee63657e0 JavaThread "Cache worker for journal cache (D:\SDKs\.gradle\caches\journal-1)" [_thread_blocked, id=8316, stack(0x0000005952300000,0x0000005952400000)]
  0x000001bee6363e90 JavaThread "File lock request listener" [_thread_in_native, id=28184, stack(0x0000005952400000,0x0000005952500000)]
  0x000001bee6362a50 JavaThread "Cache worker for file hash cache (D:\SDKs\.gradle\caches\8.11.1\fileHashes)" [_thread_blocked, id=29072, stack(0x0000005951400000,0x0000005951500000)]
  0x000001bee63648b0 JavaThread "Cache worker for file content cache (D:\SDKs\.gradle\caches\8.11.1\fileContent)" [_thread_blocked, id=11424, stack(0x0000005952b00000,0x0000005952c00000)]
  0x000001bee63643a0 JavaThread "Cache worker for file hash cache (E:\University Programs\Stabila\.gradle\8.11.1\fileHashes)" [_thread_blocked, id=24952, stack(0x0000005952d00000,0x0000005952e00000)]
  0x000001bee6363470 JavaThread "Cache worker for Build Output Cleanup Cache (E:\University Programs\Stabila\.gradle\buildOutputCleanup)" [_thread_blocked, id=4308, stack(0x0000005952e00000,0x0000005952f00000)]
  0x000001bee6364dc0 JavaThread "File watcher server" daemon [_thread_in_native, id=3464, stack(0x0000005953100000,0x0000005953200000)]
  0x000001bee6362f60 JavaThread "File watcher consumer" daemon [_thread_blocked, id=2096, stack(0x0000005953200000,0x0000005953300000)]
  0x000001bee6362540 JavaThread "Cache worker for checksums cache (E:\University Programs\Stabila\.gradle\8.11.1\checksums)" [_thread_blocked, id=18620, stack(0x0000005953300000,0x0000005953400000)]
  0x000001bee6366200 JavaThread "Cache worker for cache directory md-rule (D:\SDKs\.gradle\caches\8.11.1\md-rule)" [_thread_blocked, id=11520, stack(0x0000005953400000,0x0000005953500000)]
  0x000001bee6366710 JavaThread "Cache worker for cache directory md-supplier (D:\SDKs\.gradle\caches\8.11.1\md-supplier)" [_thread_blocked, id=13436, stack(0x0000005953500000,0x0000005953600000)]
  0x000001bee6363980 JavaThread "Unconstrained build operations" [_thread_blocked, id=8332, stack(0x0000005952500000,0x0000005952600000)]
  0x000001bee6367640 JavaThread "Unconstrained build operations Thread 2" [_thread_blocked, id=16456, stack(0x0000005952c00000,0x0000005952d00000)]
  0x000001bee6368060 JavaThread "Unconstrained build operations Thread 3" [_thread_blocked, id=13020, stack(0x0000005953600000,0x0000005953700000)]
  0x000001bee6367b50 JavaThread "Unconstrained build operations Thread 4" [_thread_blocked, id=26748, stack(0x0000005953700000,0x0000005953800000)]
  0x000001bee6368570 JavaThread "Unconstrained build operations Thread 5" [_thread_blocked, id=11364, stack(0x0000005953800000,0x0000005953900000)]
  0x000001bee6368a80 JavaThread "Unconstrained build operations Thread 6" [_thread_blocked, id=9416, stack(0x0000005953900000,0x0000005953a00000)]
  0x000001bee6368f90 JavaThread "Unconstrained build operations Thread 7" [_thread_blocked, id=26700, stack(0x0000005953a00000,0x0000005953b00000)]
  0x000001bee63694a0 JavaThread "Unconstrained build operations Thread 8" [_thread_blocked, id=17340, stack(0x0000005953b00000,0x0000005953c00000)]
  0x000001bee63699b0 JavaThread "Unconstrained build operations Thread 9" [_thread_blocked, id=2568, stack(0x0000005953c00000,0x0000005953d00000)]
  0x000001bea0bae080 JavaThread "Unconstrained build operations Thread 10" [_thread_blocked, id=27032, stack(0x0000005953d00000,0x0000005953e00000)]
  0x000001bee9fd7870 JavaThread "Unconstrained build operations Thread 11" [_thread_blocked, id=29180, stack(0x0000005953e00000,0x0000005953f00000)]
  0x000001bee9fd8cb0 JavaThread "Unconstrained build operations Thread 12" [_thread_blocked, id=27920, stack(0x0000005954000000,0x0000005954100000)]
  0x000001bee9fd91c0 JavaThread "Unconstrained build operations Thread 13" [_thread_blocked, id=20696, stack(0x0000005954100000,0x0000005954200000)]
  0x000001bee9fd7360 JavaThread "Unconstrained build operations Thread 14" [_thread_blocked, id=26764, stack(0x0000005954200000,0x0000005954300000)]
  0x000001bee9fd6940 JavaThread "Unconstrained build operations Thread 15" [_thread_blocked, id=14768, stack(0x0000005954300000,0x0000005954400000)]
  0x000001bee9fd6430 JavaThread "Unconstrained build operations Thread 16" [_thread_blocked, id=25928, stack(0x0000005954400000,0x0000005954500000)]
  0x000001bee9fd6e50 JavaThread "Unconstrained build operations Thread 17" [_thread_blocked, id=12060, stack(0x0000005954500000,0x0000005954600000)]
  0x000001bee9fd96d0 JavaThread "Unconstrained build operations Thread 18" [_thread_blocked, id=29636, stack(0x0000005954600000,0x0000005954700000)]
  0x000001bee9fd5f20 JavaThread "Unconstrained build operations Thread 19" [_thread_blocked, id=29404, stack(0x0000005954700000,0x0000005954800000)]
  0x000001bee9fd9be0 JavaThread "Unconstrained build operations Thread 20" [_thread_blocked, id=19904, stack(0x0000005954800000,0x0000005954900000)]
  0x000001bee9fd87a0 JavaThread "Unconstrained build operations Thread 21" [_thread_blocked, id=27560, stack(0x0000005954900000,0x0000005954a00000)]
  0x000001bee9fda0f0 JavaThread "Unconstrained build operations Thread 22" [_thread_blocked, id=13516, stack(0x0000005954a00000,0x0000005954b00000)]
  0x000001bee9fda600 JavaThread "Unconstrained build operations Thread 23" [_thread_blocked, id=8556, stack(0x0000005954b00000,0x0000005954c00000)]
  0x000001bee9fdab10 JavaThread "Unconstrained build operations Thread 24" [_thread_blocked, id=24616, stack(0x0000005954c00000,0x0000005954d00000)]
  0x000001bee9fdb020 JavaThread "Unconstrained build operations Thread 25" [_thread_blocked, id=25656, stack(0x0000005954d00000,0x0000005954e00000)]
  0x000001bee9fdb530 JavaThread "Unconstrained build operations Thread 26" [_thread_blocked, id=27896, stack(0x0000005954e00000,0x0000005954f00000)]
  0x000001bee9fd7d80 JavaThread "Unconstrained build operations Thread 27" [_thread_blocked, id=27884, stack(0x0000005954f00000,0x0000005955000000)]
  0x000001bee9fdba40 JavaThread "Unconstrained build operations Thread 28" [_thread_blocked, id=6196, stack(0x0000005955000000,0x0000005955100000)]
  0x000001bee9fd8290 JavaThread "Unconstrained build operations Thread 29" [_thread_blocked, id=21720, stack(0x0000005955100000,0x0000005955200000)]
  0x000001bee9fdbf50 JavaThread "Unconstrained build operations Thread 30" [_thread_blocked, id=26136, stack(0x0000005955200000,0x0000005955300000)]
  0x000001bee9fdd390 JavaThread "Unconstrained build operations Thread 31" [_thread_blocked, id=23264, stack(0x0000005955300000,0x0000005955400000)]
  0x000001bee9fdce80 JavaThread "Unconstrained build operations Thread 32" [_thread_blocked, id=16204, stack(0x0000005955400000,0x0000005955500000)]
  0x000001bee9fdc460 JavaThread "Unconstrained build operations Thread 33" [_thread_blocked, id=21684, stack(0x0000005955500000,0x0000005955600000)]
  0x000001bee9f907b0 JavaThread "Memory manager" [_thread_blocked, id=28800, stack(0x0000005955700000,0x0000005955800000)]
  0x000001bee9f8f370 JavaThread "build event listener" [_thread_blocked, id=26704, stack(0x0000005955800000,0x0000005955900000)]
  0x000001bee9f93030 JavaThread "pool-3-thread-1" [_thread_blocked, id=23396, stack(0x0000005955b00000,0x0000005955c00000)]
  0x000001bee9f8f880 JavaThread "build event listener" [_thread_blocked, id=28816, stack(0x0000005955c00000,0x0000005955d00000)]
  0x000001bee9f93540 JavaThread "included builds" [_thread_blocked, id=29056, stack(0x0000005955d00000,0x0000005955e00000)]
  0x000001bee9f953a0 JavaThread "Execution worker" [_thread_blocked, id=25212, stack(0x0000005955e00000,0x0000005955f00000)]
  0x000001bee9f958b0 JavaThread "Execution worker Thread 2" [_thread_blocked, id=28804, stack(0x0000005955f00000,0x0000005956000000)]
  0x000001bee9f93a50 JavaThread "Execution worker Thread 3" [_thread_blocked, id=13100, stack(0x0000005956000000,0x0000005956100000)]
  0x000001bee9f93f60 JavaThread "Execution worker Thread 4" [_thread_blocked, id=20120, stack(0x0000005956100000,0x0000005956200000)]
  0x000001bee9f94470 JavaThread "Execution worker Thread 5" [_thread_blocked, id=22000, stack(0x0000005956200000,0x0000005956300000)]
  0x000001bee9f94980 JavaThread "Execution worker Thread 6" [_thread_in_native, id=11936, stack(0x0000005956300000,0x0000005956400000)]
  0x000001bee9f94e90 JavaThread "Execution worker Thread 7" [_thread_blocked, id=18192, stack(0x0000005956400000,0x0000005956500000)]
  0x000001bea0bacc40 JavaThread "Execution worker Thread 8" [_thread_blocked, id=26628, stack(0x0000005956500000,0x0000005956600000)]
  0x000001bef1147330 JavaThread "Execution worker Thread 9" [_thread_blocked, id=27348, stack(0x0000005956600000,0x0000005956700000)]
  0x000001bef11459e0 JavaThread "Execution worker Thread 10" [_thread_blocked, id=420, stack(0x0000005956700000,0x0000005956800000)]
  0x000001bef1147840 JavaThread "Execution worker Thread 11" [_thread_blocked, id=27016, stack(0x0000005956800000,0x0000005956900000)]
  0x000001bef1144090 JavaThread "Cache worker for execution history cache (E:\University Programs\Stabila\.gradle\8.11.1\executionHistory)" [_thread_blocked, id=20624, stack(0x0000005956900000,0x0000005956a00000)]
  0x000001bef1146400 JavaThread "Unconstrained build operations Thread 34" [_thread_blocked, id=26188, stack(0x0000005955600000,0x0000005955700000)]
  0x000001bef1147d50 JavaThread "Unconstrained build operations Thread 35" [_thread_blocked, id=29080, stack(0x0000005956a00000,0x0000005956b00000)]
  0x000001bef1148260 JavaThread "Unconstrained build operations Thread 36" [_thread_blocked, id=12884, stack(0x0000005956b00000,0x0000005956c00000)]
  0x000001bef1144ab0 JavaThread "Unconstrained build operations Thread 37" [_thread_blocked, id=29140, stack(0x0000005956c00000,0x0000005956d00000)]
  0x000001bef1146e20 JavaThread "Unconstrained build operations Thread 38" [_thread_blocked, id=26900, stack(0x0000005956d00000,0x0000005956e00000)]
  0x000001bef1148770 JavaThread "Unconstrained build operations Thread 39" [_thread_blocked, id=13624, stack(0x0000005956e00000,0x0000005956f00000)]
  0x000001bef1145ef0 JavaThread "Unconstrained build operations Thread 40" [_thread_blocked, id=28292, stack(0x0000005956f00000,0x0000005957000000)]
  0x000001bef1146910 JavaThread "Unconstrained build operations Thread 41" [_thread_blocked, id=5064, stack(0x0000005957000000,0x0000005957100000)]
  0x000001bef1144fc0 JavaThread "Unconstrained build operations Thread 42" [_thread_blocked, id=2416, stack(0x0000005957100000,0x0000005957200000)]
  0x000001bef1148c80 JavaThread "Unconstrained build operations Thread 43" [_thread_blocked, id=28796, stack(0x0000005957200000,0x0000005957300000)]
  0x000001bef11454d0 JavaThread "Unconstrained build operations Thread 44" [_thread_blocked, id=27140, stack(0x0000005957300000,0x0000005957400000)]
  0x000001bef1149bb0 JavaThread "Unconstrained build operations Thread 45" [_thread_blocked, id=17960, stack(0x0000005957400000,0x0000005957500000)]
  0x000001bef114aff0 JavaThread "Unconstrained build operations Thread 46" [_thread_blocked, id=29420, stack(0x0000005957500000,0x0000005957600000)]
  0x000001bef114aae0 JavaThread "Unconstrained build operations Thread 47" [_thread_blocked, id=26696, stack(0x0000005957600000,0x0000005957700000)]
  0x000001bef114a0c0 JavaThread "Unconstrained build operations Thread 48" [_thread_blocked, id=22288, stack(0x0000005957700000,0x0000005957800000)]
  0x000001bef114b500 JavaThread "Unconstrained build operations Thread 49" [_thread_blocked, id=13520, stack(0x0000005957800000,0x0000005957900000)]
  0x000001bef114a5d0 JavaThread "Unconstrained build operations Thread 50" [_thread_blocked, id=29340, stack(0x0000005957900000,0x0000005957a00000)]
  0x000001bef114ba10 JavaThread "Unconstrained build operations Thread 51" [_thread_blocked, id=4048, stack(0x0000005957a00000,0x0000005957b00000)]
  0x000001bee6367130 JavaThread "Unconstrained build operations Thread 52" [_thread_blocked, id=25572, stack(0x0000005957b00000,0x0000005957c00000)]
  0x000001bee6365cf0 JavaThread "Unconstrained build operations Thread 53" [_thread_blocked, id=28440, stack(0x0000005957c00000,0x0000005957d00000)]
  0x000001beec64d420 JavaThread "Unconstrained build operations Thread 54" [_thread_blocked, id=27092, stack(0x0000005957d00000,0x0000005957e00000)]
  0x000001beec64b5c0 JavaThread "Unconstrained build operations Thread 55" [_thread_blocked, id=21376, stack(0x0000005957e00000,0x0000005957f00000)]
  0x000001beec64bad0 JavaThread "Unconstrained build operations Thread 56" [_thread_blocked, id=6404, stack(0x0000005957f00000,0x0000005958000000)]
  0x000001beec64a690 JavaThread "Unconstrained build operations Thread 57" [_thread_blocked, id=13036, stack(0x0000005958000000,0x0000005958100000)]
  0x000001beec64bfe0 JavaThread "Unconstrained build operations Thread 58" [_thread_blocked, id=1740, stack(0x0000005958100000,0x0000005958200000)]
  0x000001beec64a180 JavaThread "Unconstrained build operations Thread 59" [_thread_blocked, id=29456, stack(0x0000005958200000,0x0000005958300000)]
  0x000001beec64cf10 JavaThread "Unconstrained build operations Thread 60" [_thread_blocked, id=27480, stack(0x0000005958300000,0x0000005958400000)]
  0x000001beec64c4f0 JavaThread "Unconstrained build operations Thread 61" [_thread_blocked, id=24852, stack(0x0000005958400000,0x0000005958500000)]
  0x000001beec64ca00 JavaThread "Unconstrained build operations Thread 62" [_thread_blocked, id=16032, stack(0x0000005958500000,0x0000005958600000)]
  0x000001beec64d930 JavaThread "Unconstrained build operations Thread 63" [_thread_blocked, id=15656, stack(0x0000005958600000,0x0000005958700000)]
  0x000001beec64de40 JavaThread "Unconstrained build operations Thread 64" [_thread_blocked, id=25332, stack(0x0000005958700000,0x0000005958800000)]
  0x000001beec64e350 JavaThread "Unconstrained build operations Thread 65" [_thread_blocked, id=3512, stack(0x0000005958800000,0x0000005958900000)]
  0x000001beec64aba0 JavaThread "Unconstrained build operations Thread 66" [_thread_blocked, id=20312, stack(0x0000005958900000,0x0000005958a00000)]
  0x000001beec64e860 JavaThread "Unconstrained build operations Thread 67" [_thread_blocked, id=28084, stack(0x0000005958a00000,0x0000005958b00000)]
  0x000001beec64b0b0 JavaThread "Unconstrained build operations Thread 68" [_thread_blocked, id=25620, stack(0x0000005958b00000,0x0000005958c00000)]
  0x000001beec64ed70 JavaThread "Unconstrained build operations Thread 69" [_thread_blocked, id=9104, stack(0x0000005958c00000,0x0000005958d00000)]
  0x000001beec6510e0 JavaThread "Unconstrained build operations Thread 70" [_thread_blocked, id=29660, stack(0x0000005958d00000,0x0000005958e00000)]
  0x000001beec64f280 JavaThread "Unconstrained build operations Thread 71" [_thread_blocked, id=15692, stack(0x0000005958e00000,0x0000005958f00000)]
  0x000001beec64f790 JavaThread "Unconstrained build operations Thread 72" [_thread_blocked, id=18120, stack(0x0000005958f00000,0x0000005959000000)]
  0x000001beec6515f0 JavaThread "Unconstrained build operations Thread 73" [_thread_blocked, id=17436, stack(0x0000005959000000,0x0000005959100000)]
  0x000001beec651b00 JavaThread "Unconstrained build operations Thread 74" [_thread_blocked, id=26144, stack(0x0000005959100000,0x0000005959200000)]
  0x000001beec64fca0 JavaThread "Unconstrained build operations Thread 75" [_thread_blocked, id=2828, stack(0x0000005959200000,0x0000005959300000)]
  0x000001beec6506c0 JavaThread "Unconstrained build operations Thread 76" [_thread_blocked, id=29664, stack(0x0000005959300000,0x0000005959400000)]
  0x000001beec6501b0 JavaThread "Unconstrained build operations Thread 77" [_thread_blocked, id=29124, stack(0x0000005959400000,0x0000005959500000)]
  0x000001beec650bd0 JavaThread "Unconstrained build operations Thread 78" [_thread_blocked, id=17216, stack(0x0000005959500000,0x0000005959600000)]
  0x000001beea61d5c0 JavaThread "WorkerExecutor Queue" [_thread_in_native, id=5416, stack(0x0000005959600000,0x0000005959700000)]
  0x000001beea61c690 JavaThread "Unconstrained build operations Thread 79" [_thread_blocked, id=28880, stack(0x0000005959700000,0x0000005959800000)]
  0x000001beea61a830 JavaThread "Unconstrained build operations Thread 80" [_thread_blocked, id=4628, stack(0x0000005959800000,0x0000005959900000)]
  0x000001beea61ad40 JavaThread "Unconstrained build operations Thread 81" [_thread_blocked, id=24704, stack(0x0000005959900000,0x0000005959a00000)]
  0x000001beea61ea00 JavaThread "Unconstrained build operations Thread 82" [_thread_blocked, id=29112, stack(0x0000005959a00000,0x0000005959b00000)]
  0x000001beea61cba0 JavaThread "Unconstrained build operations Thread 83" [_thread_blocked, id=28132, stack(0x0000005959b00000,0x0000005959c00000)]
  0x000001beea61e4f0 JavaThread "Unconstrained build operations Thread 84" [_thread_blocked, id=28956, stack(0x0000005959c00000,0x0000005959d00000)]
  0x000001beea61d0b0 JavaThread "Unconstrained build operations Thread 85" [_thread_blocked, id=26668, stack(0x0000005959d00000,0x0000005959e00000)]
  0x000001beea61dad0 JavaThread "Unconstrained build operations Thread 86" [_thread_blocked, id=25936, stack(0x0000005959e00000,0x0000005959f00000)]
  0x000001beea61b250 JavaThread "Unconstrained build operations Thread 87" [_thread_blocked, id=23556, stack(0x0000005959f00000,0x000000595a000000)]
  0x000001beea61ef10 JavaThread "Unconstrained build operations Thread 88" [_thread_blocked, id=18220, stack(0x000000595a000000,0x000000595a100000)]
  0x000001beea61bc70 JavaThread "Unconstrained build operations Thread 89" [_thread_blocked, id=26800, stack(0x000000595a100000,0x000000595a200000)]
  0x000001beea61dfe0 JavaThread "Unconstrained build operations Thread 90" [_thread_blocked, id=21692, stack(0x000000595a200000,0x000000595a300000)]
  0x000001beea61b760 JavaThread "Unconstrained build operations Thread 91" [_thread_blocked, id=20264, stack(0x000000595a300000,0x000000595a400000)]
  0x000001beea61f420 JavaThread "Unconstrained build operations Thread 92" [_thread_blocked, id=8328, stack(0x000000595a400000,0x000000595a500000)]
  0x000001beea61f930 JavaThread "Unconstrained build operations Thread 93" [_thread_blocked, id=27672, stack(0x000000595a500000,0x000000595a600000)]
  0x000001beea61fe40 JavaThread "Unconstrained build operations Thread 94" [_thread_blocked, id=4556, stack(0x000000595a600000,0x000000595a700000)]
  0x000001beea621280 JavaThread "Unconstrained build operations Thread 95" [_thread_blocked, id=25372, stack(0x000000595a700000,0x000000595a800000)]
  0x000001beea620350 JavaThread "Unconstrained build operations Thread 96" [_thread_blocked, id=27904, stack(0x000000595a800000,0x000000595a900000)]
  0x000001beea621ca0 JavaThread "Unconstrained build operations Thread 97" [_thread_blocked, id=9836, stack(0x000000595a900000,0x000000595aa00000)]
  0x000001beea620860 JavaThread "Unconstrained build operations Thread 98" [_thread_blocked, id=25064, stack(0x000000595aa00000,0x000000595ab00000)]
  0x000001beea6221b0 JavaThread "Unconstrained build operations Thread 99" [_thread_blocked, id=14724, stack(0x000000595ab00000,0x000000595ac00000)]
  0x000001beea620d70 JavaThread "Unconstrained build operations Thread 100" [_thread_blocked, id=21056, stack(0x000000595ac00000,0x000000595ad00000)]
  0x000001beea621790 JavaThread "Unconstrained build operations Thread 101" [_thread_blocked, id=16996, stack(0x000000595ad00000,0x000000595ae00000)]
  0x000001beec325900 JavaThread "WorkerExecutor Queue Thread 2" [_thread_in_native, id=19968, stack(0x000000595ae00000,0x000000595af00000)]
  0x000001beec323080 JavaThread "pool-4-thread-1" [_thread_blocked, id=9272, stack(0x000000595af00000,0x000000595b000000)]
  0x000001beec326d40 JavaThread "Unconstrained build operations Thread 102" [_thread_blocked, id=29684, stack(0x0000005953f00000,0x0000005954000000)]
  0x000001beec323aa0 JavaThread "Unconstrained build operations Thread 103" [_thread_blocked, id=8740, stack(0x000000595b000000,0x000000595b100000)]
  0x000001beec324ee0 JavaThread "Unconstrained build operations Thread 104" [_thread_blocked, id=28496, stack(0x000000595b100000,0x000000595b200000)]
  0x000001beec326320 JavaThread "Unconstrained build operations Thread 105" [_thread_blocked, id=27252, stack(0x000000595b200000,0x000000595b300000)]
  0x000001beec323fb0 JavaThread "Unconstrained build operations Thread 106" [_thread_blocked, id=28376, stack(0x000000595b300000,0x000000595b400000)]
  0x000001beec3244c0 JavaThread "Unconstrained build operations Thread 107" [_thread_blocked, id=21920, stack(0x000000595b400000,0x000000595b500000)]
  0x000001beec3253f0 JavaThread "Unconstrained build operations Thread 108" [_thread_blocked, id=28156, stack(0x000000595b500000,0x000000595b600000)]
  0x000001beec325e10 JavaThread "Unconstrained build operations Thread 109" [_thread_blocked, id=27900, stack(0x000000595b600000,0x000000595b700000)]
  0x000001beec326830 JavaThread "Unconstrained build operations Thread 110" [_thread_blocked, id=25764, stack(0x000000595b700000,0x000000595b800000)]
  0x000001beec323590 JavaThread "Unconstrained build operations Thread 111" [_thread_blocked, id=19044, stack(0x000000595b800000,0x000000595b900000)]
  0x000001beec327760 JavaThread "Unconstrained build operations Thread 112" [_thread_blocked, id=22024, stack(0x000000595b900000,0x000000595ba00000)]
  0x000001beec327250 JavaThread "stderr" [_thread_in_native, id=17372, stack(0x000000595bb00000,0x000000595bc00000)]
  0x000001beec327c70 JavaThread "stdout" [_thread_in_native, id=28520, stack(0x000000595bc00000,0x000000595bd00000)]
  0x000001beec328180 JavaThread "Unconstrained build operations Thread 113" [_thread_blocked, id=25344, stack(0x000000595bd00000,0x000000595be00000)]
  0x000001beec3249d0 JavaThread "Unconstrained build operations Thread 114" [_thread_blocked, id=26140, stack(0x000000595be00000,0x000000595bf00000)]
  0x000001beec329ad0 JavaThread "Unconstrained build operations Thread 115" [_thread_blocked, id=18284, stack(0x000000595bf00000,0x000000595c000000)]
  0x000001beec329fe0 JavaThread "Unconstrained build operations Thread 116" [_thread_blocked, id=18592, stack(0x000000595c000000,0x000000595c100000)]
  0x000001beec328690 JavaThread "Unconstrained build operations Thread 117" [_thread_blocked, id=5652, stack(0x000000595c100000,0x000000595c200000)]
  0x000001beec3290b0 JavaThread "Unconstrained build operations Thread 118" [_thread_blocked, id=14720, stack(0x000000595c200000,0x000000595c300000)]
  0x000001beec32a4f0 JavaThread "Unconstrained build operations Thread 119" [_thread_blocked, id=4456, stack(0x000000595c300000,0x000000595c400000)]
  0x000001beec328ba0 JavaThread "Unconstrained build operations Thread 120" [_thread_blocked, id=20704, stack(0x000000595c400000,0x000000595c500000)]
  0x000001beebb4ff90 JavaThread "WorkerExecutor Queue Thread 3" [_thread_blocked, id=16060, stack(0x000000595c600000,0x000000595c700000)]
  0x000001beebb51df0 JavaThread "WorkerExecutor Queue Thread 4" [_thread_in_native, id=19700, stack(0x0000005950000000,0x0000005950100000)]
  0x000001beebb52300 JavaThread "File lock release action executor" [_thread_blocked, id=3340, stack(0x000000594ff00000,0x0000005950000000)]
  0x000001beebb4f060 JavaThread "Cache worker for Java compile cache (D:\SDKs\.gradle\caches\8.11.1\javaCompile)" [_thread_blocked, id=21260, stack(0x000000594fe00000,0x000000594ff00000)]
  0x000001beebb52810 JavaThread "Build operations" [_thread_blocked, id=3276, stack(0x000000595c700000,0x000000595c800000)]
  0x000001beebb53230 JavaThread "Build operations Thread 2" [_thread_blocked, id=14788, stack(0x000000595c800000,0x000000595c900000)]
  0x000001beebb50ec0 JavaThread "Build operations Thread 3" [_thread_blocked, id=27592, stack(0x000000595c900000,0x000000595ca00000)]
  0x000001beebb53740 JavaThread "Build operations Thread 4" [_thread_blocked, id=29136, stack(0x000000595ca00000,0x000000595cb00000)]
  0x000001beebb53c50 JavaThread "Build operations Thread 5" [_thread_blocked, id=28676, stack(0x000000595cb00000,0x000000595cc00000)]
  0x000001beebb504a0 JavaThread "Build operations Thread 6" [_thread_blocked, id=20068, stack(0x000000595cc00000,0x000000595cd00000)]
  0x000001beebb54160 JavaThread "Build operations Thread 7" [_thread_blocked, id=21876, stack(0x000000595cd00000,0x000000595ce00000)]
  0x000001beebb54670 JavaThread "Build operations Thread 8" [_thread_blocked, id=29116, stack(0x000000595ce00000,0x000000595cf00000)]
  0x000001beebb54b80 JavaThread "Build operations Thread 9" [_thread_blocked, id=3972, stack(0x000000595cf00000,0x000000595d000000)]
  0x000001beebb569e0 JavaThread "Build operations Thread 10" [_thread_blocked, id=372, stack(0x000000595d000000,0x000000595d100000)]
  0x000001beebb55ab0 JavaThread "Build operations Thread 11" [_thread_blocked, id=28720, stack(0x000000595d100000,0x000000595d200000)]
  0x000001beebb55fc0 JavaThread "WorkerExecutor Queue Thread 5" [_thread_blocked, id=4816, stack(0x000000595ba00000,0x000000595bb00000)]
  0x000001beebb55090 JavaThread "WorkerExecutor Queue Thread 6" [_thread_blocked, id=21704, stack(0x000000595d400000,0x000000595d500000)]
  0x000001beebb564d0 JavaThread "Thread-183" [_thread_in_native, id=5168, stack(0x000000595dc00000,0x000000595dd00000)]
  0x000001beebb555a0 JavaThread "WorkerExecutor Queue Thread 7" [_thread_blocked, id=23600, stack(0x000000595db00000,0x000000595dc00000)]
  0x000001bee9fdd8a0 JavaThread "Thread-186" [_thread_in_native, id=11624, stack(0x000000595dd00000,0x000000595de00000)]
  0x000001bee94a7690 JavaThread "WorkerExecutor Queue Thread 8" [_thread_blocked, id=27456, stack(0x000000595de00000,0x000000595df00000)]
  0x000001bee94aa930 JavaThread "Thread-190" [_thread_in_native, id=29200, stack(0x000000595df00000,0x000000595e000000)]
  0x000001bee94a94f0 JavaThread "Thread-191" [_thread_in_native, id=20948, stack(0x000000595e000000,0x000000595e100000)]

Other Threads:
  0x000001bea091a1e0 VMThread "VM Thread" [stack: 0x0000005950700000,0x0000005950800000] [id=6772]
  0x000001be802748a0 WatcherThread [stack: 0x0000005951300000,0x0000005951400000] [id=1884]
  0x000001be802d1a00 GCTaskThread "GC Thread#0" [stack: 0x0000005950200000,0x0000005950300000] [id=25772]
  0x000001bee67bda10 GCTaskThread "GC Thread#1" [stack: 0x0000005951600000,0x0000005951700000] [id=27828]
  0x000001bee62bad90 GCTaskThread "GC Thread#2" [stack: 0x0000005951700000,0x0000005951800000] [id=18268]
  0x000001bee6b2d360 GCTaskThread "GC Thread#3" [stack: 0x0000005951800000,0x0000005951900000] [id=25292]
  0x000001bee6b2e630 GCTaskThread "GC Thread#4" [stack: 0x0000005951900000,0x0000005951a00000] [id=17460]
  0x000001bee79782e0 GCTaskThread "GC Thread#5" [stack: 0x0000005952600000,0x0000005952700000] [id=24512]
  0x000001bee7473d10 GCTaskThread "GC Thread#6" [stack: 0x0000005952700000,0x0000005952800000] [id=28492]
  0x000001bee726b900 GCTaskThread "GC Thread#7" [stack: 0x0000005952800000,0x0000005952900000] [id=24472]
  0x000001bee7b7a140 GCTaskThread "GC Thread#8" [stack: 0x0000005952900000,0x0000005952a00000] [id=6900]
  0x000001bee85eaf00 GCTaskThread "GC Thread#9" [stack: 0x0000005952a00000,0x0000005952b00000] [id=21844]
  0x000001be802e3870 ConcurrentGCThread "G1 Main Marker" [stack: 0x0000005950300000,0x0000005950400000] [id=20676]
  0x000001be802e41a0 ConcurrentGCThread "G1 Conc#0" [stack: 0x0000005950400000,0x0000005950500000] [id=396]
  0x000001bee7e8b100 ConcurrentGCThread "G1 Conc#1" [stack: 0x0000005952f00000,0x0000005953000000] [id=15288]
  0x000001bee7e8a600 ConcurrentGCThread "G1 Conc#2" [stack: 0x0000005953000000,0x0000005953100000] [id=26648]
  0x000001be8031e1f0 ConcurrentGCThread "G1 Refine#0" [stack: 0x0000005950500000,0x0000005950600000] [id=26892]
  0x000001bee79ca060 ConcurrentGCThread "G1 Refine#1" [stack: 0x000000595c500000,0x000000595c600000] [id=27964]
  0x000001beec5a3ae0 ConcurrentGCThread "G1 Refine#2" [stack: 0x000000595d200000,0x000000595d300000] [id=17380]
  0x000001beec5a4f70 ConcurrentGCThread "G1 Refine#3" [stack: 0x000000595d300000,0x000000595d400000] [id=20408]
  0x000001beec5a3dd0 ConcurrentGCThread "G1 Refine#4" [stack: 0x000000595d500000,0x000000595d600000] [id=29068]
  0x000001beec5a5840 ConcurrentGCThread "G1 Refine#5" [stack: 0x000000595d600000,0x000000595d700000] [id=29108]
  0x000001beec5a5b30 ConcurrentGCThread "G1 Refine#6" [stack: 0x000000595d700000,0x000000595d800000] [id=3668]
  0x000001beec5a46a0 ConcurrentGCThread "G1 Refine#7" [stack: 0x000000595d800000,0x000000595d900000] [id=6208]
  0x000001beec5a69e0 ConcurrentGCThread "G1 Refine#8" [stack: 0x000000595d900000,0x000000595da00000] [id=17188]
  0x000001beec5a37f0 ConcurrentGCThread "G1 Refine#9" [stack: 0x000000595da00000,0x000000595db00000] [id=7896]
  0x000001be8031e9d0 ConcurrentGCThread "G1 Service" [stack: 0x0000005950600000,0x0000005950700000] [id=23868]

Threads with active compile tasks:
C2 CompilerThread0  122270 20803       4       org.gradle.api.internal.artifacts.transform.AbstractTransformedArtifactSet::visit (104 bytes)

VM state: not at safepoint (normal execution)

VM Mutex/Monitor currently owned by a thread: None

Heap address: 0x0000000080000000, size: 2048 MB, Compressed Oops mode: 32-bit

CDS archive(s) mapped at: [0x000001bea1000000-0x000001bea1bb0000-0x000001bea1bb0000), size 12255232, SharedBaseAddress: 0x000001bea1000000, ArchiveRelocationMode: 1.
Compressed class space mapped at: 0x000001bea2000000-0x000001bee2000000, reserved size: 1073741824
Narrow klass base: 0x000001bea1000000, Narrow klass shift: 0, Narrow klass range: 0x100000000

GC Precious Log:
 CPUs: 12 total, 12 available
 Memory: 7498M
 Large Page Support: Disabled
 NUMA Support: Disabled
 Compressed Oops: Enabled (32-bit)
 Heap Region Size: 1M
 Heap Min Capacity: 8M
 Heap Initial Capacity: 118M
 Heap Max Capacity: 2G
 Pre-touch: Disabled
 Parallel Workers: 10
 Concurrent Workers: 3
 Concurrent Refinement Workers: 10
 Periodic GC: Disabled

Heap:
 garbage-first heap   total 527360K, used 405295K [0x0000000080000000, 0x0000000100000000)
  region size 1024K, 63 young (64512K), 9 survivors (9216K)
 Metaspace       used 118373K, committed 119552K, reserved 1179648K
  class space    used 15929K, committed 16512K, reserved 1048576K

Heap Regions: E=young(eden), S=young(survivor), O=old, HS=humongous(starts), HC=humongous(continues), CS=collection set, F=free, OA=open archive, CA=closed archive, TAMS=top-at-mark-start (previous, next)
|   0|0x0000000080000000, 0x0000000080100000, 0x0000000080100000|100%| O|  |TAMS 0x0000000080100000, 0x0000000080000000| Untracked 
|   1|0x0000000080100000, 0x0000000080200000, 0x0000000080200000|100%|HS|  |TAMS 0x0000000080200000, 0x0000000080100000| Complete 
|   2|0x0000000080200000, 0x0000000080300000, 0x0000000080300000|100%|HC|  |TAMS 0x0000000080300000, 0x0000000080200000| Complete 
|   3|0x0000000080300000, 0x0000000080400000, 0x0000000080400000|100%|HC|  |TAMS 0x0000000080400000, 0x0000000080300000| Complete 
|   4|0x0000000080400000, 0x0000000080500000, 0x0000000080500000|100%| O|  |TAMS 0x0000000080500000, 0x0000000080400000| Untracked 
|   5|0x0000000080500000, 0x0000000080600000, 0x0000000080600000|100%| O|  |TAMS 0x0000000080600000, 0x0000000080500000| Untracked 
|   6|0x0000000080600000, 0x0000000080700000, 0x0000000080700000|100%| O|  |TAMS 0x0000000080700000, 0x0000000080600000| Untracked 
|   7|0x0000000080700000, 0x0000000080800000, 0x0000000080800000|100%|HS|  |TAMS 0x0000000080800000, 0x0000000080700000| Complete 
|   8|0x0000000080800000, 0x0000000080900000, 0x0000000080900000|100%| O|  |TAMS 0x0000000080900000, 0x0000000080800000| Untracked 
|   9|0x0000000080900000, 0x0000000080a00000, 0x0000000080a00000|100%| O|  |TAMS 0x0000000080a00000, 0x0000000080900000| Untracked 
|  10|0x0000000080a00000, 0x0000000080b00000, 0x0000000080b00000|100%| O|  |TAMS 0x0000000080b00000, 0x0000000080a00000| Untracked 
|  11|0x0000000080b00000, 0x0000000080c00000, 0x0000000080c00000|100%| O|  |TAMS 0x0000000080c00000, 0x0000000080b00000| Untracked 
|  12|0x0000000080c00000, 0x0000000080d00000, 0x0000000080d00000|100%| O|  |TAMS 0x0000000080d00000, 0x0000000080c00000| Untracked 
|  13|0x0000000080d00000, 0x0000000080e00000, 0x0000000080e00000|100%| O|  |TAMS 0x0000000080e00000, 0x0000000080d00000| Untracked 
|  14|0x0000000080e00000, 0x0000000080f00000, 0x0000000080f00000|100%| O|  |TAMS 0x0000000080f00000, 0x0000000080e00000| Untracked 
|  15|0x0000000080f00000, 0x0000000081000000, 0x0000000081000000|100%| O|  |TAMS 0x0000000081000000, 0x0000000080f00000| Untracked 
|  16|0x0000000081000000, 0x0000000081100000, 0x0000000081100000|100%| O|  |TAMS 0x0000000081100000, 0x0000000081000000| Untracked 
|  17|0x0000000081100000, 0x0000000081200000, 0x0000000081200000|100%| O|  |TAMS 0x0000000081200000, 0x0000000081100000| Untracked 
|  18|0x0000000081200000, 0x0000000081300000, 0x0000000081300000|100%| O|  |TAMS 0x0000000081300000, 0x0000000081200000| Untracked 
|  19|0x0000000081300000, 0x0000000081400000, 0x0000000081400000|100%| O|  |TAMS 0x0000000081400000, 0x0000000081300000| Untracked 
|  20|0x0000000081400000, 0x00000000814e4e00, 0x0000000081500000| 89%| O|  |TAMS 0x00000000814e4e00, 0x0000000081400000| Untracked 
|  21|0x0000000081500000, 0x0000000081600000, 0x0000000081600000|100%| O|  |TAMS 0x0000000081600000, 0x0000000081500000| Untracked 
|  22|0x0000000081600000, 0x0000000081700000, 0x0000000081700000|100%| O|  |TAMS 0x0000000081700000, 0x0000000081600000| Untracked 
|  23|0x0000000081700000, 0x0000000081800000, 0x0000000081800000|100%| O|  |TAMS 0x0000000081800000, 0x0000000081700000| Untracked 
|  24|0x0000000081800000, 0x0000000081900000, 0x0000000081900000|100%| O|  |TAMS 0x0000000081900000, 0x0000000081800000| Untracked 
|  25|0x0000000081900000, 0x0000000081a00000, 0x0000000081a00000|100%| O|  |TAMS 0x0000000081a00000, 0x0000000081900000| Untracked 
|  26|0x0000000081a00000, 0x0000000081b00000, 0x0000000081b00000|100%| O|  |TAMS 0x0000000081b00000, 0x0000000081a00000| Untracked 
|  27|0x0000000081b00000, 0x0000000081c00000, 0x0000000081c00000|100%| O|  |TAMS 0x0000000081c00000, 0x0000000081b00000| Untracked 
|  28|0x0000000081c00000, 0x0000000081d00000, 0x0000000081d00000|100%| O|  |TAMS 0x0000000081d00000, 0x0000000081c00000| Untracked 
|  29|0x0000000081d00000, 0x0000000081e00000, 0x0000000081e00000|100%| O|  |TAMS 0x0000000081e00000, 0x0000000081d00000| Untracked 
|  30|0x0000000081e00000, 0x0000000081f00000, 0x0000000081f00000|100%| O|  |TAMS 0x0000000081f00000, 0x0000000081e00000| Untracked 
|  31|0x0000000081f00000, 0x0000000082000000, 0x0000000082000000|100%| O|  |TAMS 0x0000000082000000, 0x0000000081f00000| Untracked 
|  32|0x0000000082000000, 0x0000000082100000, 0x0000000082100000|100%| O|  |TAMS 0x0000000082100000, 0x0000000082000000| Untracked 
|  33|0x0000000082100000, 0x0000000082200000, 0x0000000082200000|100%| O|  |TAMS 0x0000000082200000, 0x0000000082100000| Untracked 
|  34|0x0000000082200000, 0x0000000082300000, 0x0000000082300000|100%| O|  |TAMS 0x0000000082300000, 0x0000000082200000| Untracked 
|  35|0x0000000082300000, 0x0000000082400000, 0x0000000082400000|100%| O|  |TAMS 0x0000000082400000, 0x0000000082300000| Untracked 
|  36|0x0000000082400000, 0x0000000082500000, 0x0000000082500000|100%| O|  |TAMS 0x0000000082500000, 0x0000000082400000| Untracked 
|  37|0x0000000082500000, 0x0000000082600000, 0x0000000082600000|100%| O|  |TAMS 0x0000000082600000, 0x0000000082500000| Untracked 
|  38|0x0000000082600000, 0x0000000082700000, 0x0000000082700000|100%| O|  |TAMS 0x0000000082700000, 0x0000000082600000| Untracked 
|  39|0x0000000082700000, 0x0000000082800000, 0x0000000082800000|100%| O|  |TAMS 0x0000000082800000, 0x0000000082700000| Untracked 
|  40|0x0000000082800000, 0x0000000082900000, 0x0000000082900000|100%| O|  |TAMS 0x0000000082900000, 0x0000000082800000| Untracked 
|  41|0x0000000082900000, 0x0000000082a00000, 0x0000000082a00000|100%| O|  |TAMS 0x0000000082a00000, 0x0000000082900000| Untracked 
|  42|0x0000000082a00000, 0x0000000082b00000, 0x0000000082b00000|100%| O|  |TAMS 0x0000000082b00000, 0x0000000082a00000| Untracked 
|  43|0x0000000082b00000, 0x0000000082c00000, 0x0000000082c00000|100%| O|  |TAMS 0x0000000082c00000, 0x0000000082b00000| Untracked 
|  44|0x0000000082c00000, 0x0000000082d00000, 0x0000000082d00000|100%| O|  |TAMS 0x0000000082d00000, 0x0000000082c00000| Untracked 
|  45|0x0000000082d00000, 0x0000000082e00000, 0x0000000082e00000|100%| O|  |TAMS 0x0000000082d00000, 0x0000000082d00000| Untracked 
|  46|0x0000000082e00000, 0x0000000082f00000, 0x0000000082f00000|100%| O|  |TAMS 0x0000000082e00000, 0x0000000082e00000| Untracked 
|  47|0x0000000082f00000, 0x0000000083000000, 0x0000000083000000|100%|HS|  |TAMS 0x0000000083000000, 0x0000000082f00000| Complete 
|  48|0x0000000083000000, 0x0000000083100000, 0x0000000083100000|100%|HS|  |TAMS 0x0000000083100000, 0x0000000083000000| Complete 
|  49|0x0000000083100000, 0x0000000083200000, 0x0000000083200000|100%| O|  |TAMS 0x0000000083100000, 0x0000000083100000| Untracked 
|  50|0x0000000083200000, 0x0000000083300000, 0x0000000083300000|100%| O|  |TAMS 0x0000000083300000, 0x0000000083200000| Untracked 
|  51|0x0000000083300000, 0x0000000083400000, 0x0000000083400000|100%|HS|  |TAMS 0x0000000083400000, 0x0000000083300000| Complete 
|  52|0x0000000083400000, 0x0000000083500000, 0x0000000083500000|100%|HC|  |TAMS 0x0000000083500000, 0x0000000083400000| Complete 
|  53|0x0000000083500000, 0x0000000083600000, 0x0000000083600000|100%|HS|  |TAMS 0x0000000083600000, 0x0000000083500000| Complete 
|  54|0x0000000083600000, 0x0000000083700000, 0x0000000083700000|100%|HC|  |TAMS 0x0000000083700000, 0x0000000083600000| Complete 
|  55|0x0000000083700000, 0x0000000083800000, 0x0000000083800000|100%|HS|  |TAMS 0x0000000083800000, 0x0000000083700000| Complete 
|  56|0x0000000083800000, 0x0000000083900000, 0x0000000083900000|100%|HS|  |TAMS 0x0000000083900000, 0x0000000083800000| Complete 
|  57|0x0000000083900000, 0x0000000083a00000, 0x0000000083a00000|100%|HC|  |TAMS 0x0000000083a00000, 0x0000000083900000| Complete 
|  58|0x0000000083a00000, 0x0000000083b00000, 0x0000000083b00000|100%|HC|  |TAMS 0x0000000083b00000, 0x0000000083a00000| Complete 
|  59|0x0000000083b00000, 0x0000000083c00000, 0x0000000083c00000|100%|HC|  |TAMS 0x0000000083c00000, 0x0000000083b00000| Complete 
|  60|0x0000000083c00000, 0x0000000083d00000, 0x0000000083d00000|100%| O|  |TAMS 0x0000000083d00000, 0x0000000083c00000| Untracked 
|  61|0x0000000083d00000, 0x0000000083e00000, 0x0000000083e00000|100%|HS|  |TAMS 0x0000000083e00000, 0x0000000083d00000| Complete 
|  62|0x0000000083e00000, 0x0000000083f00000, 0x0000000083f00000|100%|HS|  |TAMS 0x0000000083f00000, 0x0000000083e00000| Complete 
|  63|0x0000000083f00000, 0x0000000084000000, 0x0000000084000000|100%| O|  |TAMS 0x0000000084000000, 0x0000000083f00000| Untracked 
|  64|0x0000000084000000, 0x0000000084100000, 0x0000000084100000|100%| O|  |TAMS 0x0000000084100000, 0x0000000084000000| Untracked 
|  65|0x0000000084100000, 0x0000000084200000, 0x0000000084200000|100%| O|  |TAMS 0x0000000084200000, 0x0000000084100000| Untracked 
|  66|0x0000000084200000, 0x0000000084300000, 0x0000000084300000|100%| O|  |TAMS 0x0000000084300000, 0x0000000084200000| Untracked 
|  67|0x0000000084300000, 0x0000000084400000, 0x0000000084400000|100%| O|  |TAMS 0x0000000084400000, 0x0000000084300000| Untracked 
|  68|0x0000000084400000, 0x0000000084500000, 0x0000000084500000|100%| O|  |TAMS 0x0000000084500000, 0x0000000084400000| Untracked 
|  69|0x0000000084500000, 0x0000000084600000, 0x0000000084600000|100%| O|  |TAMS 0x0000000084600000, 0x0000000084500000| Untracked 
|  70|0x0000000084600000, 0x0000000084700000, 0x0000000084700000|100%| O|  |TAMS 0x0000000084700000, 0x0000000084600000| Untracked 
|  71|0x0000000084700000, 0x0000000084800000, 0x0000000084800000|100%| O|  |TAMS 0x0000000084800000, 0x0000000084700000| Untracked 
|  72|0x0000000084800000, 0x0000000084900000, 0x0000000084900000|100%|HS|  |TAMS 0x0000000084900000, 0x0000000084800000| Complete 
|  73|0x0000000084900000, 0x0000000084a00000, 0x0000000084a00000|100%|HC|  |TAMS 0x0000000084a00000, 0x0000000084900000| Complete 
|  74|0x0000000084a00000, 0x0000000084b00000, 0x0000000084b00000|100%|HC|  |TAMS 0x0000000084b00000, 0x0000000084a00000| Complete 
|  75|0x0000000084b00000, 0x0000000084c00000, 0x0000000084c00000|100%|HC|  |TAMS 0x0000000084c00000, 0x0000000084b00000| Complete 
|  76|0x0000000084c00000, 0x0000000084d00000, 0x0000000084d00000|100%| O|  |TAMS 0x0000000084d00000, 0x0000000084c00000| Untracked 
|  77|0x0000000084d00000, 0x0000000084e00000, 0x0000000084e00000|100%| O|  |TAMS 0x0000000084e00000, 0x0000000084d00000| Untracked 
|  78|0x0000000084e00000, 0x0000000084f00000, 0x0000000084f00000|100%| O|  |TAMS 0x0000000084f00000, 0x0000000084e00000| Untracked 
|  79|0x0000000084f00000, 0x0000000085000000, 0x0000000085000000|100%| O|  |TAMS 0x0000000085000000, 0x0000000084f00000| Untracked 
|  80|0x0000000085000000, 0x0000000085100000, 0x0000000085100000|100%| O|  |TAMS 0x0000000085100000, 0x0000000085000000| Untracked 
|  81|0x0000000085100000, 0x0000000085200000, 0x0000000085200000|100%| O|  |TAMS 0x0000000085100000, 0x0000000085100000| Untracked 
|  82|0x0000000085200000, 0x0000000085300000, 0x0000000085300000|100%| O|  |TAMS 0x0000000085200000, 0x0000000085200000| Untracked 
|  83|0x0000000085300000, 0x0000000085400000, 0x0000000085400000|100%| O|  |TAMS 0x0000000085300000, 0x0000000085300000| Untracked 
|  84|0x0000000085400000, 0x0000000085500000, 0x0000000085500000|100%| O|  |TAMS 0x0000000085500000, 0x0000000085400000| Untracked 
|  85|0x0000000085500000, 0x0000000085600000, 0x0000000085600000|100%| O|  |TAMS 0x0000000085600000, 0x0000000085500000| Untracked 
|  86|0x0000000085600000, 0x0000000085700000, 0x0000000085700000|100%| O|  |TAMS 0x0000000085700000, 0x0000000085600000| Untracked 
|  87|0x0000000085700000, 0x0000000085800000, 0x0000000085800000|100%| O|  |TAMS 0x0000000085800000, 0x0000000085700000| Untracked 
|  88|0x0000000085800000, 0x0000000085900000, 0x0000000085900000|100%| O|  |TAMS 0x0000000085900000, 0x0000000085800000| Untracked 
|  89|0x0000000085900000, 0x0000000085a00000, 0x0000000085a00000|100%| O|  |TAMS 0x0000000085a00000, 0x0000000085900000| Untracked 
|  90|0x0000000085a00000, 0x0000000085b00000, 0x0000000085b00000|100%| O|  |TAMS 0x0000000085b00000, 0x0000000085a00000| Untracked 
|  91|0x0000000085b00000, 0x0000000085c00000, 0x0000000085c00000|100%| O|  |TAMS 0x0000000085c00000, 0x0000000085b00000| Untracked 
|  92|0x0000000085c00000, 0x0000000085d00000, 0x0000000085d00000|100%| O|  |TAMS 0x0000000085c00000, 0x0000000085c00000| Untracked 
|  93|0x0000000085d00000, 0x0000000085e00000, 0x0000000085e00000|100%| O|  |TAMS 0x0000000085e00000, 0x0000000085d00000| Untracked 
|  94|0x0000000085e00000, 0x0000000085f00000, 0x0000000085f00000|100%| O|  |TAMS 0x0000000085f00000, 0x0000000085e00000| Untracked 
|  95|0x0000000085f00000, 0x0000000086000000, 0x0000000086000000|100%| O|  |TAMS 0x0000000086000000, 0x0000000085f00000| Untracked 
|  96|0x0000000086000000, 0x0000000086100000, 0x0000000086100000|100%| O|  |TAMS 0x0000000086100000, 0x0000000086000000| Untracked 
|  97|0x0000000086100000, 0x0000000086200000, 0x0000000086200000|100%| O|  |TAMS 0x00000000861d3600, 0x0000000086100000| Untracked 
|  98|0x0000000086200000, 0x0000000086300000, 0x0000000086300000|100%| O|  |TAMS 0x0000000086200000, 0x0000000086200000| Untracked 
|  99|0x0000000086300000, 0x0000000086400000, 0x0000000086400000|100%| O|  |TAMS 0x0000000086300000, 0x0000000086300000| Untracked 
| 100|0x0000000086400000, 0x0000000086500000, 0x0000000086500000|100%| O|  |TAMS 0x0000000086400000, 0x0000000086400000| Untracked 
| 101|0x0000000086500000, 0x0000000086600000, 0x0000000086600000|100%| O|  |TAMS 0x0000000086500000, 0x0000000086500000| Untracked 
| 102|0x0000000086600000, 0x0000000086700000, 0x0000000086700000|100%| O|  |TAMS 0x0000000086600000, 0x0000000086600000| Untracked 
| 103|0x0000000086700000, 0x0000000086800000, 0x0000000086800000|100%| O|  |TAMS 0x0000000086700000, 0x0000000086700000| Untracked 
| 104|0x0000000086800000, 0x0000000086900000, 0x0000000086900000|100%| O|  |TAMS 0x0000000086800000, 0x0000000086800000| Untracked 
| 105|0x0000000086900000, 0x0000000086a00000, 0x0000000086a00000|100%| O|  |TAMS 0x0000000086900000, 0x0000000086900000| Untracked 
| 106|0x0000000086a00000, 0x0000000086b00000, 0x0000000086b00000|100%| O|  |TAMS 0x0000000086a00000, 0x0000000086a00000| Untracked 
| 107|0x0000000086b00000, 0x0000000086c00000, 0x0000000086c00000|100%| O|  |TAMS 0x0000000086b00000, 0x0000000086b00000| Untracked 
| 108|0x0000000086c00000, 0x0000000086d00000, 0x0000000086d00000|100%| O|  |TAMS 0x0000000086c00000, 0x0000000086c00000| Untracked 
| 109|0x0000000086d00000, 0x0000000086e00000, 0x0000000086e00000|100%| O|  |TAMS 0x0000000086d00000, 0x0000000086d00000| Untracked 
| 110|0x0000000086e00000, 0x0000000086f00000, 0x0000000086f00000|100%| O|  |TAMS 0x0000000086e00000, 0x0000000086e00000| Untracked 
| 111|0x0000000086f00000, 0x0000000087000000, 0x0000000087000000|100%| O|  |TAMS 0x0000000086f00000, 0x0000000086f00000| Untracked 
| 112|0x0000000087000000, 0x0000000087100000, 0x0000000087100000|100%| O|  |TAMS 0x0000000087000000, 0x0000000087000000| Untracked 
| 113|0x0000000087100000, 0x0000000087200000, 0x0000000087200000|100%| O|  |TAMS 0x0000000087100000, 0x0000000087100000| Untracked 
| 114|0x0000000087200000, 0x0000000087300000, 0x0000000087300000|100%| O|  |TAMS 0x0000000087200000, 0x0000000087200000| Untracked 
| 115|0x0000000087300000, 0x0000000087400000, 0x0000000087400000|100%| O|  |TAMS 0x0000000087300000, 0x0000000087300000| Untracked 
| 116|0x0000000087400000, 0x0000000087500000, 0x0000000087500000|100%| O|  |TAMS 0x0000000087400000, 0x0000000087400000| Untracked 
| 117|0x0000000087500000, 0x0000000087600000, 0x0000000087600000|100%| O|  |TAMS 0x0000000087500000, 0x0000000087500000| Untracked 
| 118|0x0000000087600000, 0x0000000087700000, 0x0000000087700000|100%| O|  |TAMS 0x0000000087600000, 0x0000000087600000| Untracked 
| 119|0x0000000087700000, 0x0000000087800000, 0x0000000087800000|100%| O|  |TAMS 0x0000000087700000, 0x0000000087700000| Untracked 
| 120|0x0000000087800000, 0x0000000087900000, 0x0000000087900000|100%| O|  |TAMS 0x0000000087800000, 0x0000000087800000| Untracked 
| 121|0x0000000087900000, 0x0000000087a00000, 0x0000000087a00000|100%| O|  |TAMS 0x0000000087900000, 0x0000000087900000| Untracked 
| 122|0x0000000087a00000, 0x0000000087b00000, 0x0000000087b00000|100%| O|  |TAMS 0x0000000087a00000, 0x0000000087a00000| Untracked 
| 123|0x0000000087b00000, 0x0000000087c00000, 0x0000000087c00000|100%| O|  |TAMS 0x0000000087b00000, 0x0000000087b00000| Untracked 
| 124|0x0000000087c00000, 0x0000000087d00000, 0x0000000087d00000|100%| O|  |TAMS 0x0000000087c00000, 0x0000000087c00000| Untracked 
| 125|0x0000000087d00000, 0x0000000087e00000, 0x0000000087e00000|100%| O|  |TAMS 0x0000000087d00000, 0x0000000087d00000| Untracked 
| 126|0x0000000087e00000, 0x0000000087f00000, 0x0000000087f00000|100%| O|  |TAMS 0x0000000087e00000, 0x0000000087e00000| Untracked 
| 127|0x0000000087f00000, 0x0000000088000000, 0x0000000088000000|100%| O|  |TAMS 0x0000000087f00000, 0x0000000087f00000| Untracked 
| 128|0x0000000088000000, 0x0000000088100000, 0x0000000088100000|100%| O|  |TAMS 0x0000000088000000, 0x0000000088000000| Untracked 
| 129|0x0000000088100000, 0x0000000088200000, 0x0000000088200000|100%| O|  |TAMS 0x0000000088100000, 0x0000000088100000| Untracked 
| 130|0x0000000088200000, 0x0000000088300000, 0x0000000088300000|100%| O|  |TAMS 0x0000000088200000, 0x0000000088200000| Untracked 
| 131|0x0000000088300000, 0x0000000088400000, 0x0000000088400000|100%| O|  |TAMS 0x0000000088300000, 0x0000000088300000| Untracked 
| 132|0x0000000088400000, 0x0000000088500000, 0x0000000088500000|100%| O|  |TAMS 0x0000000088400000, 0x0000000088400000| Untracked 
| 133|0x0000000088500000, 0x0000000088600000, 0x0000000088600000|100%| O|  |TAMS 0x0000000088500000, 0x0000000088500000| Untracked 
| 134|0x0000000088600000, 0x0000000088700000, 0x0000000088700000|100%| O|  |TAMS 0x0000000088600000, 0x0000000088600000| Untracked 
| 135|0x0000000088700000, 0x0000000088800000, 0x0000000088800000|100%| O|  |TAMS 0x0000000088700000, 0x0000000088700000| Untracked 
| 136|0x0000000088800000, 0x0000000088900000, 0x0000000088900000|100%| O|  |TAMS 0x0000000088800000, 0x0000000088800000| Untracked 
| 137|0x0000000088900000, 0x0000000088a00000, 0x0000000088a00000|100%| O|  |TAMS 0x0000000088900000, 0x0000000088900000| Untracked 
| 138|0x0000000088a00000, 0x0000000088b00000, 0x0000000088b00000|100%| O|  |TAMS 0x0000000088a00000, 0x0000000088a00000| Untracked 
| 139|0x0000000088b00000, 0x0000000088c00000, 0x0000000088c00000|100%| O|  |TAMS 0x0000000088b00000, 0x0000000088b00000| Untracked 
| 140|0x0000000088c00000, 0x0000000088d00000, 0x0000000088d00000|100%| O|  |TAMS 0x0000000088c00000, 0x0000000088c00000| Untracked 
| 141|0x0000000088d00000, 0x0000000088e00000, 0x0000000088e00000|100%| O|  |TAMS 0x0000000088d00000, 0x0000000088d00000| Untracked 
| 142|0x0000000088e00000, 0x0000000088f00000, 0x0000000088f00000|100%| O|  |TAMS 0x0000000088e00000, 0x0000000088e00000| Untracked 
| 143|0x0000000088f00000, 0x0000000089000000, 0x0000000089000000|100%| O|  |TAMS 0x0000000088f00000, 0x0000000088f00000| Untracked 
| 144|0x0000000089000000, 0x0000000089100000, 0x0000000089100000|100%| O|  |TAMS 0x0000000089000000, 0x0000000089000000| Untracked 
| 145|0x0000000089100000, 0x0000000089200000, 0x0000000089200000|100%| O|  |TAMS 0x0000000089100000, 0x0000000089100000| Untracked 
| 146|0x0000000089200000, 0x0000000089300000, 0x0000000089300000|100%| O|  |TAMS 0x0000000089200000, 0x0000000089200000| Untracked 
| 147|0x0000000089300000, 0x0000000089400000, 0x0000000089400000|100%| O|  |TAMS 0x0000000089300000, 0x0000000089300000| Untracked 
| 148|0x0000000089400000, 0x0000000089500000, 0x0000000089500000|100%| O|  |TAMS 0x0000000089400000, 0x0000000089400000| Untracked 
| 149|0x0000000089500000, 0x0000000089600000, 0x0000000089600000|100%| O|  |TAMS 0x0000000089500000, 0x0000000089500000| Untracked 
| 150|0x0000000089600000, 0x0000000089700000, 0x0000000089700000|100%| O|  |TAMS 0x0000000089600000, 0x0000000089600000| Untracked 
| 151|0x0000000089700000, 0x0000000089800000, 0x0000000089800000|100%| O|  |TAMS 0x0000000089700000, 0x0000000089700000| Untracked 
| 152|0x0000000089800000, 0x0000000089900000, 0x0000000089900000|100%| O|  |TAMS 0x0000000089800000, 0x0000000089800000| Untracked 
| 153|0x0000000089900000, 0x0000000089a00000, 0x0000000089a00000|100%| O|  |TAMS 0x0000000089900000, 0x0000000089900000| Untracked 
| 154|0x0000000089a00000, 0x0000000089b00000, 0x0000000089b00000|100%| O|  |TAMS 0x0000000089a00000, 0x0000000089a00000| Untracked 
| 155|0x0000000089b00000, 0x0000000089c00000, 0x0000000089c00000|100%| O|  |TAMS 0x0000000089b00000, 0x0000000089b00000| Untracked 
| 156|0x0000000089c00000, 0x0000000089d00000, 0x0000000089d00000|100%| O|  |TAMS 0x0000000089c00000, 0x0000000089c00000| Untracked 
| 157|0x0000000089d00000, 0x0000000089e00000, 0x0000000089e00000|100%| O|  |TAMS 0x0000000089d00000, 0x0000000089d00000| Untracked 
| 158|0x0000000089e00000, 0x0000000089f00000, 0x0000000089f00000|100%| O|  |TAMS 0x0000000089e00000, 0x0000000089e00000| Untracked 
| 159|0x0000000089f00000, 0x000000008a000000, 0x000000008a000000|100%| O|  |TAMS 0x0000000089f00000, 0x0000000089f00000| Untracked 
| 160|0x000000008a000000, 0x000000008a100000, 0x000000008a100000|100%| O|  |TAMS 0x000000008a000000, 0x000000008a000000| Untracked 
| 161|0x000000008a100000, 0x000000008a200000, 0x000000008a200000|100%| O|  |TAMS 0x000000008a100000, 0x000000008a100000| Untracked 
| 162|0x000000008a200000, 0x000000008a300000, 0x000000008a300000|100%| O|  |TAMS 0x000000008a200000, 0x000000008a200000| Untracked 
| 163|0x000000008a300000, 0x000000008a400000, 0x000000008a400000|100%| O|  |TAMS 0x000000008a300000, 0x000000008a300000| Untracked 
| 164|0x000000008a400000, 0x000000008a500000, 0x000000008a500000|100%| O|  |TAMS 0x000000008a400000, 0x000000008a400000| Untracked 
| 165|0x000000008a500000, 0x000000008a600000, 0x000000008a600000|100%| O|  |TAMS 0x000000008a500000, 0x000000008a500000| Untracked 
| 166|0x000000008a600000, 0x000000008a700000, 0x000000008a700000|100%| O|  |TAMS 0x000000008a600000, 0x000000008a600000| Untracked 
| 167|0x000000008a700000, 0x000000008a800000, 0x000000008a800000|100%| O|  |TAMS 0x000000008a700000, 0x000000008a700000| Untracked 
| 168|0x000000008a800000, 0x000000008a900000, 0x000000008a900000|100%| O|  |TAMS 0x000000008a800000, 0x000000008a800000| Untracked 
| 169|0x000000008a900000, 0x000000008aa00000, 0x000000008aa00000|100%| O|  |TAMS 0x000000008a900000, 0x000000008a900000| Untracked 
| 170|0x000000008aa00000, 0x000000008ab00000, 0x000000008ab00000|100%| O|  |TAMS 0x000000008aa00000, 0x000000008aa00000| Untracked 
| 171|0x000000008ab00000, 0x000000008ac00000, 0x000000008ac00000|100%| O|  |TAMS 0x000000008ab00000, 0x000000008ab00000| Untracked 
| 172|0x000000008ac00000, 0x000000008ad00000, 0x000000008ad00000|100%| O|  |TAMS 0x000000008ac00000, 0x000000008ac00000| Untracked 
| 173|0x000000008ad00000, 0x000000008ae00000, 0x000000008ae00000|100%| O|  |TAMS 0x000000008ad00000, 0x000000008ad00000| Untracked 
| 174|0x000000008ae00000, 0x000000008af00000, 0x000000008af00000|100%| O|  |TAMS 0x000000008ae00000, 0x000000008ae00000| Untracked 
| 175|0x000000008af00000, 0x000000008b000000, 0x000000008b000000|100%| O|  |TAMS 0x000000008af00000, 0x000000008af00000| Untracked 
| 176|0x000000008b000000, 0x000000008b100000, 0x000000008b100000|100%| O|  |TAMS 0x000000008b000000, 0x000000008b000000| Untracked 
| 177|0x000000008b100000, 0x000000008b200000, 0x000000008b200000|100%| O|  |TAMS 0x000000008b100000, 0x000000008b100000| Untracked 
| 178|0x000000008b200000, 0x000000008b300000, 0x000000008b300000|100%| O|  |TAMS 0x000000008b200000, 0x000000008b200000| Untracked 
| 179|0x000000008b300000, 0x000000008b400000, 0x000000008b400000|100%| O|  |TAMS 0x000000008b300000, 0x000000008b300000| Untracked 
| 180|0x000000008b400000, 0x000000008b500000, 0x000000008b500000|100%| O|  |TAMS 0x000000008b400000, 0x000000008b400000| Untracked 
| 181|0x000000008b500000, 0x000000008b600000, 0x000000008b600000|100%|HS|  |TAMS 0x000000008b500000, 0x000000008b500000| Complete 
| 182|0x000000008b600000, 0x000000008b700000, 0x000000008b700000|100%|HC|  |TAMS 0x000000008b600000, 0x000000008b600000| Complete 
| 183|0x000000008b700000, 0x000000008b800000, 0x000000008b800000|100%| O|  |TAMS 0x000000008b700000, 0x000000008b700000| Untracked 
| 184|0x000000008b800000, 0x000000008b900000, 0x000000008b900000|100%| O|  |TAMS 0x000000008b800000, 0x000000008b800000| Untracked 
| 185|0x000000008b900000, 0x000000008ba00000, 0x000000008ba00000|100%| O|  |TAMS 0x000000008b900000, 0x000000008b900000| Untracked 
| 186|0x000000008ba00000, 0x000000008bb00000, 0x000000008bb00000|100%| O|  |TAMS 0x000000008ba00000, 0x000000008ba00000| Untracked 
| 187|0x000000008bb00000, 0x000000008bc00000, 0x000000008bc00000|100%| O|  |TAMS 0x000000008bb00000, 0x000000008bb00000| Untracked 
| 188|0x000000008bc00000, 0x000000008bd00000, 0x000000008bd00000|100%| O|  |TAMS 0x000000008bc00000, 0x000000008bc00000| Untracked 
| 189|0x000000008bd00000, 0x000000008be00000, 0x000000008be00000|100%| O|  |TAMS 0x000000008bd00000, 0x000000008bd00000| Untracked 
| 190|0x000000008be00000, 0x000000008bf00000, 0x000000008bf00000|100%| O|  |TAMS 0x000000008be00000, 0x000000008be00000| Untracked 
| 191|0x000000008bf00000, 0x000000008c000000, 0x000000008c000000|100%| O|  |TAMS 0x000000008bf00000, 0x000000008bf00000| Untracked 
| 192|0x000000008c000000, 0x000000008c100000, 0x000000008c100000|100%| O|  |TAMS 0x000000008c000000, 0x000000008c000000| Untracked 
| 193|0x000000008c100000, 0x000000008c200000, 0x000000008c200000|100%| O|  |TAMS 0x000000008c100000, 0x000000008c100000| Untracked 
| 194|0x000000008c200000, 0x000000008c300000, 0x000000008c300000|100%| O|  |TAMS 0x000000008c200000, 0x000000008c200000| Untracked 
| 195|0x000000008c300000, 0x000000008c400000, 0x000000008c400000|100%| O|  |TAMS 0x000000008c300000, 0x000000008c300000| Untracked 
| 196|0x000000008c400000, 0x000000008c500000, 0x000000008c500000|100%| O|  |TAMS 0x000000008c400000, 0x000000008c400000| Untracked 
| 197|0x000000008c500000, 0x000000008c600000, 0x000000008c600000|100%| O|  |TAMS 0x000000008c500000, 0x000000008c500000| Untracked 
| 198|0x000000008c600000, 0x000000008c700000, 0x000000008c700000|100%| O|  |TAMS 0x000000008c600000, 0x000000008c600000| Untracked 
| 199|0x000000008c700000, 0x000000008c800000, 0x000000008c800000|100%| O|  |TAMS 0x000000008c700000, 0x000000008c700000| Untracked 
| 200|0x000000008c800000, 0x000000008c900000, 0x000000008c900000|100%| O|  |TAMS 0x000000008c800000, 0x000000008c800000| Untracked 
| 201|0x000000008c900000, 0x000000008ca00000, 0x000000008ca00000|100%| O|  |TAMS 0x000000008c900000, 0x000000008c900000| Untracked 
| 202|0x000000008ca00000, 0x000000008cb00000, 0x000000008cb00000|100%| O|  |TAMS 0x000000008ca00000, 0x000000008ca00000| Untracked 
| 203|0x000000008cb00000, 0x000000008cc00000, 0x000000008cc00000|100%| O|  |TAMS 0x000000008cb00000, 0x000000008cb00000| Untracked 
| 204|0x000000008cc00000, 0x000000008cd00000, 0x000000008cd00000|100%| O|  |TAMS 0x000000008cc00000, 0x000000008cc00000| Untracked 
| 205|0x000000008cd00000, 0x000000008ce00000, 0x000000008ce00000|100%| O|  |TAMS 0x000000008cd00000, 0x000000008cd00000| Untracked 
| 206|0x000000008ce00000, 0x000000008cf00000, 0x000000008cf00000|100%| O|  |TAMS 0x000000008ce00000, 0x000000008ce00000| Untracked 
| 207|0x000000008cf00000, 0x000000008d000000, 0x000000008d000000|100%| O|  |TAMS 0x000000008cf00000, 0x000000008cf00000| Untracked 
| 208|0x000000008d000000, 0x000000008d100000, 0x000000008d100000|100%| O|  |TAMS 0x000000008d000000, 0x000000008d000000| Untracked 
| 209|0x000000008d100000, 0x000000008d200000, 0x000000008d200000|100%| O|  |TAMS 0x000000008d100000, 0x000000008d100000| Untracked 
| 210|0x000000008d200000, 0x000000008d300000, 0x000000008d300000|100%| O|  |TAMS 0x000000008d200000, 0x000000008d200000| Untracked 
| 211|0x000000008d300000, 0x000000008d400000, 0x000000008d400000|100%| O|  |TAMS 0x000000008d300000, 0x000000008d300000| Untracked 
| 212|0x000000008d400000, 0x000000008d500000, 0x000000008d500000|100%| O|  |TAMS 0x000000008d400000, 0x000000008d400000| Untracked 
| 213|0x000000008d500000, 0x000000008d600000, 0x000000008d600000|100%| O|  |TAMS 0x000000008d500000, 0x000000008d500000| Untracked 
| 214|0x000000008d600000, 0x000000008d700000, 0x000000008d700000|100%| O|  |TAMS 0x000000008d600000, 0x000000008d600000| Untracked 
| 215|0x000000008d700000, 0x000000008d800000, 0x000000008d800000|100%| O|  |TAMS 0x000000008d700000, 0x000000008d700000| Untracked 
| 216|0x000000008d800000, 0x000000008d900000, 0x000000008d900000|100%| O|  |TAMS 0x000000008d800000, 0x000000008d800000| Untracked 
| 217|0x000000008d900000, 0x000000008da00000, 0x000000008da00000|100%| O|  |TAMS 0x000000008d900000, 0x000000008d900000| Untracked 
| 218|0x000000008da00000, 0x000000008db00000, 0x000000008db00000|100%| O|  |TAMS 0x000000008da00000, 0x000000008da00000| Untracked 
| 219|0x000000008db00000, 0x000000008dc00000, 0x000000008dc00000|100%| O|  |TAMS 0x000000008db00000, 0x000000008db00000| Untracked 
| 220|0x000000008dc00000, 0x000000008dd00000, 0x000000008dd00000|100%| O|  |TAMS 0x000000008dc00000, 0x000000008dc00000| Untracked 
| 221|0x000000008dd00000, 0x000000008de00000, 0x000000008de00000|100%| O|  |TAMS 0x000000008dd00000, 0x000000008dd00000| Untracked 
| 222|0x000000008de00000, 0x000000008df00000, 0x000000008df00000|100%| O|  |TAMS 0x000000008de00000, 0x000000008de00000| Untracked 
| 223|0x000000008df00000, 0x000000008e000000, 0x000000008e000000|100%| O|  |TAMS 0x000000008df00000, 0x000000008df00000| Untracked 
| 224|0x000000008e000000, 0x000000008e100000, 0x000000008e100000|100%| O|  |TAMS 0x000000008e000000, 0x000000008e000000| Untracked 
| 225|0x000000008e100000, 0x000000008e200000, 0x000000008e200000|100%| O|  |TAMS 0x000000008e100000, 0x000000008e100000| Untracked 
| 226|0x000000008e200000, 0x000000008e300000, 0x000000008e300000|100%| O|  |TAMS 0x000000008e200000, 0x000000008e200000| Untracked 
| 227|0x000000008e300000, 0x000000008e400000, 0x000000008e400000|100%| O|  |TAMS 0x000000008e300000, 0x000000008e300000| Untracked 
| 228|0x000000008e400000, 0x000000008e500000, 0x000000008e500000|100%| O|  |TAMS 0x000000008e400000, 0x000000008e400000| Untracked 
| 229|0x000000008e500000, 0x000000008e600000, 0x000000008e600000|100%| O|  |TAMS 0x000000008e500000, 0x000000008e500000| Untracked 
| 230|0x000000008e600000, 0x000000008e700000, 0x000000008e700000|100%| O|  |TAMS 0x000000008e600000, 0x000000008e600000| Untracked 
| 231|0x000000008e700000, 0x000000008e800000, 0x000000008e800000|100%| O|  |TAMS 0x000000008e700000, 0x000000008e700000| Untracked 
| 232|0x000000008e800000, 0x000000008e900000, 0x000000008e900000|100%| O|  |TAMS 0x000000008e800000, 0x000000008e800000| Untracked 
| 233|0x000000008e900000, 0x000000008ea00000, 0x000000008ea00000|100%|HS|  |TAMS 0x000000008e900000, 0x000000008e900000| Complete 
| 234|0x000000008ea00000, 0x000000008eb00000, 0x000000008eb00000|100%|HS|  |TAMS 0x000000008ea00000, 0x000000008ea00000| Complete 
| 235|0x000000008eb00000, 0x000000008ec00000, 0x000000008ec00000|100%| O|  |TAMS 0x000000008eb00000, 0x000000008eb00000| Untracked 
| 236|0x000000008ec00000, 0x000000008ed00000, 0x000000008ed00000|100%| O|  |TAMS 0x000000008ec00000, 0x000000008ec00000| Untracked 
| 237|0x000000008ed00000, 0x000000008ee00000, 0x000000008ee00000|100%| O|  |TAMS 0x000000008ed00000, 0x000000008ed00000| Untracked 
| 238|0x000000008ee00000, 0x000000008ef00000, 0x000000008ef00000|100%| O|  |TAMS 0x000000008ee00000, 0x000000008ee00000| Untracked 
| 239|0x000000008ef00000, 0x000000008f000000, 0x000000008f000000|100%| O|  |TAMS 0x000000008ef00000, 0x000000008ef00000| Untracked 
| 240|0x000000008f000000, 0x000000008f100000, 0x000000008f100000|100%| O|  |TAMS 0x000000008f000000, 0x000000008f000000| Untracked 
| 241|0x000000008f100000, 0x000000008f200000, 0x000000008f200000|100%| O|  |TAMS 0x000000008f100000, 0x000000008f100000| Untracked 
| 242|0x000000008f200000, 0x000000008f300000, 0x000000008f300000|100%| O|  |TAMS 0x000000008f200000, 0x000000008f200000| Untracked 
| 243|0x000000008f300000, 0x000000008f400000, 0x000000008f400000|100%| O|  |TAMS 0x000000008f300000, 0x000000008f300000| Untracked 
| 244|0x000000008f400000, 0x000000008f500000, 0x000000008f500000|100%| O|  |TAMS 0x000000008f400000, 0x000000008f400000| Untracked 
| 245|0x000000008f500000, 0x000000008f600000, 0x000000008f600000|100%| O|  |TAMS 0x000000008f500000, 0x000000008f500000| Untracked 
| 246|0x000000008f600000, 0x000000008f700000, 0x000000008f700000|100%| O|  |TAMS 0x000000008f600000, 0x000000008f600000| Untracked 
| 247|0x000000008f700000, 0x000000008f800000, 0x000000008f800000|100%| O|  |TAMS 0x000000008f700000, 0x000000008f700000| Untracked 
| 248|0x000000008f800000, 0x000000008f900000, 0x000000008f900000|100%| O|  |TAMS 0x000000008f800000, 0x000000008f800000| Untracked 
| 249|0x000000008f900000, 0x000000008fa00000, 0x000000008fa00000|100%| O|  |TAMS 0x000000008f900000, 0x000000008f900000| Untracked 
| 250|0x000000008fa00000, 0x000000008fb00000, 0x000000008fb00000|100%| O|  |TAMS 0x000000008fa00000, 0x000000008fa00000| Untracked 
| 251|0x000000008fb00000, 0x000000008fc00000, 0x000000008fc00000|100%| O|  |TAMS 0x000000008fb00000, 0x000000008fb00000| Untracked 
| 252|0x000000008fc00000, 0x000000008fd00000, 0x000000008fd00000|100%| O|  |TAMS 0x000000008fc00000, 0x000000008fc00000| Untracked 
| 253|0x000000008fd00000, 0x000000008fe00000, 0x000000008fe00000|100%| O|  |TAMS 0x000000008fd00000, 0x000000008fd00000| Untracked 
| 254|0x000000008fe00000, 0x000000008ff00000, 0x000000008ff00000|100%| O|  |TAMS 0x000000008fe00000, 0x000000008fe00000| Untracked 
| 255|0x000000008ff00000, 0x0000000090000000, 0x0000000090000000|100%| O|  |TAMS 0x000000008ff00000, 0x000000008ff00000| Untracked 
| 256|0x0000000090000000, 0x0000000090100000, 0x0000000090100000|100%| O|  |TAMS 0x0000000090000000, 0x0000000090000000| Untracked 
| 257|0x0000000090100000, 0x0000000090200000, 0x0000000090200000|100%| O|  |TAMS 0x0000000090100000, 0x0000000090100000| Untracked 
| 258|0x0000000090200000, 0x0000000090300000, 0x0000000090300000|100%| O|  |TAMS 0x0000000090200000, 0x0000000090200000| Untracked 
| 259|0x0000000090300000, 0x0000000090400000, 0x0000000090400000|100%| O|  |TAMS 0x0000000090300000, 0x0000000090300000| Untracked 
| 260|0x0000000090400000, 0x0000000090500000, 0x0000000090500000|100%| O|  |TAMS 0x0000000090400000, 0x0000000090400000| Untracked 
| 261|0x0000000090500000, 0x0000000090600000, 0x0000000090600000|100%| O|  |TAMS 0x0000000090500000, 0x0000000090500000| Untracked 
| 262|0x0000000090600000, 0x0000000090700000, 0x0000000090700000|100%| O|  |TAMS 0x0000000090600000, 0x0000000090600000| Untracked 
| 263|0x0000000090700000, 0x0000000090800000, 0x0000000090800000|100%| O|  |TAMS 0x0000000090700000, 0x0000000090700000| Untracked 
| 264|0x0000000090800000, 0x0000000090900000, 0x0000000090900000|100%| O|  |TAMS 0x0000000090800000, 0x0000000090800000| Untracked 
| 265|0x0000000090900000, 0x0000000090a00000, 0x0000000090a00000|100%| O|  |TAMS 0x0000000090900000, 0x0000000090900000| Untracked 
| 266|0x0000000090a00000, 0x0000000090b00000, 0x0000000090b00000|100%| O|  |TAMS 0x0000000090a00000, 0x0000000090a00000| Untracked 
| 267|0x0000000090b00000, 0x0000000090c00000, 0x0000000090c00000|100%| O|  |TAMS 0x0000000090b00000, 0x0000000090b00000| Untracked 
| 268|0x0000000090c00000, 0x0000000090d00000, 0x0000000090d00000|100%| O|  |TAMS 0x0000000090c00000, 0x0000000090c00000| Untracked 
| 269|0x0000000090d00000, 0x0000000090e00000, 0x0000000090e00000|100%| O|  |TAMS 0x0000000090d00000, 0x0000000090d00000| Untracked 
| 270|0x0000000090e00000, 0x0000000090f00000, 0x0000000090f00000|100%| O|  |TAMS 0x0000000090e00000, 0x0000000090e00000| Untracked 
| 271|0x0000000090f00000, 0x0000000091000000, 0x0000000091000000|100%| O|  |TAMS 0x0000000090f00000, 0x0000000090f00000| Untracked 
| 272|0x0000000091000000, 0x0000000091100000, 0x0000000091100000|100%| O|  |TAMS 0x0000000091000000, 0x0000000091000000| Untracked 
| 273|0x0000000091100000, 0x0000000091200000, 0x0000000091200000|100%| O|  |TAMS 0x0000000091100000, 0x0000000091100000| Untracked 
| 274|0x0000000091200000, 0x0000000091300000, 0x0000000091300000|100%| O|  |TAMS 0x0000000091200000, 0x0000000091200000| Untracked 
| 275|0x0000000091300000, 0x0000000091400000, 0x0000000091400000|100%| O|  |TAMS 0x0000000091300000, 0x0000000091300000| Untracked 
| 276|0x0000000091400000, 0x0000000091500000, 0x0000000091500000|100%| O|  |TAMS 0x0000000091400000, 0x0000000091400000| Untracked 
| 277|0x0000000091500000, 0x0000000091600000, 0x0000000091600000|100%| O|  |TAMS 0x0000000091500000, 0x0000000091500000| Untracked 
| 278|0x0000000091600000, 0x0000000091700000, 0x0000000091700000|100%| O|  |TAMS 0x0000000091600000, 0x0000000091600000| Untracked 
| 279|0x0000000091700000, 0x0000000091800000, 0x0000000091800000|100%| O|  |TAMS 0x0000000091700000, 0x0000000091700000| Untracked 
| 280|0x0000000091800000, 0x0000000091900000, 0x0000000091900000|100%| O|  |TAMS 0x0000000091800000, 0x0000000091800000| Untracked 
| 281|0x0000000091900000, 0x0000000091a00000, 0x0000000091a00000|100%| O|  |TAMS 0x0000000091900000, 0x0000000091900000| Untracked 
| 282|0x0000000091a00000, 0x0000000091b00000, 0x0000000091b00000|100%| O|  |TAMS 0x0000000091a00000, 0x0000000091a00000| Untracked 
| 283|0x0000000091b00000, 0x0000000091c00000, 0x0000000091c00000|100%| O|  |TAMS 0x0000000091b00000, 0x0000000091b00000| Untracked 
| 284|0x0000000091c00000, 0x0000000091d00000, 0x0000000091d00000|100%| O|  |TAMS 0x0000000091c00000, 0x0000000091c00000| Untracked 
| 285|0x0000000091d00000, 0x0000000091e00000, 0x0000000091e00000|100%| O|  |TAMS 0x0000000091d00000, 0x0000000091d00000| Untracked 
| 286|0x0000000091e00000, 0x0000000091f00000, 0x0000000091f00000|100%| O|  |TAMS 0x0000000091e00000, 0x0000000091e00000| Untracked 
| 287|0x0000000091f00000, 0x0000000092000000, 0x0000000092000000|100%| O|  |TAMS 0x0000000091f00000, 0x0000000091f00000| Untracked 
| 288|0x0000000092000000, 0x0000000092100000, 0x0000000092100000|100%| O|  |TAMS 0x0000000092000000, 0x0000000092000000| Untracked 
| 289|0x0000000092100000, 0x0000000092200000, 0x0000000092200000|100%| O|  |TAMS 0x0000000092100000, 0x0000000092100000| Untracked 
| 290|0x0000000092200000, 0x0000000092300000, 0x0000000092300000|100%| O|  |TAMS 0x0000000092200000, 0x0000000092200000| Untracked 
| 291|0x0000000092300000, 0x0000000092400000, 0x0000000092400000|100%| O|  |TAMS 0x0000000092300000, 0x0000000092300000| Untracked 
| 292|0x0000000092400000, 0x0000000092500000, 0x0000000092500000|100%| O|  |TAMS 0x0000000092400000, 0x0000000092400000| Untracked 
| 293|0x0000000092500000, 0x0000000092600000, 0x0000000092600000|100%| O|  |TAMS 0x0000000092500000, 0x0000000092500000| Untracked 
| 294|0x0000000092600000, 0x0000000092700000, 0x0000000092700000|100%| O|  |TAMS 0x0000000092600000, 0x0000000092600000| Untracked 
| 295|0x0000000092700000, 0x0000000092800000, 0x0000000092800000|100%| O|  |TAMS 0x0000000092700000, 0x0000000092700000| Untracked 
| 296|0x0000000092800000, 0x0000000092900000, 0x0000000092900000|100%| O|  |TAMS 0x0000000092800000, 0x0000000092800000| Untracked 
| 297|0x0000000092900000, 0x0000000092a00000, 0x0000000092a00000|100%| O|  |TAMS 0x0000000092900000, 0x0000000092900000| Untracked 
| 298|0x0000000092a00000, 0x0000000092b00000, 0x0000000092b00000|100%| O|  |TAMS 0x0000000092a00000, 0x0000000092a00000| Untracked 
| 299|0x0000000092b00000, 0x0000000092c00000, 0x0000000092c00000|100%| O|  |TAMS 0x0000000092b00000, 0x0000000092b00000| Untracked 
| 300|0x0000000092c00000, 0x0000000092d00000, 0x0000000092d00000|100%| O|  |TAMS 0x0000000092c00000, 0x0000000092c00000| Untracked 
| 301|0x0000000092d00000, 0x0000000092e00000, 0x0000000092e00000|100%| O|  |TAMS 0x0000000092d00000, 0x0000000092d00000| Untracked 
| 302|0x0000000092e00000, 0x0000000092f00000, 0x0000000092f00000|100%| O|  |TAMS 0x0000000092e00000, 0x0000000092e00000| Untracked 
| 303|0x0000000092f00000, 0x0000000093000000, 0x0000000093000000|100%| O|  |TAMS 0x0000000092f00000, 0x0000000092f00000| Untracked 
| 304|0x0000000093000000, 0x0000000093100000, 0x0000000093100000|100%| O|  |TAMS 0x0000000093000000, 0x0000000093000000| Untracked 
| 305|0x0000000093100000, 0x0000000093200000, 0x0000000093200000|100%| O|  |TAMS 0x0000000093100000, 0x0000000093100000| Untracked 
| 306|0x0000000093200000, 0x0000000093300000, 0x0000000093300000|100%| O|  |TAMS 0x0000000093200000, 0x0000000093200000| Untracked 
| 307|0x0000000093300000, 0x0000000093400000, 0x0000000093400000|100%| O|  |TAMS 0x0000000093300000, 0x0000000093300000| Untracked 
| 308|0x0000000093400000, 0x0000000093500000, 0x0000000093500000|100%| O|  |TAMS 0x0000000093400000, 0x0000000093400000| Untracked 
| 309|0x0000000093500000, 0x0000000093600000, 0x0000000093600000|100%| O|  |TAMS 0x0000000093500000, 0x0000000093500000| Untracked 
| 310|0x0000000093600000, 0x0000000093700000, 0x0000000093700000|100%| O|  |TAMS 0x0000000093600000, 0x0000000093600000| Untracked 
| 311|0x0000000093700000, 0x0000000093800000, 0x0000000093800000|100%| O|  |TAMS 0x0000000093700000, 0x0000000093700000| Untracked 
| 312|0x0000000093800000, 0x0000000093900000, 0x0000000093900000|100%| O|  |TAMS 0x0000000093800000, 0x0000000093800000| Untracked 
| 313|0x0000000093900000, 0x0000000093a00000, 0x0000000093a00000|100%| O|  |TAMS 0x0000000093900000, 0x0000000093900000| Untracked 
| 314|0x0000000093a00000, 0x0000000093b00000, 0x0000000093b00000|100%| O|  |TAMS 0x0000000093a00000, 0x0000000093a00000| Untracked 
| 315|0x0000000093b00000, 0x0000000093c00000, 0x0000000093c00000|100%| O|  |TAMS 0x0000000093b00000, 0x0000000093b00000| Untracked 
| 316|0x0000000093c00000, 0x0000000093d00000, 0x0000000093d00000|100%| O|  |TAMS 0x0000000093c00000, 0x0000000093c00000| Untracked 
| 317|0x0000000093d00000, 0x0000000093e00000, 0x0000000093e00000|100%| O|  |TAMS 0x0000000093d00000, 0x0000000093d00000| Untracked 
| 318|0x0000000093e00000, 0x0000000093f00000, 0x0000000093f00000|100%|HS|  |TAMS 0x0000000093e00000, 0x0000000093e00000| Complete 
| 319|0x0000000093f00000, 0x0000000094000000, 0x0000000094000000|100%| O|  |TAMS 0x0000000093f00000, 0x0000000093f00000| Untracked 
| 320|0x0000000094000000, 0x0000000094100000, 0x0000000094100000|100%| O|  |TAMS 0x0000000094000000, 0x0000000094000000| Untracked 
| 321|0x0000000094100000, 0x0000000094200000, 0x0000000094200000|100%| O|  |TAMS 0x0000000094100000, 0x0000000094100000| Untracked 
| 322|0x0000000094200000, 0x0000000094300000, 0x0000000094300000|100%| O|  |TAMS 0x0000000094200000, 0x0000000094200000| Untracked 
| 323|0x0000000094300000, 0x0000000094400000, 0x0000000094400000|100%| O|  |TAMS 0x0000000094300000, 0x0000000094300000| Untracked 
| 324|0x0000000094400000, 0x0000000094500000, 0x0000000094500000|100%| O|  |TAMS 0x0000000094400000, 0x0000000094400000| Untracked 
| 325|0x0000000094500000, 0x0000000094600000, 0x0000000094600000|100%| O|  |TAMS 0x0000000094500000, 0x0000000094500000| Untracked 
| 326|0x0000000094600000, 0x0000000094700000, 0x0000000094700000|100%| O|  |TAMS 0x0000000094600000, 0x0000000094600000| Untracked 
| 327|0x0000000094700000, 0x0000000094800000, 0x0000000094800000|100%| O|  |TAMS 0x0000000094700000, 0x0000000094700000| Untracked 
| 328|0x0000000094800000, 0x0000000094900000, 0x0000000094900000|100%| O|  |TAMS 0x0000000094800000, 0x0000000094800000| Untracked 
| 329|0x0000000094900000, 0x0000000094a00000, 0x0000000094a00000|100%| O|  |TAMS 0x0000000094900000, 0x0000000094900000| Untracked 
| 330|0x0000000094a00000, 0x0000000094b00000, 0x0000000094b00000|100%| O|  |TAMS 0x0000000094a00000, 0x0000000094a00000| Untracked 
| 331|0x0000000094b00000, 0x0000000094c00000, 0x0000000094c00000|100%| O|  |TAMS 0x0000000094b00000, 0x0000000094b00000| Untracked 
| 332|0x0000000094c00000, 0x0000000094d00000, 0x0000000094d00000|100%| O|  |TAMS 0x0000000094c00000, 0x0000000094c00000| Untracked 
| 333|0x0000000094d00000, 0x0000000094de6e00, 0x0000000094e00000| 90%| O|  |TAMS 0x0000000094d00000, 0x0000000094d00000| Untracked 
| 334|0x0000000094e00000, 0x0000000094f00000, 0x0000000094f00000|100%|HS|  |TAMS 0x0000000094e00000, 0x0000000094e00000| Complete 
| 335|0x0000000094f00000, 0x0000000094f00000, 0x0000000095000000|  0%| F|  |TAMS 0x0000000094f00000, 0x0000000094f00000| Untracked 
| 336|0x0000000095000000, 0x0000000095000000, 0x0000000095100000|  0%| F|  |TAMS 0x0000000095000000, 0x0000000095000000| Untracked 
| 337|0x0000000095100000, 0x0000000095100000, 0x0000000095200000|  0%| F|  |TAMS 0x0000000095100000, 0x0000000095100000| Untracked 
| 338|0x0000000095200000, 0x0000000095200000, 0x0000000095300000|  0%| F|  |TAMS 0x0000000095200000, 0x0000000095200000| Untracked 
| 339|0x0000000095300000, 0x0000000095300000, 0x0000000095400000|  0%| F|  |TAMS 0x0000000095300000, 0x0000000095300000| Untracked 
| 340|0x0000000095400000, 0x0000000095400000, 0x0000000095500000|  0%| F|  |TAMS 0x0000000095400000, 0x0000000095400000| Untracked 
| 341|0x0000000095500000, 0x0000000095500000, 0x0000000095600000|  0%| F|  |TAMS 0x0000000095500000, 0x0000000095500000| Untracked 
| 342|0x0000000095600000, 0x0000000095600000, 0x0000000095700000|  0%| F|  |TAMS 0x0000000095600000, 0x0000000095600000| Untracked 
| 343|0x0000000095700000, 0x0000000095700000, 0x0000000095800000|  0%| F|  |TAMS 0x0000000095700000, 0x0000000095700000| Untracked 
| 344|0x0000000095800000, 0x0000000095800000, 0x0000000095900000|  0%| F|  |TAMS 0x0000000095800000, 0x0000000095800000| Untracked 
| 345|0x0000000095900000, 0x0000000095900000, 0x0000000095a00000|  0%| F|  |TAMS 0x0000000095900000, 0x0000000095900000| Untracked 
| 346|0x0000000095a00000, 0x0000000095a00000, 0x0000000095b00000|  0%| F|  |TAMS 0x0000000095a00000, 0x0000000095a00000| Untracked 
| 347|0x0000000095b00000, 0x0000000095b00000, 0x0000000095c00000|  0%| F|  |TAMS 0x0000000095b00000, 0x0000000095b00000| Untracked 
| 348|0x0000000095c00000, 0x0000000095c00000, 0x0000000095d00000|  0%| F|  |TAMS 0x0000000095c00000, 0x0000000095c00000| Untracked 
| 349|0x0000000095d00000, 0x0000000095d00000, 0x0000000095e00000|  0%| F|  |TAMS 0x0000000095d00000, 0x0000000095d00000| Untracked 
| 350|0x0000000095e00000, 0x0000000095e00000, 0x0000000095f00000|  0%| F|  |TAMS 0x0000000095e00000, 0x0000000095e00000| Untracked 
| 351|0x0000000095f00000, 0x0000000095f00000, 0x0000000096000000|  0%| F|  |TAMS 0x0000000095f00000, 0x0000000095f00000| Untracked 
| 352|0x0000000096000000, 0x0000000096000000, 0x0000000096100000|  0%| F|  |TAMS 0x0000000096000000, 0x0000000096000000| Untracked 
| 353|0x0000000096100000, 0x0000000096100000, 0x0000000096200000|  0%| F|  |TAMS 0x0000000096100000, 0x0000000096100000| Untracked 
| 354|0x0000000096200000, 0x0000000096200000, 0x0000000096300000|  0%| F|  |TAMS 0x0000000096200000, 0x0000000096200000| Untracked 
| 355|0x0000000096300000, 0x0000000096300000, 0x0000000096400000|  0%| F|  |TAMS 0x0000000096300000, 0x0000000096300000| Untracked 
| 356|0x0000000096400000, 0x0000000096400000, 0x0000000096500000|  0%| F|  |TAMS 0x0000000096400000, 0x0000000096400000| Untracked 
| 357|0x0000000096500000, 0x0000000096500000, 0x0000000096600000|  0%| F|  |TAMS 0x0000000096500000, 0x0000000096500000| Untracked 
| 358|0x0000000096600000, 0x0000000096600000, 0x0000000096700000|  0%| F|  |TAMS 0x0000000096600000, 0x0000000096600000| Untracked 
| 359|0x0000000096700000, 0x0000000096700000, 0x0000000096800000|  0%| F|  |TAMS 0x0000000096700000, 0x0000000096700000| Untracked 
| 360|0x0000000096800000, 0x0000000096800000, 0x0000000096900000|  0%| F|  |TAMS 0x0000000096800000, 0x0000000096800000| Untracked 
| 361|0x0000000096900000, 0x0000000096900000, 0x0000000096a00000|  0%| F|  |TAMS 0x0000000096900000, 0x0000000096900000| Untracked 
| 362|0x0000000096a00000, 0x0000000096a00000, 0x0000000096b00000|  0%| F|  |TAMS 0x0000000096a00000, 0x0000000096a00000| Untracked 
| 363|0x0000000096b00000, 0x0000000096b00000, 0x0000000096c00000|  0%| F|  |TAMS 0x0000000096b00000, 0x0000000096b00000| Untracked 
| 364|0x0000000096c00000, 0x0000000096c00000, 0x0000000096d00000|  0%| F|  |TAMS 0x0000000096c00000, 0x0000000096c00000| Untracked 
| 365|0x0000000096d00000, 0x0000000096d00000, 0x0000000096e00000|  0%| F|  |TAMS 0x0000000096d00000, 0x0000000096d00000| Untracked 
| 366|0x0000000096e00000, 0x0000000096e00000, 0x0000000096f00000|  0%| F|  |TAMS 0x0000000096e00000, 0x0000000096e00000| Untracked 
| 367|0x0000000096f00000, 0x0000000096f00000, 0x0000000097000000|  0%| F|  |TAMS 0x0000000096f00000, 0x0000000096f00000| Untracked 
| 368|0x0000000097000000, 0x0000000097000000, 0x0000000097100000|  0%| F|  |TAMS 0x0000000097000000, 0x0000000097000000| Untracked 
| 369|0x0000000097100000, 0x0000000097100000, 0x0000000097200000|  0%| F|  |TAMS 0x0000000097100000, 0x0000000097100000| Untracked 
| 370|0x0000000097200000, 0x0000000097200000, 0x0000000097300000|  0%| F|  |TAMS 0x0000000097200000, 0x0000000097200000| Untracked 
| 371|0x0000000097300000, 0x0000000097300000, 0x0000000097400000|  0%| F|  |TAMS 0x0000000097300000, 0x0000000097300000| Untracked 
| 372|0x0000000097400000, 0x0000000097400000, 0x0000000097500000|  0%| F|  |TAMS 0x0000000097400000, 0x0000000097400000| Untracked 
| 373|0x0000000097500000, 0x0000000097500000, 0x0000000097600000|  0%| F|  |TAMS 0x0000000097500000, 0x0000000097500000| Untracked 
| 374|0x0000000097600000, 0x0000000097600000, 0x0000000097700000|  0%| F|  |TAMS 0x0000000097600000, 0x0000000097600000| Untracked 
| 375|0x0000000097700000, 0x0000000097700000, 0x0000000097800000|  0%| F|  |TAMS 0x0000000097700000, 0x0000000097700000| Untracked 
| 376|0x0000000097800000, 0x0000000097800000, 0x0000000097900000|  0%| F|  |TAMS 0x0000000097800000, 0x0000000097800000| Untracked 
| 377|0x0000000097900000, 0x0000000097900000, 0x0000000097a00000|  0%| F|  |TAMS 0x0000000097900000, 0x0000000097900000| Untracked 
| 378|0x0000000097a00000, 0x0000000097a00000, 0x0000000097b00000|  0%| F|  |TAMS 0x0000000097a00000, 0x0000000097a00000| Untracked 
| 379|0x0000000097b00000, 0x0000000097b00000, 0x0000000097c00000|  0%| F|  |TAMS 0x0000000097b00000, 0x0000000097b00000| Untracked 
| 380|0x0000000097c00000, 0x0000000097c00000, 0x0000000097d00000|  0%| F|  |TAMS 0x0000000097c00000, 0x0000000097c00000| Untracked 
| 381|0x0000000097d00000, 0x0000000097d00000, 0x0000000097e00000|  0%| F|  |TAMS 0x0000000097d00000, 0x0000000097d00000| Untracked 
| 382|0x0000000097e00000, 0x0000000097e00000, 0x0000000097f00000|  0%| F|  |TAMS 0x0000000097e00000, 0x0000000097e00000| Untracked 
| 383|0x0000000097f00000, 0x0000000097f00000, 0x0000000098000000|  0%| F|  |TAMS 0x0000000097f00000, 0x0000000097f00000| Untracked 
| 384|0x0000000098000000, 0x0000000098000000, 0x0000000098100000|  0%| F|  |TAMS 0x0000000098000000, 0x0000000098000000| Untracked 
| 385|0x0000000098100000, 0x0000000098100000, 0x0000000098200000|  0%| F|  |TAMS 0x0000000098100000, 0x0000000098100000| Untracked 
| 386|0x0000000098200000, 0x0000000098200000, 0x0000000098300000|  0%| F|  |TAMS 0x0000000098200000, 0x0000000098200000| Untracked 
| 387|0x0000000098300000, 0x0000000098300000, 0x0000000098400000|  0%| F|  |TAMS 0x0000000098300000, 0x0000000098300000| Untracked 
| 388|0x0000000098400000, 0x0000000098400000, 0x0000000098500000|  0%| F|  |TAMS 0x0000000098400000, 0x0000000098400000| Untracked 
| 389|0x0000000098500000, 0x0000000098500000, 0x0000000098600000|  0%| F|  |TAMS 0x0000000098500000, 0x0000000098500000| Untracked 
| 390|0x0000000098600000, 0x0000000098600000, 0x0000000098700000|  0%| F|  |TAMS 0x0000000098600000, 0x0000000098600000| Untracked 
| 391|0x0000000098700000, 0x0000000098700000, 0x0000000098800000|  0%| F|  |TAMS 0x0000000098700000, 0x0000000098700000| Untracked 
| 392|0x0000000098800000, 0x0000000098800000, 0x0000000098900000|  0%| F|  |TAMS 0x0000000098800000, 0x0000000098800000| Untracked 
| 393|0x0000000098900000, 0x0000000098900000, 0x0000000098a00000|  0%| F|  |TAMS 0x0000000098900000, 0x0000000098900000| Untracked 
| 394|0x0000000098a00000, 0x0000000098a00000, 0x0000000098b00000|  0%| F|  |TAMS 0x0000000098a00000, 0x0000000098a00000| Untracked 
| 395|0x0000000098b00000, 0x0000000098b00000, 0x0000000098c00000|  0%| F|  |TAMS 0x0000000098b00000, 0x0000000098b00000| Untracked 
| 396|0x0000000098c00000, 0x0000000098c00000, 0x0000000098d00000|  0%| F|  |TAMS 0x0000000098c00000, 0x0000000098c00000| Untracked 
| 397|0x0000000098d00000, 0x0000000098d00000, 0x0000000098e00000|  0%| F|  |TAMS 0x0000000098d00000, 0x0000000098d00000| Untracked 
| 398|0x0000000098e00000, 0x0000000098e00000, 0x0000000098f00000|  0%| F|  |TAMS 0x0000000098e00000, 0x0000000098e00000| Untracked 
| 399|0x0000000098f00000, 0x0000000098f00000, 0x0000000099000000|  0%| F|  |TAMS 0x0000000098f00000, 0x0000000098f00000| Untracked 
| 400|0x0000000099000000, 0x0000000099000000, 0x0000000099100000|  0%| F|  |TAMS 0x0000000099000000, 0x0000000099000000| Untracked 
| 401|0x0000000099100000, 0x0000000099100000, 0x0000000099200000|  0%| F|  |TAMS 0x0000000099100000, 0x0000000099100000| Untracked 
| 402|0x0000000099200000, 0x0000000099200000, 0x0000000099300000|  0%| F|  |TAMS 0x0000000099200000, 0x0000000099200000| Untracked 
| 403|0x0000000099300000, 0x0000000099300000, 0x0000000099400000|  0%| F|  |TAMS 0x0000000099300000, 0x0000000099300000| Untracked 
| 404|0x0000000099400000, 0x0000000099400000, 0x0000000099500000|  0%| F|  |TAMS 0x0000000099400000, 0x0000000099400000| Untracked 
| 405|0x0000000099500000, 0x0000000099500000, 0x0000000099600000|  0%| F|  |TAMS 0x0000000099500000, 0x0000000099500000| Untracked 
| 406|0x0000000099600000, 0x0000000099600000, 0x0000000099700000|  0%| F|  |TAMS 0x0000000099600000, 0x0000000099600000| Untracked 
| 407|0x0000000099700000, 0x0000000099700000, 0x0000000099800000|  0%| F|  |TAMS 0x0000000099700000, 0x0000000099700000| Untracked 
| 408|0x0000000099800000, 0x0000000099800000, 0x0000000099900000|  0%| F|  |TAMS 0x0000000099800000, 0x0000000099800000| Untracked 
| 409|0x0000000099900000, 0x0000000099900000, 0x0000000099a00000|  0%| F|  |TAMS 0x0000000099900000, 0x0000000099900000| Untracked 
| 410|0x0000000099a00000, 0x0000000099a00000, 0x0000000099b00000|  0%| F|  |TAMS 0x0000000099a00000, 0x0000000099a00000| Untracked 
| 411|0x0000000099b00000, 0x0000000099b00000, 0x0000000099c00000|  0%| F|  |TAMS 0x0000000099b00000, 0x0000000099b00000| Untracked 
| 412|0x0000000099c00000, 0x0000000099c00000, 0x0000000099d00000|  0%| F|  |TAMS 0x0000000099c00000, 0x0000000099c00000| Untracked 
| 413|0x0000000099d00000, 0x0000000099d00000, 0x0000000099e00000|  0%| F|  |TAMS 0x0000000099d00000, 0x0000000099d00000| Untracked 
| 414|0x0000000099e00000, 0x0000000099e00000, 0x0000000099f00000|  0%| F|  |TAMS 0x0000000099e00000, 0x0000000099e00000| Untracked 
| 415|0x0000000099f00000, 0x0000000099f00000, 0x000000009a000000|  0%| F|  |TAMS 0x0000000099f00000, 0x0000000099f00000| Untracked 
| 416|0x000000009a000000, 0x000000009a000000, 0x000000009a100000|  0%| F|  |TAMS 0x000000009a000000, 0x000000009a000000| Untracked 
| 417|0x000000009a100000, 0x000000009a100000, 0x000000009a200000|  0%| F|  |TAMS 0x000000009a100000, 0x000000009a100000| Untracked 
| 418|0x000000009a200000, 0x000000009a200000, 0x000000009a300000|  0%| F|  |TAMS 0x000000009a200000, 0x000000009a200000| Untracked 
| 419|0x000000009a300000, 0x000000009a300000, 0x000000009a400000|  0%| F|  |TAMS 0x000000009a300000, 0x000000009a300000| Untracked 
| 420|0x000000009a400000, 0x000000009a400000, 0x000000009a500000|  0%| F|  |TAMS 0x000000009a400000, 0x000000009a400000| Untracked 
| 421|0x000000009a500000, 0x000000009a500000, 0x000000009a600000|  0%| F|  |TAMS 0x000000009a500000, 0x000000009a500000| Untracked 
| 422|0x000000009a600000, 0x000000009a600000, 0x000000009a700000|  0%| F|  |TAMS 0x000000009a600000, 0x000000009a600000| Untracked 
| 423|0x000000009a700000, 0x000000009a700000, 0x000000009a800000|  0%| F|  |TAMS 0x000000009a700000, 0x000000009a700000| Untracked 
| 424|0x000000009a800000, 0x000000009a800000, 0x000000009a900000|  0%| F|  |TAMS 0x000000009a800000, 0x000000009a800000| Untracked 
| 425|0x000000009a900000, 0x000000009a900000, 0x000000009aa00000|  0%| F|  |TAMS 0x000000009a900000, 0x000000009a900000| Untracked 
| 426|0x000000009aa00000, 0x000000009aa00000, 0x000000009ab00000|  0%| F|  |TAMS 0x000000009aa00000, 0x000000009aa00000| Untracked 
| 427|0x000000009ab00000, 0x000000009ab00000, 0x000000009ac00000|  0%| F|  |TAMS 0x000000009ab00000, 0x000000009ab00000| Untracked 
| 428|0x000000009ac00000, 0x000000009ac00000, 0x000000009ad00000|  0%| F|  |TAMS 0x000000009ac00000, 0x000000009ac00000| Untracked 
| 429|0x000000009ad00000, 0x000000009ad00000, 0x000000009ae00000|  0%| F|  |TAMS 0x000000009ad00000, 0x000000009ad00000| Untracked 
| 430|0x000000009ae00000, 0x000000009ae00000, 0x000000009af00000|  0%| F|  |TAMS 0x000000009ae00000, 0x000000009ae00000| Untracked 
| 431|0x000000009af00000, 0x000000009af00000, 0x000000009b000000|  0%| F|  |TAMS 0x000000009af00000, 0x000000009af00000| Untracked 
| 432|0x000000009b000000, 0x000000009b000000, 0x000000009b100000|  0%| F|  |TAMS 0x000000009b000000, 0x000000009b000000| Untracked 
| 433|0x000000009b100000, 0x000000009b100000, 0x000000009b200000|  0%| F|  |TAMS 0x000000009b100000, 0x000000009b100000| Untracked 
| 434|0x000000009b200000, 0x000000009b200000, 0x000000009b300000|  0%| F|  |TAMS 0x000000009b200000, 0x000000009b200000| Untracked 
| 435|0x000000009b300000, 0x000000009b300000, 0x000000009b400000|  0%| F|  |TAMS 0x000000009b300000, 0x000000009b300000| Untracked 
| 436|0x000000009b400000, 0x000000009b400000, 0x000000009b500000|  0%| F|  |TAMS 0x000000009b400000, 0x000000009b400000| Untracked 
| 437|0x000000009b500000, 0x000000009b500000, 0x000000009b600000|  0%| F|  |TAMS 0x000000009b500000, 0x000000009b500000| Untracked 
| 438|0x000000009b600000, 0x000000009b600000, 0x000000009b700000|  0%| F|  |TAMS 0x000000009b600000, 0x000000009b600000| Untracked 
| 439|0x000000009b700000, 0x000000009b700000, 0x000000009b800000|  0%| F|  |TAMS 0x000000009b700000, 0x000000009b700000| Untracked 
| 440|0x000000009b800000, 0x000000009b800000, 0x000000009b900000|  0%| F|  |TAMS 0x000000009b800000, 0x000000009b800000| Untracked 
| 441|0x000000009b900000, 0x000000009b900000, 0x000000009ba00000|  0%| F|  |TAMS 0x000000009b900000, 0x000000009b900000| Untracked 
| 442|0x000000009ba00000, 0x000000009ba00000, 0x000000009bb00000|  0%| F|  |TAMS 0x000000009ba00000, 0x000000009ba00000| Untracked 
| 443|0x000000009bb00000, 0x000000009bb00000, 0x000000009bc00000|  0%| F|  |TAMS 0x000000009bb00000, 0x000000009bb00000| Untracked 
| 444|0x000000009bc00000, 0x000000009bc00000, 0x000000009bd00000|  0%| F|  |TAMS 0x000000009bc00000, 0x000000009bc00000| Untracked 
| 445|0x000000009bd00000, 0x000000009bd00000, 0x000000009be00000|  0%| F|  |TAMS 0x000000009bd00000, 0x000000009bd00000| Untracked 
| 446|0x000000009be00000, 0x000000009be00000, 0x000000009bf00000|  0%| F|  |TAMS 0x000000009be00000, 0x000000009be00000| Untracked 
| 447|0x000000009bf00000, 0x000000009c000000, 0x000000009c000000|100%| S|CS|TAMS 0x000000009bf00000, 0x000000009bf00000| Complete 
| 448|0x000000009c000000, 0x000000009c100000, 0x000000009c100000|100%| S|CS|TAMS 0x000000009c000000, 0x000000009c000000| Complete 
| 449|0x000000009c100000, 0x000000009c200000, 0x000000009c200000|100%| S|CS|TAMS 0x000000009c100000, 0x000000009c100000| Complete 
| 450|0x000000009c200000, 0x000000009c300000, 0x000000009c300000|100%| S|CS|TAMS 0x000000009c200000, 0x000000009c200000| Complete 
| 451|0x000000009c300000, 0x000000009c400000, 0x000000009c400000|100%| S|CS|TAMS 0x000000009c300000, 0x000000009c300000| Complete 
| 452|0x000000009c400000, 0x000000009c500000, 0x000000009c500000|100%| S|CS|TAMS 0x000000009c400000, 0x000000009c400000| Complete 
| 453|0x000000009c500000, 0x000000009c600000, 0x000000009c600000|100%| S|CS|TAMS 0x000000009c500000, 0x000000009c500000| Complete 
| 454|0x000000009c600000, 0x000000009c700000, 0x000000009c700000|100%| S|CS|TAMS 0x000000009c600000, 0x000000009c600000| Complete 
| 455|0x000000009c700000, 0x000000009c800000, 0x000000009c800000|100%| S|CS|TAMS 0x000000009c700000, 0x000000009c700000| Complete 
| 456|0x000000009c800000, 0x000000009c800000, 0x000000009c900000|  0%| F|  |TAMS 0x000000009c800000, 0x000000009c800000| Untracked 
| 457|0x000000009c900000, 0x000000009c900000, 0x000000009ca00000|  0%| F|  |TAMS 0x000000009c900000, 0x000000009c900000| Untracked 
| 458|0x000000009ca00000, 0x000000009ca00000, 0x000000009cb00000|  0%| F|  |TAMS 0x000000009ca00000, 0x000000009ca00000| Untracked 
| 459|0x000000009cb00000, 0x000000009cb00000, 0x000000009cc00000|  0%| F|  |TAMS 0x000000009cb00000, 0x000000009cb00000| Untracked 
| 460|0x000000009cc00000, 0x000000009cc00000, 0x000000009cd00000|  0%| F|  |TAMS 0x000000009cc00000, 0x000000009cc00000| Untracked 
| 461|0x000000009cd00000, 0x000000009cdc9880, 0x000000009ce00000| 78%| E|  |TAMS 0x000000009cd00000, 0x000000009cd00000| Complete 
| 462|0x000000009ce00000, 0x000000009cf00000, 0x000000009cf00000|100%| E|CS|TAMS 0x000000009ce00000, 0x000000009ce00000| Complete 
| 463|0x000000009cf00000, 0x000000009d000000, 0x000000009d000000|100%| E|CS|TAMS 0x000000009cf00000, 0x000000009cf00000| Complete 
| 464|0x000000009d000000, 0x000000009d100000, 0x000000009d100000|100%| E|CS|TAMS 0x000000009d000000, 0x000000009d000000| Complete 
| 465|0x000000009d100000, 0x000000009d200000, 0x000000009d200000|100%| E|CS|TAMS 0x000000009d100000, 0x000000009d100000| Complete 
| 466|0x000000009d200000, 0x000000009d2ffff0, 0x000000009d300000| 99%| E|  |TAMS 0x000000009d200000, 0x000000009d200000| Complete 
| 467|0x000000009d300000, 0x000000009d400000, 0x000000009d400000|100%| E|CS|TAMS 0x000000009d300000, 0x000000009d300000| Complete 
| 468|0x000000009d400000, 0x000000009d500000, 0x000000009d500000|100%| E|CS|TAMS 0x000000009d400000, 0x000000009d400000| Complete 
| 469|0x000000009d500000, 0x000000009d600000, 0x000000009d600000|100%| E|CS|TAMS 0x000000009d500000, 0x000000009d500000| Complete 
| 470|0x000000009d600000, 0x000000009d700000, 0x000000009d700000|100%| E|CS|TAMS 0x000000009d600000, 0x000000009d600000| Complete 
| 471|0x000000009d700000, 0x000000009d800000, 0x000000009d800000|100%| E|CS|TAMS 0x000000009d700000, 0x000000009d700000| Complete 
| 472|0x000000009d800000, 0x000000009d900000, 0x000000009d900000|100%| E|CS|TAMS 0x000000009d800000, 0x000000009d800000| Complete 
| 473|0x000000009d900000, 0x000000009da00000, 0x000000009da00000|100%| E|CS|TAMS 0x000000009d900000, 0x000000009d900000| Complete 
| 474|0x000000009da00000, 0x000000009db00000, 0x000000009db00000|100%| E|CS|TAMS 0x000000009da00000, 0x000000009da00000| Complete 
| 475|0x000000009db00000, 0x000000009dc00000, 0x000000009dc00000|100%| E|CS|TAMS 0x000000009db00000, 0x000000009db00000| Complete 
| 476|0x000000009dc00000, 0x000000009dd00000, 0x000000009dd00000|100%| E|CS|TAMS 0x000000009dc00000, 0x000000009dc00000| Complete 
| 477|0x000000009dd00000, 0x000000009de00000, 0x000000009de00000|100%| E|CS|TAMS 0x000000009dd00000, 0x000000009dd00000| Complete 
| 478|0x000000009de00000, 0x000000009df00000, 0x000000009df00000|100%| E|CS|TAMS 0x000000009de00000, 0x000000009de00000| Complete 
| 479|0x000000009df00000, 0x000000009e000000, 0x000000009e000000|100%| E|CS|TAMS 0x000000009df00000, 0x000000009df00000| Complete 
| 480|0x000000009e000000, 0x000000009e100000, 0x000000009e100000|100%| E|CS|TAMS 0x000000009e000000, 0x000000009e000000| Complete 
| 481|0x000000009e100000, 0x000000009e200000, 0x000000009e200000|100%| E|CS|TAMS 0x000000009e100000, 0x000000009e100000| Complete 
| 482|0x000000009e200000, 0x000000009e300000, 0x000000009e300000|100%| E|CS|TAMS 0x000000009e200000, 0x000000009e200000| Complete 
| 483|0x000000009e300000, 0x000000009e400000, 0x000000009e400000|100%| E|CS|TAMS 0x000000009e300000, 0x000000009e300000| Complete 
| 484|0x000000009e400000, 0x000000009e500000, 0x000000009e500000|100%| E|CS|TAMS 0x000000009e400000, 0x000000009e400000| Complete 
| 485|0x000000009e500000, 0x000000009e600000, 0x000000009e600000|100%| E|CS|TAMS 0x000000009e500000, 0x000000009e500000| Complete 
| 486|0x000000009e600000, 0x000000009e700000, 0x000000009e700000|100%| E|CS|TAMS 0x000000009e600000, 0x000000009e600000| Complete 
| 487|0x000000009e700000, 0x000000009e800000, 0x000000009e800000|100%| E|CS|TAMS 0x000000009e700000, 0x000000009e700000| Complete 
| 488|0x000000009e800000, 0x000000009e900000, 0x000000009e900000|100%| E|CS|TAMS 0x000000009e800000, 0x000000009e800000| Complete 
| 489|0x000000009e900000, 0x000000009ea00000, 0x000000009ea00000|100%| E|CS|TAMS 0x000000009e900000, 0x000000009e900000| Complete 
| 490|0x000000009ea00000, 0x000000009eb00000, 0x000000009eb00000|100%| E|CS|TAMS 0x000000009ea00000, 0x000000009ea00000| Complete 
| 491|0x000000009eb00000, 0x000000009ec00000, 0x000000009ec00000|100%| E|CS|TAMS 0x000000009eb00000, 0x000000009eb00000| Complete 
| 492|0x000000009ec00000, 0x000000009ed00000, 0x000000009ed00000|100%| E|CS|TAMS 0x000000009ec00000, 0x000000009ec00000| Complete 
| 493|0x000000009ed00000, 0x000000009ee00000, 0x000000009ee00000|100%| E|CS|TAMS 0x000000009ed00000, 0x000000009ed00000| Complete 
| 494|0x000000009ee00000, 0x000000009ef00000, 0x000000009ef00000|100%| E|CS|TAMS 0x000000009ee00000, 0x000000009ee00000| Complete 
| 495|0x000000009ef00000, 0x000000009f000000, 0x000000009f000000|100%| E|CS|TAMS 0x000000009ef00000, 0x000000009ef00000| Complete 
| 496|0x000000009f000000, 0x000000009f100000, 0x000000009f100000|100%| E|CS|TAMS 0x000000009f000000, 0x000000009f000000| Complete 
| 497|0x000000009f100000, 0x000000009f200000, 0x000000009f200000|100%| E|CS|TAMS 0x000000009f100000, 0x000000009f100000| Complete 
| 498|0x000000009f200000, 0x000000009f300000, 0x000000009f300000|100%| E|CS|TAMS 0x000000009f200000, 0x000000009f200000| Complete 
| 499|0x000000009f300000, 0x000000009f400000, 0x000000009f400000|100%| E|CS|TAMS 0x000000009f300000, 0x000000009f300000| Complete 
| 500|0x000000009f400000, 0x000000009f500000, 0x000000009f500000|100%| E|CS|TAMS 0x000000009f400000, 0x000000009f400000| Complete 
| 501|0x000000009f500000, 0x000000009f600000, 0x000000009f600000|100%| E|CS|TAMS 0x000000009f500000, 0x000000009f500000| Complete 
| 502|0x000000009f600000, 0x000000009f700000, 0x000000009f700000|100%| E|CS|TAMS 0x000000009f600000, 0x000000009f600000| Complete 
| 503|0x000000009f700000, 0x000000009f800000, 0x000000009f800000|100%| E|CS|TAMS 0x000000009f700000, 0x000000009f700000| Complete 
| 504|0x000000009f800000, 0x000000009f900000, 0x000000009f900000|100%| E|CS|TAMS 0x000000009f800000, 0x000000009f800000| Complete 
| 505|0x000000009f900000, 0x000000009fa00000, 0x000000009fa00000|100%| E|CS|TAMS 0x000000009f900000, 0x000000009f900000| Complete 
| 506|0x000000009fa00000, 0x000000009fb00000, 0x000000009fb00000|100%| E|CS|TAMS 0x000000009fa00000, 0x000000009fa00000| Complete 
| 507|0x000000009fb00000, 0x000000009fc00000, 0x000000009fc00000|100%| E|CS|TAMS 0x000000009fb00000, 0x000000009fb00000| Complete 
| 508|0x000000009fc00000, 0x000000009fd00000, 0x000000009fd00000|100%| E|CS|TAMS 0x000000009fc00000, 0x000000009fc00000| Complete 
| 509|0x000000009fd00000, 0x000000009fe00000, 0x000000009fe00000|100%| E|CS|TAMS 0x000000009fd00000, 0x000000009fd00000| Complete 
| 510|0x000000009fe00000, 0x000000009ff00000, 0x000000009ff00000|100%| E|CS|TAMS 0x000000009fe00000, 0x000000009fe00000| Complete 
| 511|0x000000009ff00000, 0x00000000a0000000, 0x00000000a0000000|100%| E|CS|TAMS 0x000000009ff00000, 0x000000009ff00000| Complete 
| 512|0x00000000a0000000, 0x00000000a0100000, 0x00000000a0100000|100%| E|CS|TAMS 0x00000000a0000000, 0x00000000a0000000| Complete 
| 513|0x00000000a0100000, 0x00000000a0200000, 0x00000000a0200000|100%| E|CS|TAMS 0x00000000a0100000, 0x00000000a0100000| Complete 
| 514|0x00000000a0200000, 0x00000000a0300000, 0x00000000a0300000|100%| E|CS|TAMS 0x00000000a0200000, 0x00000000a0200000| Complete 

Card table byte_map: [0x000001be99460000,0x000001be99860000] _byte_map_base: 0x000001be99060000

Marking Bits (Prev, Next): (CMBitMap*) 0x000001be802d1f30, (CMBitMap*) 0x000001be802d1f70
 Prev Bits: [0x000001be99c60000, 0x000001be9bc60000)
 Next Bits: [0x000001be9bc60000, 0x000001be9dc60000)

Polling page: 0x000001be80320000

Metaspace:

Usage:
  Non-class:    100.04 MB used.
      Class:     15.56 MB used.
       Both:    115.60 MB used.

Virtual space:
  Non-class space:      128.00 MB reserved,     100.62 MB ( 79%) committed,  2 nodes.
      Class space:        1.00 GB reserved,      16.12 MB (  2%) committed,  1 nodes.
             Both:        1.12 GB reserved,     116.75 MB ( 10%) committed. 

Chunk freelists:
   Non-Class:  10.66 MB
       Class:  15.74 MB
        Both:  26.40 MB

MaxMetaspaceSize: unlimited
CompressedClassSpaceSize: 1.00 GB
Initial GC threshold: 21.00 MB
Current GC threshold: 141.19 MB
CDS: on
MetaspaceReclaimPolicy: balanced
 - commit_granule_bytes: 65536.
 - commit_granule_words: 8192.
 - virtual_space_node_default_size: 8388608.
 - enlarge_chunks_in_place: 1.
 - new_chunks_are_fully_committed: 0.
 - uncommit_free_chunks: 1.
 - use_allocation_guard: 0.
 - handle_deallocations: 1.


Internal statistics:

num_allocs_failed_limit: 9.
num_arena_births: 1784.
num_arena_deaths: 0.
num_vsnodes_births: 3.
num_vsnodes_deaths: 0.
num_space_committed: 1867.
num_space_uncommitted: 0.
num_chunks_returned_to_freelist: 9.
num_chunks_taken_from_freelist: 7083.
num_chunk_merges: 9.
num_chunk_splits: 4528.
num_chunks_enlarged: 2803.
num_inconsistent_stats: 0.

CodeHeap 'non-profiled nmethods': size=120000Kb used=12237Kb max_used=13025Kb free=107762Kb
 bounds [0x000001be90eb0000, 0x000001be91b70000, 0x000001be983e0000]
CodeHeap 'profiled nmethods': size=120000Kb used=33689Kb max_used=35493Kb free=86310Kb
 bounds [0x000001be893e0000, 0x000001be8b690000, 0x000001be90910000]
CodeHeap 'non-nmethods': size=5760Kb used=1781Kb max_used=1849Kb free=3978Kb
 bounds [0x000001be90910000, 0x000001be90b80000, 0x000001be90eb0000]
 total_blobs=17961 nmethods=17080 adapters=792
 compilation: enabled
              stopped_count=0, restarted_count=0
 full_count=0

Compilation events (20 events):
Event: 120.818 Thread 0x000001bea0946290 20802       1       org.gradle.internal.time.ExponentialBackoff::getTimer (5 bytes)
Event: 120.819 Thread 0x000001bea0946290 nmethod 20802 0x000001be90fb4610 code [0x000001be90fb47a0, 0x000001be90fb4878]
Event: 120.827 Thread 0x000001bea0946290 20805       3       org.gradle.internal.time.DefaultCountdownTimer::<init> (30 bytes)
Event: 120.827 Thread 0x000001bea0946290 nmethod 20805 0x000001be89b29a10 code [0x000001be89b29c00, 0x000001be89b2a138]
Event: 120.845 Thread 0x000001bea0946290 20806       1       org.gradle.internal.management.DependencyResolutionManagementInternal$RepositoriesModeInternal::useProjectRepositories (5 bytes)
Event: 120.845 Thread 0x000001bea0946290 nmethod 20806 0x000001be90fb4110 code [0x000001be90fb42a0, 0x000001be90fb4378]
Event: 120.871 Thread 0x000001bea0942b40 nmethod 20795 0x000001be918e7510 code [0x000001be918e77e0, 0x000001be918e9918]
Event: 120.871 Thread 0x000001bea0942b40 20804       4       org.gradle.api.internal.artifacts.transform.TransformingAsyncArtifactListener$TransformedArtifact::prepareForVisitingIfNotAlready (40 bytes)
Event: 120.901 Thread 0x000001bea0942b40 nmethod 20804 0x000001be915e8d90 code [0x000001be915e8fe0, 0x000001be915e9ea0]
Event: 120.901 Thread 0x000001bea0942b40 20803       4       org.gradle.api.internal.artifacts.transform.AbstractTransformedArtifactSet::visit (104 bytes)
Event: 120.908 Thread 0x000001bea0946290 20808       3       org.gradle.internal.snapshot.impl.SerializedLambdaQueries::isLambdaClass (23 bytes)
Event: 120.909 Thread 0x000001bea0946290 nmethod 20808 0x000001be8975f010 code [0x000001be8975f200, 0x000001be8975f6f8]
Event: 121.023 Thread 0x000001bea0946290 20809       1       java.lang.management.DefaultPlatformMBeanProvider$2::mbeanInterfaceNames (5 bytes)
Event: 121.023 Thread 0x000001bea0946290 nmethod 20809 0x000001be910de290 code [0x000001be910de420, 0x000001be910de4f8]
Event: 121.023 Thread 0x000001bea0946290 20810       1       java.lang.management.DefaultPlatformMBeanProvider$9::mbeanInterfaceNames (5 bytes)
Event: 121.023 Thread 0x000001bea0946290 nmethod 20810 0x000001be91841590 code [0x000001be91841720, 0x000001be918417f8]
Event: 121.023 Thread 0x000001bea0946290 20811       1       com.sun.management.internal.PlatformMBeanProviderImpl$5::mbeanInterfaceNames (5 bytes)
Event: 121.023 Thread 0x000001bea0946290 nmethod 20811 0x000001be9192e110 code [0x000001be9192e2a0, 0x000001be9192e378]
Event: 121.023 Thread 0x000001bea0946290 20812       1       com.sun.management.internal.PlatformMBeanProviderImpl$1::mbeanInterfaceNames (5 bytes)
Event: 121.023 Thread 0x000001bea0946290 nmethod 20812 0x000001be9199ea90 code [0x000001be9199ec20, 0x000001be9199ecf8]

GC Heap History (20 events):
Event: 106.808 GC heap before
{Heap before GC invocations=70 (full 0):
 garbage-first heap   total 272384K, used 228987K [0x0000000080000000, 0x0000000100000000)
  region size 1024K, 38 young (38912K), 6 survivors (6144K)
 Metaspace       used 117740K, committed 118848K, reserved 1179648K
  class space    used 15872K, committed 16384K, reserved 1048576K
}
Event: 106.844 GC heap after
{Heap after GC invocations=71 (full 0):
 garbage-first heap   total 272384K, used 199455K [0x0000000080000000, 0x0000000100000000)
  region size 1024K, 5 young (5120K), 5 survivors (5120K)
 Metaspace       used 117740K, committed 118848K, reserved 1179648K
  class space    used 15872K, committed 16384K, reserved 1048576K
}
Event: 108.290 GC heap before
{Heap before GC invocations=71 (full 0):
 garbage-first heap   total 272384K, used 228127K [0x0000000080000000, 0x0000000100000000)
  region size 1024K, 34 young (34816K), 5 survivors (5120K)
 Metaspace       used 117956K, committed 119104K, reserved 1179648K
  class space    used 15904K, committed 16448K, reserved 1048576K
}
Event: 108.330 GC heap after
{Heap after GC invocations=72 (full 0):
 garbage-first heap   total 272384K, used 205839K [0x0000000080000000, 0x0000000100000000)
  region size 1024K, 5 young (5120K), 5 survivors (5120K)
 Metaspace       used 117956K, committed 119104K, reserved 1179648K
  class space    used 15904K, committed 16448K, reserved 1048576K
}
Event: 109.629 GC heap before
{Heap before GC invocations=72 (full 0):
 garbage-first heap   total 272384K, used 228366K [0x0000000080000000, 0x0000000100000000)
  region size 1024K, 28 young (28672K), 5 survivors (5120K)
 Metaspace       used 118031K, committed 119168K, reserved 1179648K
  class space    used 15906K, committed 16448K, reserved 1048576K
}
Event: 109.651 GC heap after
{Heap after GC invocations=73 (full 0):
 garbage-first heap   total 272384K, used 210668K [0x0000000080000000, 0x0000000100000000)
  region size 1024K, 4 young (4096K), 4 survivors (4096K)
 Metaspace       used 118031K, committed 119168K, reserved 1179648K
  class space    used 15906K, committed 16448K, reserved 1048576K
}
Event: 109.825 GC heap before
{Heap before GC invocations=73 (full 0):
 garbage-first heap   total 272384K, used 231148K [0x0000000080000000, 0x0000000100000000)
  region size 1024K, 25 young (25600K), 4 survivors (4096K)
 Metaspace       used 118034K, committed 119168K, reserved 1179648K
  class space    used 15906K, committed 16448K, reserved 1048576K
}
Event: 109.862 GC heap after
{Heap after GC invocations=74 (full 0):
 garbage-first heap   total 272384K, used 224247K [0x0000000080000000, 0x0000000100000000)
  region size 1024K, 4 young (4096K), 4 survivors (4096K)
 Metaspace       used 118034K, committed 119168K, reserved 1179648K
  class space    used 15906K, committed 16448K, reserved 1048576K
}
Event: 109.920 GC heap before
{Heap before GC invocations=74 (full 0):
 garbage-first heap   total 272384K, used 233463K [0x0000000080000000, 0x0000000100000000)
  region size 1024K, 13 young (13312K), 4 survivors (4096K)
 Metaspace       used 118034K, committed 119168K, reserved 1179648K
  class space    used 15906K, committed 16448K, reserved 1048576K
}
Event: 109.930 GC heap after
{Heap after GC invocations=75 (full 0):
 garbage-first heap   total 272384K, used 231533K [0x0000000080000000, 0x0000000100000000)
  region size 1024K, 2 young (2048K), 2 survivors (2048K)
 Metaspace       used 118034K, committed 119168K, reserved 1179648K
  class space    used 15906K, committed 16448K, reserved 1048576K
}
Event: 110.313 GC heap before
{Heap before GC invocations=75 (full 0):
 garbage-first heap   total 272384K, used 242797K [0x0000000080000000, 0x0000000100000000)
  region size 1024K, 13 young (13312K), 2 survivors (2048K)
 Metaspace       used 118035K, committed 119168K, reserved 1179648K
  class space    used 15906K, committed 16448K, reserved 1048576K
}
Event: 110.327 GC heap after
{Heap after GC invocations=76 (full 0):
 garbage-first heap   total 527360K, used 240212K [0x0000000080000000, 0x0000000100000000)
  region size 1024K, 2 young (2048K), 2 survivors (2048K)
 Metaspace       used 118035K, committed 119168K, reserved 1179648K
  class space    used 15906K, committed 16448K, reserved 1048576K
}
Event: 113.995 GC heap before
{Heap before GC invocations=76 (full 0):
 garbage-first heap   total 527360K, used 360020K [0x0000000080000000, 0x0000000100000000)
  region size 1024K, 118 young (120832K), 2 survivors (2048K)
 Metaspace       used 118163K, committed 119360K, reserved 1179648K
  class space    used 15922K, committed 16512K, reserved 1048576K
}
Event: 114.037 GC heap after
{Heap after GC invocations=77 (full 0):
 garbage-first heap   total 527360K, used 297334K [0x0000000080000000, 0x0000000100000000)
  region size 1024K, 15 young (15360K), 15 survivors (15360K)
 Metaspace       used 118163K, committed 119360K, reserved 1179648K
  class space    used 15922K, committed 16512K, reserved 1048576K
}
Event: 114.468 GC heap before
{Heap before GC invocations=77 (full 0):
 garbage-first heap   total 527360K, used 315766K [0x0000000080000000, 0x0000000100000000)
  region size 1024K, 33 young (33792K), 15 survivors (15360K)
 Metaspace       used 118193K, committed 119360K, reserved 1179648K
  class space    used 15923K, committed 16512K, reserved 1048576K
}
Event: 114.484 GC heap after
{Heap after GC invocations=78 (full 0):
 garbage-first heap   total 527360K, used 300893K [0x0000000080000000, 0x0000000100000000)
  region size 1024K, 3 young (3072K), 3 survivors (3072K)
 Metaspace       used 118193K, committed 119360K, reserved 1179648K
  class space    used 15923K, committed 16512K, reserved 1048576K
}
Event: 116.312 GC heap before
{Heap before GC invocations=78 (full 0):
 garbage-first heap   total 527360K, used 379741K [0x0000000080000000, 0x0000000100000000)
  region size 1024K, 81 young (82944K), 3 survivors (3072K)
 Metaspace       used 118253K, committed 119488K, reserved 1179648K
  class space    used 15923K, committed 16512K, reserved 1048576K
}
Event: 116.354 GC heap after
{Heap after GC invocations=79 (full 0):
 garbage-first heap   total 527360K, used 336145K [0x0000000080000000, 0x0000000100000000)
  region size 1024K, 11 young (11264K), 11 survivors (11264K)
 Metaspace       used 118253K, committed 119488K, reserved 1179648K
  class space    used 15923K, committed 16512K, reserved 1048576K
}
Event: 117.980 GC heap before
{Heap before GC invocations=79 (full 0):
 garbage-first heap   total 527360K, used 397585K [0x0000000080000000, 0x0000000100000000)
  region size 1024K, 70 young (71680K), 11 survivors (11264K)
 Metaspace       used 118319K, committed 119488K, reserved 1179648K
  class space    used 15925K, committed 16512K, reserved 1048576K
}
Event: 118.001 GC heap after
{Heap after GC invocations=80 (full 0):
 garbage-first heap   total 527360K, used 351023K [0x0000000080000000, 0x0000000100000000)
  region size 1024K, 9 young (9216K), 9 survivors (9216K)
 Metaspace       used 118319K, committed 119488K, reserved 1179648K
  class space    used 15925K, committed 16512K, reserved 1048576K
}

Dll operation events (16 events):
Event: 0.012 Loaded shared library C:\Program Files\Eclipse Adoptium\jdk-17.0.20.8-hotspot\bin\java.dll
Event: 0.031 Loaded shared library C:\Program Files\Eclipse Adoptium\jdk-17.0.20.8-hotspot\bin\jsvml.dll
Event: 0.065 Loaded shared library C:\Program Files\Eclipse Adoptium\jdk-17.0.20.8-hotspot\bin\zip.dll
Event: 0.068 Loaded shared library C:\Program Files\Eclipse Adoptium\jdk-17.0.20.8-hotspot\bin\instrument.dll
Event: 0.073 Loaded shared library C:\Program Files\Eclipse Adoptium\jdk-17.0.20.8-hotspot\bin\net.dll
Event: 0.074 Loaded shared library C:\Program Files\Eclipse Adoptium\jdk-17.0.20.8-hotspot\bin\nio.dll
Event: 0.076 Loaded shared library C:\Program Files\Eclipse Adoptium\jdk-17.0.20.8-hotspot\bin\zip.dll
Event: 0.222 Loaded shared library C:\Program Files\Eclipse Adoptium\jdk-17.0.20.8-hotspot\bin\jimage.dll
Event: 0.304 Loaded shared library C:\Program Files\Eclipse Adoptium\jdk-17.0.20.8-hotspot\bin\verify.dll
Event: 0.423 Loaded shared library D:\SDKs\.gradle\native\c067742578af261105cb4f569cf0c3c89f3d7b1fecec35dd04571415982c5e48\windows-amd64-min\native-platform.dll
Event: 0.532 Loaded shared library D:\SDKs\.gradle\native\100fb08df4bc3b14c8652ba06237920a3bd2aa13389f12d3474272988ae205f9\windows-amd64\native-platform-file-events.dll
Event: 9.976 Loaded shared library C:\Program Files\Eclipse Adoptium\jdk-17.0.20.8-hotspot\bin\management.dll
Event: 9.978 Loaded shared library C:\Program Files\Eclipse Adoptium\jdk-17.0.20.8-hotspot\bin\management_ext.dll
Event: 10.237 Loaded shared library C:\Program Files\Eclipse Adoptium\jdk-17.0.20.8-hotspot\bin\extnet.dll
Event: 10.520 Loaded shared library C:\Program Files\Eclipse Adoptium\jdk-17.0.20.8-hotspot\bin\sunmscapi.dll
Event: 54.506 Loaded shared library C:\Users\moham\AppData\Local\Temp\native-platform10825406104888058582dir\native-platform.dll

Deoptimization events (20 events):
Event: 118.645 Thread 0x000001bea0bacc40 Uncommon trap: trap_request=0xffffffc6 fr.pc=0x000001be91b42580 relative=0x00000000000010e0
Event: 118.645 Thread 0x000001bea0bacc40 Uncommon trap: reason=bimorphic_or_optimized_type_check action=maybe_recompile pc=0x000001be91b42580 method=com.google.common.collect.NaturalOrdering.compare(Ljava/lang/Comparable;Ljava/lang/Comparable;)I @ 12 c2
Event: 118.645 Thread 0x000001bea0bacc40 DEOPT PACKING pc=0x000001be91b42580 sp=0x00000059565fad40
Event: 118.645 Thread 0x000001bea0bacc40 DEOPT UNPACKING pc=0x000001be909669a3 sp=0x00000059565fabb8 mode 2
Event: 118.645 Thread 0x000001bea0bacc40 Uncommon trap: trap_request=0xffffffc6 fr.pc=0x000001be91b42580 relative=0x00000000000010e0
Event: 118.646 Thread 0x000001bea0bacc40 Uncommon trap: reason=bimorphic_or_optimized_type_check action=maybe_recompile pc=0x000001be91b42580 method=com.google.common.collect.NaturalOrdering.compare(Ljava/lang/Comparable;Ljava/lang/Comparable;)I @ 12 c2
Event: 118.646 Thread 0x000001bea0bacc40 DEOPT PACKING pc=0x000001be91b42580 sp=0x00000059565fad40
Event: 118.646 Thread 0x000001bea0bacc40 DEOPT UNPACKING pc=0x000001be909669a3 sp=0x00000059565fabb8 mode 2
Event: 120.577 Thread 0x000001bee9f94470 Uncommon trap: trap_request=0xffffffc6 fr.pc=0x000001be91b42580 relative=0x00000000000010e0
Event: 120.577 Thread 0x000001bee9f94470 Uncommon trap: reason=bimorphic_or_optimized_type_check action=maybe_recompile pc=0x000001be91b42580 method=com.google.common.collect.NaturalOrdering.compare(Ljava/lang/Comparable;Ljava/lang/Comparable;)I @ 12 c2
Event: 120.577 Thread 0x000001bee9f94470 DEOPT PACKING pc=0x000001be91b42580 sp=0x00000059562fe300
Event: 120.577 Thread 0x000001bee9f94470 DEOPT UNPACKING pc=0x000001be909669a3 sp=0x00000059562fe178 mode 2
Event: 120.610 Thread 0x000001bee9f94470 Uncommon trap: trap_request=0xffffffde fr.pc=0x000001be912536c4 relative=0x0000000000000d64
Event: 120.610 Thread 0x000001bee9f94470 Uncommon trap: reason=class_check action=maybe_recompile pc=0x000001be912536c4 method=org.gradle.cache.internal.LockOnDemandCrossProcessCacheAccess.incrementLockCount()V @ 97 c2
Event: 120.610 Thread 0x000001bee9f94470 DEOPT PACKING pc=0x000001be912536c4 sp=0x00000059562fd540
Event: 120.610 Thread 0x000001bee9f94470 DEOPT UNPACKING pc=0x000001be909669a3 sp=0x00000059562fd440 mode 2
Event: 120.804 Thread 0x000001bee9f94980 Uncommon trap: trap_request=0xffffffc6 fr.pc=0x000001be91b42580 relative=0x00000000000010e0
Event: 120.804 Thread 0x000001bee9f94980 Uncommon trap: reason=bimorphic_or_optimized_type_check action=maybe_recompile pc=0x000001be91b42580 method=com.google.common.collect.NaturalOrdering.compare(Ljava/lang/Comparable;Ljava/lang/Comparable;)I @ 12 c2
Event: 120.804 Thread 0x000001bee9f94980 DEOPT PACKING pc=0x000001be91b42580 sp=0x00000059563fda60
Event: 120.804 Thread 0x000001bee9f94980 DEOPT UNPACKING pc=0x000001be909669a3 sp=0x00000059563fd8d8 mode 2

Classes loaded (20 events):
Event: 105.290 Loading class java/util/ImmutableCollections$Access$1
Event: 105.291 Loading class jdk/internal/access/JavaUtilCollectionAccess
Event: 105.292 Loading class jdk/internal/access/JavaUtilCollectionAccess done
Event: 105.292 Loading class java/util/ImmutableCollections$Access$1 done
Event: 105.682 Loading class java/text/BreakIterator
Event: 105.683 Loading class java/text/BreakIterator done
Event: 105.707 Loading class java/util/regex/Pattern$Pos
Event: 105.708 Loading class java/util/regex/Pattern$Pos done
Event: 105.728 Loading class java/nio/file/Path$1
Event: 105.729 Loading class java/nio/file/Path$1 done
Event: 105.757 Loading class java/util/stream/Nodes$FixedNodeBuilder
Event: 105.757 Loading class java/util/stream/Nodes$ArrayNode
Event: 105.758 Loading class java/util/stream/Nodes$ArrayNode done
Event: 105.758 Loading class java/util/stream/Nodes$FixedNodeBuilder done
Event: 106.222 Loading class java/util/function/ToIntBiFunction
Event: 106.223 Loading class java/util/function/ToIntBiFunction done
Event: 106.446 Loading class java/util/EnumMap$Values
Event: 106.447 Loading class java/util/EnumMap$Values done
Event: 106.447 Loading class java/util/EnumMap$ValueIterator
Event: 106.447 Loading class java/util/EnumMap$ValueIterator done

Classes unloaded (0 events):
No events

Classes redefined (0 events):
No events

Internal exceptions (20 events):
Event: 106.266 Thread 0x000001bee9f94470 Exception <a 'sun/nio/fs/WindowsException'{0x000000008f6d1ba8}> (0x000000008f6d1ba8) 
thrown [s\src\hotspot\share\prims\jni.cpp, line 516]
Event: 106.298 Thread 0x000001bee9f94470 Exception <a 'java/lang/NoSuchMethodError'{0x000000008f5477f0}: 'int java.lang.invoke.DirectMethodHandle$Holder.invokeVirtual(java.lang.Object, java.lang.Object, java.lang.Object, java.lang.Object)'> (0x000000008f5477f0) 
thrown [s\src\hotspot\share\interpreter\linkResolver.cpp, line 759]
Event: 106.367 Thread 0x000001bee9f94470 Exception <a 'sun/nio/fs/WindowsException'{0x000000008f48a9b8}> (0x000000008f48a9b8) 
thrown [s\src\hotspot\share\prims\jni.cpp, line 516]
Event: 106.371 Thread 0x000001bee9f94470 Exception <a 'sun/nio/fs/WindowsException'{0x000000008f496248}> (0x000000008f496248) 
thrown [s\src\hotspot\share\prims\jni.cpp, line 516]
Event: 106.378 Thread 0x000001bee9f94470 Exception <a 'sun/nio/fs/WindowsException'{0x000000008f4a2ce8}> (0x000000008f4a2ce8) 
thrown [s\src\hotspot\share\prims\jni.cpp, line 516]
Event: 106.384 Thread 0x000001bee9f94470 Exception <a 'sun/nio/fs/WindowsException'{0x000000008f4b0be0}> (0x000000008f4b0be0) 
thrown [s\src\hotspot\share\prims\jni.cpp, line 516]
Event: 106.390 Thread 0x000001bee9f94470 Exception <a 'sun/nio/fs/WindowsException'{0x000000008f4c16f0}> (0x000000008f4c16f0) 
thrown [s\src\hotspot\share\prims\jni.cpp, line 516]
Event: 106.402 Thread 0x000001bee9f94470 Exception <a 'sun/nio/fs/WindowsException'{0x000000008f4cfdd0}> (0x000000008f4cfdd0) 
thrown [s\src\hotspot\share\prims\jni.cpp, line 516]
Event: 106.412 Thread 0x000001bee9f94470 Exception <a 'sun/nio/fs/WindowsException'{0x000000008f4f2050}> (0x000000008f4f2050) 
thrown [s\src\hotspot\share\prims\jni.cpp, line 516]
Event: 106.420 Thread 0x000001bee9f94470 Exception <a 'sun/nio/fs/WindowsException'{0x000000008f312ef8}> (0x000000008f312ef8) 
thrown [s\src\hotspot\share\prims\jni.cpp, line 516]
Event: 106.430 Thread 0x000001bee9f94470 Exception <a 'sun/nio/fs/WindowsException'{0x000000008f343a60}> (0x000000008f343a60) 
thrown [s\src\hotspot\share\prims\jni.cpp, line 516]
Event: 106.430 Thread 0x000001bee9f94470 Exception <a 'sun/nio/fs/WindowsException'{0x000000008f344cc0}> (0x000000008f344cc0) 
thrown [s\src\hotspot\share\prims\jni.cpp, line 516]
Event: 106.439 Thread 0x000001bee9f94470 Exception <a 'sun/nio/fs/WindowsException'{0x000000008f370870}> (0x000000008f370870) 
thrown [s\src\hotspot\share\prims\jni.cpp, line 516]
Event: 106.442 Thread 0x000001bee9f94470 Exception <a 'sun/nio/fs/WindowsException'{0x000000008f37ba28}> (0x000000008f37ba28) 
thrown [s\src\hotspot\share\prims\jni.cpp, line 516]
Event: 106.442 Thread 0x000001bee9f94470 Exception <a 'sun/nio/fs/WindowsException'{0x000000008f37cc88}> (0x000000008f37cc88) 
thrown [s\src\hotspot\share\prims\jni.cpp, line 516]
Event: 106.444 Thread 0x000001bee9f94470 Exception <a 'sun/nio/fs/WindowsException'{0x000000008f386948}> (0x000000008f386948) 
thrown [s\src\hotspot\share\prims\jni.cpp, line 516]
Event: 108.208 Thread 0x000001bee9f93a50 Implicit null exception at 0x000001be9177c0f8 to 0x000001be9177cc20
Event: 109.070 Thread 0x000001bef11459e0 Implicit null exception at 0x000001be91a5a1d1 to 0x000001be91a5ac00
Event: 109.505 Thread 0x000001bef11459e0 Implicit null exception at 0x000001be91a58c18 to 0x000001be91a5944c
Event: 120.811 Thread 0x000001bee9f94980 Exception <a 'sun/nio/fs/WindowsException'{0x000000009d07ef38}> (0x000000009d07ef38) 
thrown [s\src\hotspot\share\prims\jni.cpp, line 516]

VM Operations (20 events):
Event: 115.496 Executing VM operation: Cleanup
Event: 115.497 Executing VM operation: Cleanup done
Event: 116.312 Executing VM operation: G1CollectForAllocation
Event: 116.354 Executing VM operation: G1CollectForAllocation done
Event: 117.119 Executing VM operation: HandshakeAllThreads
Event: 117.120 Executing VM operation: HandshakeAllThreads done
Event: 117.980 Executing VM operation: G1CollectForAllocation
Event: 118.002 Executing VM operation: G1CollectForAllocation done
Event: 119.016 Executing VM operation: Cleanup
Event: 119.016 Executing VM operation: Cleanup done
Event: 119.573 Executing VM operation: HandshakeAllThreads
Event: 119.573 Executing VM operation: HandshakeAllThreads done
Event: 120.241 Executing VM operation: HandshakeAllThreads
Event: 120.241 Executing VM operation: HandshakeAllThreads done
Event: 120.241 Executing VM operation: Cleanup
Event: 120.241 Executing VM operation: Cleanup done
Event: 120.901 Executing VM operation: HandshakeAllThreads
Event: 120.903 Executing VM operation: HandshakeAllThreads done
Event: 121.909 Executing VM operation: Cleanup
Event: 121.910 Executing VM operation: Cleanup done

Memory protections (0 events):
No events

Nmethod flushes (20 events):
Event: 120.941 Thread 0x000001bea097bba0 flushing  nmethod 0x000001be8b512e10
Event: 120.941 Thread 0x000001bea097bba0 flushing  nmethod 0x000001be8b513610
Event: 120.941 Thread 0x000001bea097bba0 flushing  nmethod 0x000001be8b513f90
Event: 120.941 Thread 0x000001bea097bba0 flushing  nmethod 0x000001be8b514590
Event: 120.941 Thread 0x000001bea097bba0 flushing  nmethod 0x000001be8b519690
Event: 120.941 Thread 0x000001bea097bba0 flushing  nmethod 0x000001be8b519a90
Event: 120.941 Thread 0x000001bea097bba0 flushing  nmethod 0x000001be8b51d010
Event: 120.941 Thread 0x000001bea097bba0 flushing  nmethod 0x000001be8b51fe10
Event: 120.941 Thread 0x000001bea097bba0 flushing  nmethod 0x000001be8b521290
Event: 120.941 Thread 0x000001bea097bba0 flushing  nmethod 0x000001be8b521710
Event: 120.941 Thread 0x000001bea097bba0 flushing  nmethod 0x000001be8b52ef90
Event: 120.941 Thread 0x000001bea097bba0 flushing  nmethod 0x000001be8b530e90
Event: 120.941 Thread 0x000001bea097bba0 flushing  nmethod 0x000001be8b531410
Event: 120.941 Thread 0x000001bea097bba0 flushing osr nmethod 0x000001be8b53d610
Event: 120.941 Thread 0x000001bea097bba0 flushing  nmethod 0x000001be8b549b90
Event: 120.941 Thread 0x000001bea097bba0 flushing  nmethod 0x000001be8b55f210
Event: 120.941 Thread 0x000001bea097bba0 flushing  nmethod 0x000001be8b55f790
Event: 120.941 Thread 0x000001bea097bba0 flushing  nmethod 0x000001be8b560090
Event: 120.941 Thread 0x000001bea097bba0 flushing  nmethod 0x000001be8b576b90
Event: 120.942 Thread 0x000001bea097bba0 flushing osr nmethod 0x000001be8b5f7a90

Events (20 events):
Event: 111.455 Thread 0x000001bef11459e0 Thread added: 0x000001beebb55fc0
Event: 111.708 Thread 0x000001beea61d5c0 Thread added: 0x000001beebb55090
Event: 113.815 Thread 0x000001beebb55090 Thread exited: 0x000001beebb55090
Event: 113.827 Thread 0x000001beea61d5c0 Thread added: 0x000001beebb55090
Event: 115.111 Thread 0x000001beebb55090 Thread exited: 0x000001beebb55090
Event: 115.121 Thread 0x000001bee9f93540 Thread added: 0x000001beebb55090
Event: 115.142 Thread 0x000001beec325900 Thread added: 0x000001beebb555a0
Event: 115.180 Thread 0x000001beea61d5c0 Thread added: 0x000001beebb564d0
Event: 116.272 Thread 0x000001beebb555a0 Thread exited: 0x000001beebb555a0
Event: 116.287 Thread 0x000001beec325900 Thread added: 0x000001beebb555a0
Event: 117.242 Thread 0x000001beebb555a0 Thread exited: 0x000001beebb555a0
Event: 117.254 Thread 0x000001bee9f953a0 Thread added: 0x000001beebb555a0
Event: 117.285 Thread 0x000001beec325900 Thread added: 0x000001bee9fdd8a0
Event: 117.292 Thread 0x000001beebb51df0 Thread added: 0x000001beec50b490
Event: 118.864 Thread 0x000001beec50b490 Thread exited: 0x000001beec50b490
Event: 118.886 Thread 0x000001beebb51df0 Thread added: 0x000001bee94a7ba0
Event: 120.532 Thread 0x000001bee94a7ba0 Thread exited: 0x000001bee94a7ba0
Event: 120.550 Thread 0x000001bea0bacc40 Thread added: 0x000001bee94a7690
Event: 120.572 Thread 0x000001bee94a7690 Thread added: 0x000001bee94aa930
Event: 120.604 Thread 0x000001beebb51df0 Thread added: 0x000001bee94a94f0


Dynamic libraries:
0x00007ff748720000 - 0x00007ff74872e000 	C:\Program Files\Eclipse Adoptium\jdk-17.0.20.8-hotspot\bin\java.exe
0x00007ffa698a0000 - 0x00007ffa69b07000 	C:\WINDOWS\SYSTEM32\ntdll.dll
0x00007ffa67b50000 - 0x00007ffa67c19000 	C:\WINDOWS\System32\KERNEL32.DLL
0x00007ffa66bc0000 - 0x00007ffa66fb0000 	C:\WINDOWS\System32\KERNELBASE.dll
0x00007ffa672c0000 - 0x00007ffa6740b000 	C:\WINDOWS\System32\ucrtbase.dll
0x00007ffa558b0000 - 0x00007ffa558ce000 	C:\Program Files\Eclipse Adoptium\jdk-17.0.20.8-hotspot\bin\VCRUNTIME140.dll
0x00007ffa558d0000 - 0x00007ffa558e8000 	C:\Program Files\Eclipse Adoptium\jdk-17.0.20.8-hotspot\bin\jli.dll
0x00007ffa69610000 - 0x00007ffa697d5000 	C:\WINDOWS\System32\USER32.dll
0x00007ffa4d8e0000 - 0x00007ffa4db7a000 	C:\WINDOWS\WinSxS\amd64_microsoft.windows.common-controls_6595b64144ccf1df_6.0.26100.4768_none_3e0c112ce331287c\COMCTL32.dll
0x00007ffa67540000 - 0x00007ffa67567000 	C:\WINDOWS\System32\win32u.dll
0x00007ffa68de0000 - 0x00007ffa68e89000 	C:\WINDOWS\System32\msvcrt.dll
0x00007ffa68da0000 - 0x00007ffa68dcb000 	C:\WINDOWS\System32\GDI32.dll
0x00007ffa669d0000 - 0x00007ffa66b08000 	C:\WINDOWS\System32\gdi32full.dll
0x00007ffa66b10000 - 0x00007ffa66bb3000 	C:\WINDOWS\System32\msvcp_win.dll
0x00007ffa67c20000 - 0x00007ffa67c4f000 	C:\WINDOWS\System32\IMM32.DLL
0x00007ffa5e320000 - 0x00007ffa5e32c000 	C:\Program Files\Eclipse Adoptium\jdk-17.0.20.8-hotspot\bin\vcruntime140_1.dll
0x00007ffa31760000 - 0x00007ffa317ed000 	C:\Program Files\Eclipse Adoptium\jdk-17.0.20.8-hotspot\bin\msvcp140.dll
0x00007ff974c90000 - 0x00007ff9758fc000 	C:\Program Files\Eclipse Adoptium\jdk-17.0.20.8-hotspot\bin\server\jvm.dll
0x00007ffa67630000 - 0x00007ffa676e4000 	C:\WINDOWS\System32\ADVAPI32.dll
0x00007ffa68cf0000 - 0x00007ffa68d96000 	C:\WINDOWS\System32\sechost.dll
0x00007ffa69440000 - 0x00007ffa69558000 	C:\WINDOWS\System32\RPCRT4.dll
0x00007ffa67f30000 - 0x00007ffa67fa4000 	C:\WINDOWS\System32\WS2_32.dll
0x00007ffa66830000 - 0x00007ffa6688e000 	C:\WINDOWS\SYSTEM32\POWRPROF.dll
0x00007ffa58750000 - 0x00007ffa58785000 	C:\WINDOWS\SYSTEM32\WINMM.dll
0x00007ffa586d0000 - 0x00007ffa586db000 	C:\WINDOWS\SYSTEM32\VERSION.dll
0x00007ffa66810000 - 0x00007ffa66824000 	C:\WINDOWS\SYSTEM32\UMPDC.dll
0x00007ffa65750000 - 0x00007ffa6576b000 	C:\WINDOWS\SYSTEM32\kernel.appcore.dll
0x00007ffa5df60000 - 0x00007ffa5df6a000 	C:\Program Files\Eclipse Adoptium\jdk-17.0.20.8-hotspot\bin\jimage.dll
0x00007ffa57930000 - 0x00007ffa57b71000 	C:\WINDOWS\SYSTEM32\DBGHELP.DLL
0x00007ffa690b0000 - 0x00007ffa69435000 	C:\WINDOWS\System32\combase.dll
0x00007ffa679b0000 - 0x00007ffa67a90000 	C:\WINDOWS\System32\OLEAUT32.dll
0x00007ffa29e80000 - 0x00007ffa29ec3000 	C:\WINDOWS\SYSTEM32\dbgcore.DLL
0x00007ffa674a0000 - 0x00007ffa67539000 	C:\WINDOWS\System32\bcryptPrimitives.dll
0x00007ffa52b40000 - 0x00007ffa52b4e000 	C:\Program Files\Eclipse Adoptium\jdk-17.0.20.8-hotspot\bin\instrument.dll
0x00007ffa51100000 - 0x00007ffa51125000 	C:\Program Files\Eclipse Adoptium\jdk-17.0.20.8-hotspot\bin\java.dll
0x00007ffa05fe0000 - 0x00007ffa060b7000 	C:\Program Files\Eclipse Adoptium\jdk-17.0.20.8-hotspot\bin\jsvml.dll
0x00007ffa680b0000 - 0x00007ffa687fd000 	C:\WINDOWS\System32\SHELL32.dll
0x00007ffa67140000 - 0x00007ffa672b3000 	C:\WINDOWS\System32\wintypes.dll
0x00007ffa64580000 - 0x00007ffa64de0000 	C:\WINDOWS\SYSTEM32\windows.storage.dll
0x00007ffa67fb0000 - 0x00007ffa680a5000 	C:\WINDOWS\System32\SHCORE.dll
0x00007ffa69040000 - 0x00007ffa690aa000 	C:\WINDOWS\System32\shlwapi.dll
0x00007ffa668f0000 - 0x00007ffa66919000 	C:\WINDOWS\SYSTEM32\profapi.dll
0x00007ffa51050000 - 0x00007ffa51068000 	C:\Program Files\Eclipse Adoptium\jdk-17.0.20.8-hotspot\bin\zip.dll
0x00007ffa54580000 - 0x00007ffa5459a000 	C:\Program Files\Eclipse Adoptium\jdk-17.0.20.8-hotspot\bin\net.dll
0x00007ffa5f510000 - 0x00007ffa5f62e000 	C:\WINDOWS\SYSTEM32\WINHTTP.dll
0x00007ffa65ce0000 - 0x00007ffa65d4b000 	C:\WINDOWS\system32\mswsock.dll
0x00007ffa54460000 - 0x00007ffa54476000 	C:\Program Files\Eclipse Adoptium\jdk-17.0.20.8-hotspot\bin\nio.dll
0x00007ffa5de90000 - 0x00007ffa5dea0000 	C:\Program Files\Eclipse Adoptium\jdk-17.0.20.8-hotspot\bin\verify.dll
0x00007ffa5db00000 - 0x00007ffa5db27000 	D:\SDKs\.gradle\native\c067742578af261105cb4f569cf0c3c89f3d7b1fecec35dd04571415982c5e48\windows-amd64-min\native-platform.dll
0x00007ff9b4240000 - 0x00007ff9b4384000 	D:\SDKs\.gradle\native\100fb08df4bc3b14c8652ba06237920a3bd2aa13389f12d3474272988ae205f9\windows-amd64\native-platform-file-events.dll
0x00007ffa539e0000 - 0x00007ffa539ea000 	C:\Program Files\Eclipse Adoptium\jdk-17.0.20.8-hotspot\bin\management.dll
0x00007ffa53910000 - 0x00007ffa5391c000 	C:\Program Files\Eclipse Adoptium\jdk-17.0.20.8-hotspot\bin\management_ext.dll
0x00007ffa677f0000 - 0x00007ffa677f8000 	C:\WINDOWS\System32\PSAPI.DLL
0x00007ffa65fb0000 - 0x00007ffa65fcb000 	C:\WINDOWS\SYSTEM32\CRYPTSP.dll
0x00007ffa656b0000 - 0x00007ffa656eb000 	C:\WINDOWS\system32\rsaenh.dll
0x00007ffa65d80000 - 0x00007ffa65dab000 	C:\WINDOWS\SYSTEM32\USERENV.dll
0x00007ffa668c0000 - 0x00007ffa668e6000 	C:\WINDOWS\SYSTEM32\bcrypt.dll
0x00007ffa65fa0000 - 0x00007ffa65fac000 	C:\WINDOWS\SYSTEM32\CRYPTBASE.dll
0x00007ffa65120000 - 0x00007ffa65153000 	C:\WINDOWS\SYSTEM32\IPHLPAPI.DLL
0x00007ffa679a0000 - 0x00007ffa679aa000 	C:\WINDOWS\System32\NSI.dll
0x00007ffa5fe10000 - 0x00007ffa5fe2f000 	C:\WINDOWS\SYSTEM32\dhcpcsvc6.DLL
0x00007ffa5f9c0000 - 0x00007ffa5f9e5000 	C:\WINDOWS\SYSTEM32\dhcpcsvc.DLL
0x00007ffa651b0000 - 0x00007ffa652d6000 	C:\WINDOWS\SYSTEM32\DNSAPI.dll
0x00007ffa53570000 - 0x00007ffa53579000 	C:\Program Files\Eclipse Adoptium\jdk-17.0.20.8-hotspot\bin\extnet.dll
0x00007ffa52190000 - 0x00007ffa5219e000 	C:\Program Files\Eclipse Adoptium\jdk-17.0.20.8-hotspot\bin\sunmscapi.dll
0x00007ffa66fc0000 - 0x00007ffa67137000 	C:\WINDOWS\System32\CRYPT32.dll
0x00007ffa661c0000 - 0x00007ffa661f0000 	C:\WINDOWS\SYSTEM32\ncrypt.dll
0x00007ffa66170000 - 0x00007ffa661af000 	C:\WINDOWS\SYSTEM32\NTASN1.dll
0x00007ffa457b0000 - 0x00007ffa457b8000 	C:\WINDOWS\system32\wshunix.dll
0x00007ffa44590000 - 0x00007ffa445a8000 	C:\WINDOWS\system32\napinsp.dll
0x00007ffa44570000 - 0x00007ffa44582000 	C:\WINDOWS\System32\winrnr.dll
0x00007ffa5d830000 - 0x00007ffa5d850000 	C:\WINDOWS\system32\wshbth.dll
0x00007ffa1f610000 - 0x00007ffa1f640000 	C:\WINDOWS\system32\nlansp_c.dll
0x00007ffa5f4d0000 - 0x00007ffa5f4db000 	C:\Windows\System32\rasadhlp.dll
0x00007ffa60370000 - 0x00007ffa603f6000 	C:\WINDOWS\System32\fwpuclnt.dll
0x00007ffa5db30000 - 0x00007ffa5db4e000 	C:\Users\moham\AppData\Local\Temp\native-platform10825406104888058582dir\native-platform.dll

dbghelp: loaded successfully - version: 4.0.5 - missing functions: none
symbol engine: initialized successfully - sym options: 0x614 - pdb path: .;C:\Program Files\Eclipse Adoptium\jdk-17.0.20.8-hotspot\bin;C:\WINDOWS\SYSTEM32;C:\WINDOWS\WinSxS\amd64_microsoft.windows.common-controls_6595b64144ccf1df_6.0.26100.4768_none_3e0c112ce331287c;C:\Program Files\Eclipse Adoptium\jdk-17.0.20.8-hotspot\bin\server;D:\SDKs\.gradle\native\c067742578af261105cb4f569cf0c3c89f3d7b1fecec35dd04571415982c5e48\windows-amd64-min;D:\SDKs\.gradle\native\100fb08df4bc3b14c8652ba06237920a3bd2aa13389f12d3474272988ae205f9\windows-amd64;C:\Users\moham\AppData\Local\Temp\native-platform10825406104888058582dir

VM Arguments:
jvm_args: --add-opens=java.base/java.lang=ALL-UNNAMED --add-opens=java.base/java.lang.invoke=ALL-UNNAMED --add-opens=java.base/java.util=ALL-UNNAMED --add-opens=java.prefs/java.util.prefs=ALL-UNNAMED --add-exports=jdk.compiler/com.sun.tools.javac.api=ALL-UNNAMED --add-exports=jdk.compiler/com.sun.tools.javac.util=ALL-UNNAMED --add-opens=java.base/java.util=ALL-UNNAMED --add-opens=java.prefs/java.util.prefs=ALL-UNNAMED --add-opens=java.base/java.nio.charset=ALL-UNNAMED --add-opens=java.base/java.net=ALL-UNNAMED --add-opens=java.base/java.util.concurrent.atomic=ALL-UNNAMED --add-opens=java.xml/javax.xml.namespace=ALL-UNNAMED -Xmx2048m -Dfile.encoding=UTF-8 -Duser.country=US -Duser.language=en -Duser.variant -javaagent:D:\SDKs\.gradle\wrapper\dists\gradle-8.11.1-bin\bpt9gzteqjrbo1mjrsomdt32c\gradle-8.11.1\lib\agents\gradle-instrumentation-agent-8.11.1.jar 
java_command: org.gradle.launcher.daemon.bootstrap.GradleDaemon 8.11.1
java_class_path (initial): D:\SDKs\.gradle\wrapper\dists\gradle-8.11.1-bin\bpt9gzteqjrbo1mjrsomdt32c\gradle-8.11.1\lib\gradle-daemon-main-8.11.1.jar
Launcher Type: SUN_STANDARD

[Global flags]
     intx CICompilerCount                          = 4                                         {product} {ergonomic}
     uint ConcGCThreads                            = 3                                         {product} {ergonomic}
     uint G1ConcRefinementThreads                  = 10                                        {product} {ergonomic}
   size_t G1HeapRegionSize                         = 1048576                                   {product} {ergonomic}
    uintx GCDrainStackTargetSize                   = 64                                        {product} {ergonomic}
   size_t InitialHeapSize                          = 123731968                                 {product} {ergonomic}
   size_t MarkStackSize                            = 4194304                                   {product} {ergonomic}
   size_t MaxHeapSize                              = 2147483648                                {product} {command line}
   size_t MaxNewSize                               = 1287651328                                {product} {ergonomic}
   size_t MinHeapDeltaBytes                        = 1048576                                   {product} {ergonomic}
   size_t MinHeapSize                              = 8388608                                   {product} {ergonomic}
    uintx NonNMethodCodeHeapSize                   = 5839372                                {pd product} {ergonomic}
    uintx NonProfiledCodeHeapSize                  = 122909434                              {pd product} {ergonomic}
    uintx ProfiledCodeHeapSize                     = 122909434                              {pd product} {ergonomic}
    uintx ReservedCodeCacheSize                    = 251658240                              {pd product} {ergonomic}
     bool SegmentedCodeCache                       = true                                      {product} {ergonomic}
   size_t SoftMaxHeapSize                          = 2147483648                             {manageable} {ergonomic}
     bool UseCompressedClassPointers               = true                           {product lp64_product} {ergonomic}
     bool UseCompressedOops                        = true                           {product lp64_product} {ergonomic}
     bool UseG1GC                                  = true                                      {product} {ergonomic}
     bool UseLargePagesIndividualAllocation        = false                                  {pd product} {ergonomic}

Logging:
Log output configuration:
 #0: stdout all=warning uptime,level,tags
 #1: stderr all=off uptime,level,tags

Environment Variables:
JAVA_HOME=C:\Program Files\Eclipse Adoptium\jdk-17.0.20.8-hotspot\
CLASSPATH=E:\University Programs\Stabila\\gradle\wrapper\gradle-wrapper.jar
PATH=C:/Users/moham/.gemini/antigravity/bin;C:\Users\moham\AppData\Roaming\Antigravity\bin;C:\Program Files\Eclipse Adoptium\jdk-17.0.20.8-hotspot\bin;C:\Program Files (x86)\Common Files\Intel\Shared Libraries\redist\intel64_win\compiler;C:\WINDOWS\system32;C:\WINDOWS;C:\WINDOWS\System32\Wbem;C:\WINDOWS\System32\WindowsPowerShell\v1.0\;C:\WINDOWS\System32\OpenSSH\;C:\Program Files (x86)\NVIDIA Corporation\PhysX\Common;C:\Program Files\Git\cmd;C:\Program Files\dotnet\;C:\Program Files\NVIDIA Corporation\NVIDIA App\NvDLISR;C:\Program Files\nodejs\;C:\Program Files\CMake\bin;C:\Program Files\Microchip\xc8\v2.36\bin;C:\Program Files\Cloudflare\Cloudflare WARP\;C:\Users\moham\AppData\Local\Programs\Python\Python38\Scripts\;C:\Users\moham\AppData\Local\Programs\Python\Python38\;C:\Users\moham\AppData\Local\Programs\Python\Python311\Scripts\;C:\Users\moham\AppData\Local\Programs\Python\Python311\;C:\Users\moham\AppData\Local\Programs\Python\Python313\Scripts\;C:\Users\moham\AppData\Local\Programs\Python\Python313\;C:\Users\moham\AppData\Local\Programs\Python\Launcher\;C:\Users\moham\AppData\Local\Microsoft\WindowsApps;C:\Users\moham\AppData\Local\Programs\Microsoft VS Code\bin;C:\Users\moham\AppData\Local\Programs\Python\Python313;C:\Development\flutter\bin;C:\Users\moham\AppData\Local\Android\Sdk\cmdline-tools\latest\bin;C:\Users\moham\AppData\Local\Programs\Ollama;D:\variables\Ollama;D:\SDKs\platform-tools;C:\Users\moham\AppData\Roaming\npm;C:\Program Files\Eclipse Adoptium\jdk-17.0.20.8-hotspot\\bin;D:\Development\flutter\bin;C:\Users\moham\.dotnet\tools;C:\Users\moham\AppData\Local\Muse Hub\lib;D:\SDKs\cmdline-tools\latest\bin;D:\SDKs\platform-tools;C:\Program Files\Java\jdk-17\bin;
USERNAME=moham
OS=Windows_NT
PROCESSOR_IDENTIFIER=AMD64 Family 25 Model 68 Stepping 1, AuthenticAMD
TMP=C:\Users\moham\AppData\Local\Temp
TEMP=C:\Users\moham\AppData\Local\Temp



Periodic native trim disabled


---------------  S Y S T E M  ---------------

OS:
 Windows 11 , 64 bit Build 26100 (10.0.26100.4768)
OS uptime: 0 days 2:37 hours
Hyper-V role detected

CPU: total 12 (initial active 12) (12 cores per cpu, 2 threads per core) family 25 model 68 stepping 1 microcode 0xa404107, cx8, cmov, fxsr, ht, mmx, 3dnowpref, sse, sse2, sse3, ssse3, sse4a, sse4.1, sse4.2, popcnt, lzcnt, tsc, tscinvbit, avx, avx2, aes, erms, clmul, bmi1, bmi2, adx, sha, fma, vzeroupper, clflush, clflushopt, hv
Processor Information for all 12 processors :
  Max Mhz: 3301, Current Mhz: 3301, Mhz Limit: 3301

Memory: 4k page, system-wide physical 7498M (300M free)
TotalPageFile size 25498M (AvailPageFile size 35M)
current process WorkingSet (physical memory assigned to process): 367M, peak: 553M
current process commit charge ("private bytes"): 900M, peak: 924M

vm_info: OpenJDK 64-Bit Server VM (17.0.20+8) for windows-amd64 JRE (17.0.20+8), built on Jul 22 2026 00:41:45 by "admin" with MS VC++ 17.12 (VS2022)

END.
