JvmtiExport can_access_local_variables 0
JvmtiExport can_hotswap_or_post_breakpoint 0
JvmtiExport can_post_on_exceptions 0
# 488 ciObject found
instanceKlass org/jetbrains/kotlin/com/intellij/lang/impl/PsiBuilderImpl
ciInstanceKlass java/lang/Cloneable 1 0 7 100 1 100 1 1 1
instanceKlass org/jetbrains/kotlin/com/intellij/util/containers/TreeTraversal$TraversalInterceptor
instanceKlass org/jetbrains/kotlin/com/intellij/util/containers/TreeTraversal$GuidedIt$Guide
instanceKlass org/jetbrains/kotlin/com/intellij/util/containers/FilteredTraverserBase$Meta
instanceKlass org/jetbrains/kotlin/com/intellij/psi/impl/PsiClassImplUtil$MemberCache
instanceKlass org/jetbrains/kotlin/com/intellij/psi/ExternallyDefinedPsiElement
instanceKlass org/jetbrains/kotlin/com/intellij/psi/impl/ScopedClassHierarchy$1
instanceKlass org/jetbrains/kotlin/com/intellij/psi/impl/ScopedClassHierarchy
instanceKlass org/jetbrains/kotlin/com/intellij/psi/impl/PsiClassImplUtil$1
instanceKlass org/jetbrains/kotlin/asJava/classes/UltraLightUtilsKt$supportForSourceDeclaration$1
instanceKlass org/jetbrains/kotlin/asJava/classes/UltraLightUtilsKt$supportForDescriptor$1
instanceKlass org/jetbrains/kotlin/asJava/classes/TypeParametersSupport
instanceKlass org/jetbrains/kotlin/asJava/classes/UltraLightUtilsKt
instanceKlass org/jetbrains/kotlin/com/intellij/psi/impl/source/PsiImmediateClassType$1
instanceKlass org/jetbrains/kotlin/com/intellij/psi/PsiClassType$ClassResolveResult$1
instanceKlass org/jetbrains/kotlin/com/intellij/psi/impl/source/PsiClassReferenceType$DelegatingClassResolveResult
instanceKlass org/jetbrains/kotlin/analyzer/KotlinModificationTrackerService$Companion
instanceKlass org/jetbrains/kotlin/analyzer/KotlinModificationTrackerService
instanceKlass org/jetbrains/kotlin/asJava/classes/UltraLightSupportKt
instanceKlass org/jetbrains/kotlin/asJava/classes/KtLightClassImpl$Companion
instanceKlass org/jetbrains/kotlin/asJava/classes/KtExtensibleLightClass
instanceKlass org/jetbrains/kotlin/asJava/classes/KtLightClass
instanceKlass org/jetbrains/kotlin/asJava/elements/KtLightDeclaration
instanceKlass org/jetbrains/kotlin/asJava/elements/KtLightElement
instanceKlass java/awt/AWTEvent$1
instanceKlass sun/awt/AWTAccessor$AWTEventAccessor
instanceKlass sun/awt/AppContext$PostShutdownEventRunnable
instanceKlass java/util/IdentityHashMap$IdentityHashMapIterator
instanceKlass org/jetbrains/kotlin/asJava/classes/UltraLightUtilsKt$safeIsLocal$$inlined$runReadAction$1
instanceKlass org/jetbrains/kotlin/cli/jvm/compiler/CliLightClassGenerationSupport$CliLightClassSupport
instanceKlass org/jetbrains/kotlin/asJava/classes/KtUltraLightSupport
instanceKlass org/jetbrains/kotlin/asJava/LightClassCachedValue
instanceKlass org/jetbrains/kotlin/asJava/KotlinAsJavaSupportBase$WhenMappings
instanceKlass org/jetbrains/kotlin/asJava/classes/KtLightClassForSourceDeclarationKt
instanceKlass org/jetbrains/kotlin/com/intellij/notebook/editor/BackedVirtualFile
instanceKlass org/jetbrains/kotlin/com/intellij/psi/search/PsiSearchScopeUtil
instanceKlass org/jetbrains/kotlin/com/intellij/codeInsight/completion/scope/JavaCompletionHints
instanceKlass org/jetbrains/kotlin/com/intellij/psi/scope/DelegatingScopeProcessor
instanceKlass org/jetbrains/kotlin/com/intellij/psi/scope/PsiScopeProcessor$Event$1
instanceKlass org/jetbrains/kotlin/com/intellij/psi/PsiTypeCodeFragment
instanceKlass org/jetbrains/kotlin/com/intellij/psi/impl/source/ClassReferencePointer$1
instanceKlass org/jetbrains/kotlin/com/intellij/psi/SyntaxTraverser$ApiEx$1
instanceKlass org/jetbrains/kotlin/com/intellij/psi/SyntaxTraverser$Api$3
instanceKlass org/jetbrains/kotlin/com/intellij/psi/SyntaxTraverser$Api$2
instanceKlass org/jetbrains/kotlin/com/intellij/psi/SyntaxTraverser$Api$1
instanceKlass org/jetbrains/kotlin/com/intellij/psi/SyntaxTraverser$Api
instanceKlass org/jetbrains/kotlin/com/intellij/util/containers/TreeTraversal
instanceKlass org/jetbrains/kotlin/com/intellij/util/containers/FilteredTraverserBase
instanceKlass org/jetbrains/kotlin/com/intellij/psi/PsiClassType$ClassResolveResult
instanceKlass org/jetbrains/kotlin/com/intellij/lang/jvm/types/JvmTypeResolveResult
instanceKlass org/jetbrains/kotlin/com/intellij/psi/PsiConstantEvaluationHelper$AuxEvaluator
instanceKlass org/jetbrains/kotlin/com/intellij/psi/impl/JavaConstantExpressionEvaluator$1
instanceKlass org/jetbrains/kotlin/com/intellij/psi/PsiWalkingState$PsiTreeGuide
instanceKlass org/jetbrains/kotlin/com/intellij/codeInsight/CodeInsightUtilCore$StringParser
instanceKlass org/jetbrains/kotlin/com/intellij/codeInsight/FileModificationService
instanceKlass org/jetbrains/kotlin/com/intellij/psi/util/PsiLiteralUtil
instanceKlass org/jetbrains/kotlin/com/intellij/psi/javadoc/PsiDocTag
instanceKlass org/jetbrains/kotlin/com/intellij/psi/PsiUnaryExpression
instanceKlass org/jetbrains/kotlin/com/intellij/psi/PsiPattern
instanceKlass org/jetbrains/kotlin/com/intellij/psi/PsiPolyadicExpression
instanceKlass org/jetbrains/kotlin/com/intellij/psi/ServerPageFile
instanceKlass org/jetbrains/kotlin/com/intellij/psi/FileResolveScopeProvider
instanceKlass org/jetbrains/kotlin/com/intellij/psi/PsiMethodCallExpression
instanceKlass org/jetbrains/kotlin/com/intellij/util/containers/JBIterator$2
instanceKlass org/jetbrains/kotlin/com/intellij/util/Function$Mono
instanceKlass org/jetbrains/kotlin/com/intellij/util/containers/JBIterator$Op
instanceKlass org/jetbrains/kotlin/com/intellij/util/containers/JBIterator
instanceKlass org/jetbrains/kotlin/com/intellij/util/containers/JBIterable$Stateful
instanceKlass org/jetbrains/kotlin/com/intellij/util/containers/JBIterable
instanceKlass org/jetbrains/kotlin/com/intellij/psi/impl/source/resolve/SymbolCollectingProcessor$ResultWithContext
instanceKlass org/jetbrains/kotlin/com/intellij/psi/impl/source/resolve/JavaResolveUtil
instanceKlass org/jetbrains/kotlin/com/intellij/psi/impl/compiled/SignatureParsing
instanceKlass org/jetbrains/kotlin/com/intellij/psi/impl/compiled/StubBuildingVisitor$MethodInfo
instanceKlass org/jetbrains/kotlin/com/intellij/psi/impl/source/PsiJavaFileBaseImpl$MyResolveCacheProcessor
instanceKlass org/jetbrains/kotlin/com/intellij/psi/PsiImportStaticStatement
instanceKlass org/jetbrains/kotlin/com/intellij/psi/PsiImportStatement
instanceKlass org/jetbrains/kotlin/com/intellij/psi/impl/PsiClassImplUtil$ClassIconRequest
instanceKlass org/jetbrains/kotlin/com/intellij/psi/impl/PsiClassImplUtil
instanceKlass org/jetbrains/kotlin/com/intellij/psi/scope/JavaScopeProcessorEvent
instanceKlass org/jetbrains/kotlin/com/intellij/psi/ResolveState
instanceKlass org/jetbrains/kotlin/com/intellij/psi/scope/util/PsiScopesUtil
instanceKlass org/jetbrains/kotlin/com/intellij/psi/PsiResolveHelper$SERVICE
instanceKlass org/jetbrains/kotlin/com/intellij/psi/JavaResolveResult$1
instanceKlass org/jetbrains/kotlin/com/intellij/psi/impl/source/resolve/ClassResolverProcessor
instanceKlass org/jetbrains/kotlin/com/intellij/psi/impl/source/PsiJavaCodeReferenceElementImpl$1
instanceKlass org/jetbrains/kotlin/com/intellij/psi/impl/source/PsiJavaCodeReferenceElementImpl$OurGenericsResolver
instanceKlass com/google/devtools/ksp/symbol/impl/java/KSClassifierReferenceLiteImplForJava
instanceKlass com/google/devtools/ksp/symbol/impl/java/KSTypeReferenceLiteJavaImpl
instanceKlass com/google/devtools/ksp/symbol/impl/java/KSAnnotationJavaImpl
instanceKlass com/google/devtools/ksp/common/IdKeyPair
instanceKlass com/google/devtools/ksp/symbol/impl/java/KSValueParameterJavaImpl
instanceKlass org/jetbrains/kotlin/com/intellij/util/PairFunction
instanceKlass org/jetbrains/kotlin/metadata/ProtoBuf$1
instanceKlass kotlin/sequences/DistinctSequence
instanceKlass org/jetbrains/kotlin/com/intellij/psi/impl/source/resolve/JavaResolveCache$ConstValueComputer
instanceKlass java/util/ComparableTimSort
instanceKlass org/jetbrains/kotlin/com/intellij/psi/impl/source/PsiModifierListImpl$ModifierCache
instanceKlass org/jetbrains/kotlin/com/intellij/lang/jvm/annotation/JvmAnnotationAttributeValue
instanceKlass org/jetbrains/kotlin/com/intellij/psi/PsiJvmConversionHelper
instanceKlass com/google/devtools/ksp/symbol/impl/kotlin/KSExpectActualNoImpl
instanceKlass org/jetbrains/kotlin/com/intellij/psi/PsiExpressionList
instanceKlass org/jetbrains/kotlin/com/intellij/psi/PsiNewExpression
instanceKlass org/jetbrains/kotlin/com/intellij/psi/PsiCallExpression
instanceKlass org/jetbrains/kotlin/com/intellij/psi/PsiClassObjectAccessExpression
instanceKlass org/jetbrains/kotlin/com/intellij/psi/impl/source/tree/JavaSourceUtil
instanceKlass org/jetbrains/kotlin/com/intellij/psi/impl/source/tree/ChildRole
instanceKlass org/jetbrains/kotlin/com/intellij/psi/PsiCodeBlock
instanceKlass org/jetbrains/kotlin/com/intellij/psi/impl/source/ClassReferencePointer
instanceKlass org/jetbrains/kotlin/com/intellij/psi/impl/source/Constants
instanceKlass org/jetbrains/kotlin/com/intellij/patterns/ElementPattern
instanceKlass org/jetbrains/kotlin/com/intellij/psi/filters/ElementFilter
instanceKlass org/jetbrains/kotlin/com/intellij/psi/impl/source/SourceJavaCodeReference
instanceKlass org/jetbrains/kotlin/com/intellij/lang/java/parser/ExpressionParser$1
instanceKlass org/jetbrains/kotlin/com/intellij/lang/java/parser/ReferenceParser$TypeInfo
instanceKlass org/jetbrains/kotlin/com/intellij/lang/PsiBuilderUtil
instanceKlass org/jetbrains/kotlin/com/intellij/lang/java/parser/PatternParser
instanceKlass org/jetbrains/kotlin/com/intellij/lang/java/parser/ReferenceParser
instanceKlass org/jetbrains/kotlin/com/intellij/lang/java/parser/ExpressionParser
instanceKlass org/jetbrains/kotlin/com/intellij/lang/java/parser/StatementParser
instanceKlass org/jetbrains/kotlin/com/intellij/lang/java/parser/DeclarationParser
instanceKlass org/jetbrains/kotlin/com/intellij/lang/java/parser/ModuleParser
instanceKlass org/jetbrains/kotlin/com/intellij/lang/java/parser/FileParser
instanceKlass org/jetbrains/kotlin/com/intellij/lang/java/parser/JavaParser
instanceKlass org/jetbrains/kotlin/com/intellij/lang/java/lexer/_JavaLexer
instanceKlass org/jetbrains/kotlin/com/intellij/lang/java/parser/JavaParserUtil$TrailingWhitespacesAndCommentsBinder
instanceKlass org/jetbrains/kotlin/com/intellij/lang/java/parser/JavaParserUtil$PrecedingWhitespacesAndCommentsBinder
instanceKlass org/jetbrains/kotlin/com/intellij/psi/impl/source/tree/ElementType
instanceKlass org/jetbrains/kotlin/com/intellij/psi/impl/source/tree/JavaDocElementType
instanceKlass org/jetbrains/kotlin/com/intellij/psi/JavaDocTokenType
instanceKlass org/jetbrains/kotlin/com/intellij/lang/java/parser/JavaParserUtil
instanceKlass org/jetbrains/kotlin/com/intellij/psi/impl/source/PsiJavaFileBaseImpl$MyCacheBuilder
instanceKlass org/jetbrains/kotlin/com/intellij/psi/scope/PsiScopeProcessor$Event
instanceKlass kotlin/io/FileTreeWalk$FileTreeWalkIterator$WhenMappings
instanceKlass sun/awt/PostEventQueue
instanceKlass sun/awt/MostRecentKeyValue
instanceKlass java/awt/Queue
instanceKlass sun/awt/AppContext$1
instanceKlass sun/awt/AppContext$2
instanceKlass sun/awt/AppContext$3
instanceKlass sun/awt/AppContext$6
instanceKlass jdk/internal/access/JavaAWTAccess
instanceKlass sun/awt/AppContext$GetAppContextLock
instanceKlass sun/awt/AppContext
instanceKlass sun/awt/HeadlessToolkit$1
instanceKlass java/awt/peer/KeyboardFocusManagerPeer
instanceKlass sun/awt/AWTAutoShutdown
instanceKlass sun/awt/util/ThreadGroupUtils
instanceKlass sun/java2d/Disposer$1
instanceKlass sun/java2d/Disposer
instanceKlass sun/awt/windows/WToolkit$ToolkitDisposer
instanceKlass sun/java2d/DisposerRecord
instanceKlass sun/awt/util/PerformanceLogger$TimeData
instanceKlass sun/awt/util/PerformanceLogger
instanceKlass sun/awt/SunToolkit$ModalityListenerList
instanceKlass sun/awt/ModalityListener
instanceKlass javax/swing/event/EventListenerList
instanceKlass sun/awt/windows/WDesktopPeer
instanceKlass java/awt/peer/DesktopPeer
instanceKlass java/awt/Component$DummyRequestFocusController
instanceKlass sun/awt/RequestFocusController
instanceKlass java/awt/Component$1
instanceKlass sun/awt/AWTAccessor$ComponentAccessor
instanceKlass java/awt/Component$AWTTreeLock
instanceKlass java/awt/Component
instanceKlass java/awt/MenuContainer
instanceKlass java/awt/image/ImageObserver
instanceKlass sun/awt/DisplayChangedListener
instanceKlass sun/awt/image/SurfaceManager
instanceKlass sun/awt/image/SurfaceManager$ImageAccessor
instanceKlass java/awt/ImageCapabilities
instanceKlass java/awt/Image
instanceKlass sun/java2d/DestSurfaceProvider
instanceKlass sun/java2d/loops/RenderCache$Entry
instanceKlass sun/java2d/loops/RenderCache
instanceKlass sun/java2d/pipe/DrawImage
instanceKlass sun/java2d/pipe/GeneralCompositePipe
instanceKlass sun/java2d/pipe/SpanShapeRenderer
instanceKlass sun/java2d/pipe/AlphaPaintPipe
instanceKlass sun/java2d/pipe/AAShapePipe
instanceKlass sun/java2d/pipe/RegionIterator
instanceKlass sun/java2d/pipe/Region
instanceKlass sun/java2d/pipe/SpanClipRenderer
instanceKlass sun/java2d/pipe/PixelToShapeConverter
instanceKlass sun/java2d/pipe/AlphaColorPipe
instanceKlass sun/java2d/pipe/CompositePipe
instanceKlass sun/font/FontUtilities$1
instanceKlass sun/font/FontUtilities
instanceKlass sun/java2d/pipe/GlyphListPipe
instanceKlass sun/java2d/pipe/OutlineTextRenderer
instanceKlass sun/java2d/ReentrantContextProvider
instanceKlass sun/java2d/marlin/FloatMath
instanceKlass sun/java2d/marlin/MarlinProperties
instanceKlass sun/java2d/marlin/MarlinConst
instanceKlass sun/java2d/pipe/RenderingEngine
instanceKlass sun/java2d/pipe/LoopPipe
instanceKlass sun/java2d/pipe/LoopBasedPipe
instanceKlass sun/java2d/pipe/ParallelogramPipe
instanceKlass sun/java2d/pipe/NullPipe
instanceKlass sun/java2d/pipe/DrawImagePipe
instanceKlass sun/java2d/pipe/TextPipe
instanceKlass sun/java2d/pipe/ShapeDrawPipe
instanceKlass sun/java2d/pipe/PixelFillPipe
instanceKlass sun/java2d/pipe/PixelDrawPipe
instanceKlass sun/java2d/StateTrackableDelegate$2
instanceKlass sun/java2d/StateTrackableDelegate
instanceKlass sun/java2d/cmm/ProfileDeferralInfo
instanceKlass java/awt/color/ICC_Profile$BuiltInProfile
instanceKlass java/awt/color/ICC_Profile
instanceKlass java/awt/color/ColorSpace$BuiltInSpace
instanceKlass java/awt/color/ColorSpace
instanceKlass java/awt/image/ColorModel$1
instanceKlass java/awt/image/ColorModel
instanceKlass sun/awt/image/PixelConverter
instanceKlass sun/java2d/loops/SurfaceType
instanceKlass sun/java2d/SurfaceData
instanceKlass sun/java2d/Surface
instanceKlass sun/java2d/StateTrackable
instanceKlass sun/java2d/DisposerTarget
instanceKlass java/awt/Transparency
instanceKlass sun/awt/windows/WToolkit$1
instanceKlass sun/util/logging/PlatformLogger$ConfigurableBridge$LoggerConfiguration
instanceKlass jdk/internal/logger/LoggerFinderLoader
instanceKlass jdk/internal/logger/LazyLoggers$LazyLoggerFactories
instanceKlass jdk/internal/logger/LazyLoggers$1
instanceKlass jdk/internal/logger/LazyLoggers
instanceKlass sun/util/logging/PlatformLogger
instanceKlass sun/awt/WeakIdentityHashMap
instanceKlass java/util/concurrent/locks/AbstractQueuedSynchronizer$ConditionObject
instanceKlass java/util/concurrent/locks/Condition
instanceKlass sun/awt/KeyboardFocusManagerPeerProvider
instanceKlass sun/awt/InputMethodSupport
instanceKlass sun/awt/ComponentFactory
instanceKlass sun/awt/PlatformGraphicsInfo
instanceKlass java/awt/GraphicsEnvironment
instanceKlass java/awt/Insets
instanceKlass java/lang/invoke/LambdaFormEditor$1
instanceKlass java/awt/Toolkit$1
instanceKlass java/awt/Toolkit$2
instanceKlass sun/security/util/SecurityConstants
instanceKlass java/util/ResourceBundle$ResourceBundleProviderHelper
instanceKlass java/util/ResourceBundle$3
instanceKlass java/util/ResourceBundle$CacheKeyReference
instanceKlass java/util/ResourceBundle$CacheKey
instanceKlass java/util/ResourceBundle$1
instanceKlass jdk/internal/access/JavaUtilResourceBundleAccess
instanceKlass java/util/ResourceBundle
instanceKlass java/awt/Toolkit$4
instanceKlass java/awt/Toolkit$3
instanceKlass sun/awt/AWTAccessor$ToolkitAccessor
instanceKlass java/awt/Toolkit
instanceKlass java/awt/EventQueue$3
instanceKlass sun/awt/AWTAccessor
instanceKlass java/awt/EventQueue$2
instanceKlass sun/awt/AWTAccessor$EventQueueAccessor
instanceKlass java/awt/EventQueue$1
instanceKlass java/awt/EventQueue
instanceKlass javax/swing/SwingUtilities
instanceKlass javax/swing/SwingConstants
instanceKlass org/jetbrains/kotlin/com/intellij/util/containers/LockFreeCopyOnWriteArrayList$COWIterator
instanceKlass org/jetbrains/kotlin/com/intellij/util/messages/MessageHandler
instanceKlass org/jetbrains/kotlin/com/intellij/codeWithMe/ClientIdService$Companion
instanceKlass org/jetbrains/kotlin/com/intellij/codeWithMe/ClientIdService
instanceKlass org/jetbrains/kotlin/com/intellij/codeWithMe/ClientId$Companion
instanceKlass org/jetbrains/kotlin/com/intellij/codeWithMe/ClientId
instanceKlass org/jetbrains/kotlin/com/intellij/util/messages/impl/Message
instanceKlass java/lang/invoke/MethodHandleImpl$ArrayAccessor
instanceKlass java/lang/invoke/MethodHandleImpl$2
instanceKlass java/lang/invoke/MethodHandleImpl$LoopClauses
instanceKlass java/lang/invoke/MethodHandleImpl$CasesHolder
instanceKlass java/lang/invoke/ClassSpecializer$Factory$1Var
instanceKlass sun/invoke/util/ValueConversions$1
instanceKlass sun/invoke/util/ValueConversions$WrapperCache
instanceKlass org/jetbrains/kotlin/com/intellij/util/messages/impl/MethodHandleCache
instanceKlass java/util/concurrent/ConcurrentLinkedQueue$Itr
instanceKlass org/jetbrains/kotlin/cli/common/messages/GroupingMessageCollector$Message
instanceKlass org/jetbrains/kotlin/com/intellij/util/io/URLUtil
instanceKlass org/jetbrains/kotlin/com/intellij/util/PathUtil
instanceKlass org/jetbrains/kotlin/cli/jvm/compiler/ClasspathRootsResolver$RootWithPrefix
instanceKlass org/jetbrains/kotlin/cli/jvm/config/JvmModulePathRoot
instanceKlass org/jetbrains/kotlin/cli/common/CodeAnalysisMeasurement
instanceKlass org/jetbrains/kotlin/cli/common/PerformanceMeasurement
instanceKlass org/jetbrains/kotlin/resolve/jvm/JvmBindingContextSlices
instanceKlass org/jetbrains/kotlin/com/google/common/collect/Collections2
instanceKlass org/jetbrains/kotlin/com/intellij/openapi/util/TextRange
instanceKlass org/jetbrains/kotlin/com/intellij/openapi/util/Segment
instanceKlass org/jetbrains/kotlin/diagnostics/DiagnosticUtils
instanceKlass org/jetbrains/kotlin/kdoc/psi/impl/KDocTag$Companion
instanceKlass org/jetbrains/kotlin/kdoc/parser/KDocElementTypes
instanceKlass org/jetbrains/kotlin/kdoc/parser/KDocParser
instanceKlass org/jetbrains/kotlin/com/intellij/lexer/MergingLexerAdapter$MyMergeFunction
instanceKlass org/jetbrains/kotlin/kdoc/lexer/_KDocLexer
instanceKlass org/jetbrains/kotlin/com/intellij/lexer/MergeFunction
instanceKlass org/jetbrains/kotlin/cli/common/messages/AnalyzerWithCompilerReport$SyntaxErrorReport
instanceKlass org/jetbrains/kotlin/parsing/BindAll
instanceKlass org/jetbrains/kotlin/parsing/AllCommentsBinder
instanceKlass org/jetbrains/kotlin/parsing/KotlinWhitespaceAndCommentsBindersKt
instanceKlass org/jetbrains/kotlin/cli/common/messages/DefaultDiagnosticReporter
instanceKlass org/jetbrains/kotlin/cli/common/messages/MessageCollectorBasedReporter
instanceKlass org/jetbrains/kotlin/cli/common/messages/DiagnosticMessageReporter
instanceKlass org/jetbrains/kotlin/resolve/deprecation/DeprecationSettings$Default
instanceKlass org/jetbrains/kotlin/analyzer/AnalysisResult$Companion
instanceKlass org/jetbrains/kotlin/analyzer/AnalysisResult
instanceKlass java/lang/SuppressWarnings
instanceKlass dagger/internal/codegen/javapoet/AnnotationSpecs
instanceKlass dagger/internal/DaggerGenerated
instanceKlass dagger/internal/codegen/writing/GwtCompatibility
instanceKlass com/google/common/collect/Lists
instanceKlass dagger/spi/internal/shaded/androidx/room/compiler/processing/util/NamingUtilsKt
instanceKlass com/squareup/javapoet/CodeBlock$CodeBlockJoiner
instanceKlass dagger/internal/codegen/javapoet/CodeBlocks
instanceKlass dagger/internal/codegen/writing/InjectionMethods
instanceKlass dagger/internal/codegen/writing/InjectionMethods$ProvisionMethod
instanceKlass com/squareup/javapoet/FieldSpec$Builder
instanceKlass com/squareup/javapoet/FieldSpec
instanceKlass dagger/internal/codegen/binding/DependencyVariableNamer$1
instanceKlass dagger/internal/codegen/binding/DependencyVariableNamer
instanceKlass dagger/internal/codegen/binding/FrameworkType$3
instanceKlass dagger/internal/codegen/binding/FrameworkTypeMapper$3
instanceKlass dagger/internal/codegen/binding/FrameworkField
instanceKlass com/google/common/base/NullnessCasts
instanceKlass dagger/internal/codegen/base/UniqueNameSet
instanceKlass dagger/internal/codegen/writing/FactoryGenerator$1
instanceKlass dagger/internal/codegen/binding/ContributionBinding$1
instanceKlass java/util/stream/DistinctOps
instanceKlass dagger/spi/internal/shaded/androidx/room/compiler/processing/XTypeParameterElement
instanceKlass java/util/stream/Streams$RangeIntSpliterator
instanceKlass com/google/common/collect/CollectSpliterators$1WithCharacteristics
instanceKlass com/google/common/collect/CollectSpliterators
instanceKlass java/util/stream/StreamSpliterators
instanceKlass java/util/stream/StreamSpliterators$AbstractWrappingSpliterator
instanceKlass dagger/internal/codegen/base/ComponentAnnotation
instanceKlass dagger/internal/codegen/xprocessing/XAnnotationValues
instanceKlass dagger/internal/codegen/model/DaggerTypeElement
instanceKlass com/google/devtools/ksp/common/impl/KSTypeReferenceSyntheticImpl
instanceKlass org/jetbrains/kotlin/resolve/constants/IntegerValueTypeConstant
instanceKlass org/jetbrains/kotlin/resolve/jvm/RuntimeAssertionsDataFlowExtras
instanceKlass org/jetbrains/kotlin/resolve/jvm/RuntimeAssertionInfo$DataFlowExtras
instanceKlass org/jetbrains/kotlin/resolve/jvm/RuntimeAssertionInfo$Companion
instanceKlass org/jetbrains/kotlin/resolve/jvm/RuntimeAssertionInfo
instanceKlass org/jetbrains/kotlin/resolve/ImplicitIntegerCoercion
instanceKlass org/jetbrains/kotlin/resolve/calls/tower/NewAbstractResolvedCall$getDataFlowInfoForArguments$1
instanceKlass org/jetbrains/kotlin/resolve/calls/model/ArgumentMatchImpl
instanceKlass org/jetbrains/kotlin/resolve/calls/model/ArgumentMatch
instanceKlass org/jetbrains/kotlin/resolve/calls/model/ArgumentMapping
instanceKlass org/jetbrains/kotlin/resolve/calls/model/VarargValueArgument
instanceKlass org/jetbrains/kotlin/resolve/calls/tower/EmptyLabeledReturn
instanceKlass org/jetbrains/kotlin/resolve/calls/model/QualifierReceiverKotlinCallArgument
instanceKlass org/jetbrains/kotlin/resolve/calls/model/ReceiverExpressionKotlinCallArgument
instanceKlass org/jetbrains/kotlin/resolve/descriptorUtil/AnnotationsForResolveKt
instanceKlass org/jetbrains/kotlin/resolve/descriptorUtil/AnnotationsForResolveUtilsKt
instanceKlass org/jetbrains/kotlin/resolve/calls/inference/BuilderInferenceUtilKt
instanceKlass org/jetbrains/kotlin/resolve/calls/inference/model/InitialConstraint
instanceKlass org/jetbrains/kotlin/resolve/calls/inference/ConstraintSystemBuilderKt$WhenMappings
instanceKlass org/jetbrains/kotlin/resolve/calls/inference/ConstraintSystemTransaction
instanceKlass org/jetbrains/kotlin/resolve/calls/inference/ConstraintSystemBuilderKt
instanceKlass org/jetbrains/kotlin/resolve/calls/components/SimpleArgumentsChecksKt
instanceKlass org/jetbrains/kotlin/resolve/calls/components/PostponeArgumentsChecksKt
instanceKlass org/jetbrains/kotlin/builtins/UnsignedTypes
instanceKlass org/jetbrains/kotlin/resolve/calls/components/UnitTypeConversions
instanceKlass org/jetbrains/kotlin/resolve/calls/components/SuspendTypeConversions
instanceKlass org/jetbrains/kotlin/resolve/calls/components/TypeConversions$ConversionData
instanceKlass org/jetbrains/kotlin/resolve/calls/components/SamTypeConversions
instanceKlass org/jetbrains/kotlin/resolve/calls/components/ParameterTypeConversion
instanceKlass org/jetbrains/kotlin/resolve/calls/components/TypeConversions
instanceKlass org/jetbrains/kotlin/resolve/calls/components/ResolutionPartsKt
instanceKlass org/jetbrains/kotlin/resolve/calls/components/ReceiverInfo$Companion
instanceKlass org/jetbrains/kotlin/resolve/calls/components/ReceiverInfo
instanceKlass org/jetbrains/kotlin/resolve/calls/model/SubKotlinCallArgument
instanceKlass org/jetbrains/kotlin/resolve/calls/model/LambdaKotlinCallArgument
instanceKlass org/jetbrains/kotlin/resolve/calls/model/ExpressionKotlinCallArgument
instanceKlass org/jetbrains/kotlin/resolve/scopes/receivers/QualifierReceiverKt
instanceKlass javaslang/Tuple2
instanceKlass javaslang/Tuple
instanceKlass javaslang/collection/IteratorModule$EmptyIterator
instanceKlass javaslang/collection/AbstractIterator
instanceKlass javaslang/collection/List$Nil
instanceKlass javaslang/collection/List
instanceKlass javaslang/collection/Stack
instanceKlass javaslang/collection/Queue
instanceKlass javaslang/collection/LinearSeq
instanceKlass javaslang/collection/LinkedHashMap
instanceKlass javaslang/collection/LinkedHashSet
instanceKlass javaslang/control/Option$None
instanceKlass org/jetbrains/kotlin/resolve/calls/smartcasts/DataFlowValueKt
instanceKlass org/jetbrains/kotlin/resolve/calls/smartcasts/IdentifierInfo$Expression
instanceKlass org/jetbrains/kotlin/resolve/calls/smartcasts/IdentifierInfo$ERROR
instanceKlass org/jetbrains/kotlin/resolve/calls/smartcasts/DataFlowValue$Companion
instanceKlass org/jetbrains/kotlin/resolve/calls/smartcasts/IdentifierInfo$NO
instanceKlass org/jetbrains/kotlin/resolve/calls/smartcasts/IdentifierInfo
instanceKlass org/jetbrains/kotlin/resolve/calls/smartcasts/IdentifierInfoKt
instanceKlass org/jetbrains/kotlin/resolve/scopes/receivers/ExpressionReceiver$Companion
instanceKlass org/jetbrains/kotlin/resolve/calls/util/PsiUtilsKt
instanceKlass org/jetbrains/kotlin/util/IncrementalTrackerUtilKt
instanceKlass org/jetbrains/kotlin/resolve/constants/CompileTimeConstant$DefaultImpls
instanceKlass org/jetbrains/kotlin/resolve/constants/TypedCompileTimeConstant
instanceKlass org/jetbrains/kotlin/resolve/constants/CompileTimeConstant$Parameters
instanceKlass org/jetbrains/kotlin/types/expressions/typeInfoFactory/TypeInfoFactoryKt
instanceKlass org/jetbrains/kotlin/resolve/calls/tower/NewCallArgumentsKt
instanceKlass org/jetbrains/kotlin/psi/KtPsiUtil$KtExpressionWrapper
instanceKlass dagger/internal/codegen/binding/SourceFiles$1
instanceKlass dagger/internal/codegen/extension/DaggerCollectors$ToOptionalState
instanceKlass dagger/internal/codegen/extension/DaggerCollectors
instanceKlass com/google/common/collect/SortedIterables
instanceKlass java/util/Collections$ReverseComparator2
instanceKlass java/util/Collections$ReverseComparator
instanceKlass org/jetbrains/kotlin/com/intellij/psi/impl/source/tree/RecursiveTreeElementWalkingVisitor$ASTTreeGuide
instanceKlass org/jetbrains/kotlin/com/intellij/util/WalkingState
instanceKlass org/jetbrains/kotlin/com/intellij/psi/impl/source/tree/AstBufferUtil
instanceKlass org/jetbrains/kotlin/resolve/BindingContextUtils
instanceKlass org/jetbrains/kotlin/resolve/calls/util/UnderscoreUtilKt
instanceKlass org/jetbrains/kotlin/resolve/jvm/JdkClassesKt
instanceKlass dagger/internal/codegen/binding/MembersInjectionBinding$InjectionSite
instanceKlass com/google/common/collect/LinkedHashMultimap$ValueSetLink
instanceKlass dagger/internal/codegen/binding/InjectionSiteFactory$InjectionSiteVisitor
instanceKlass com/google/common/collect/Ordering
instanceKlass java/util/Comparators$NullComparator
instanceKlass dagger/internal/codegen/extension/Optionals
instanceKlass dagger/spi/internal/shaded/androidx/room/compiler/processing/ksp/KspTypeElement$WhenMappings
instanceKlass dagger/internal/codegen/binding/Nullability
instanceKlass dagger/internal/codegen/model/DaggerElement
instanceKlass dagger/internal/codegen/model/DependencyRequest$Builder
instanceKlass dagger/internal/codegen/model/DependencyRequest
instanceKlass dagger/internal/codegen/model/Key$Builder
instanceKlass dagger/internal/codegen/model/Key
instanceKlass com/google/common/base/Equivalence$Wrapper
instanceKlass dagger/internal/codegen/model/DaggerType
instanceKlass dagger/internal/codegen/xprocessing/XTypeElements
instanceKlass dagger/internal/codegen/langmodel/Accessibility
instanceKlass dagger/internal/codegen/base/RequestKinds$1
instanceKlass dagger/internal/codegen/base/RequestKinds
instanceKlass dagger/internal/codegen/base/FrameworkTypes
instanceKlass dagger/internal/codegen/validation/DependencyRequestValidator$Validator
instanceKlass dagger/spi/internal/shaded/androidx/room/compiler/processing/XEnumEntry
instanceKlass dagger/internal/codegen/model/Scope
instanceKlass dagger/internal/codegen/model/DaggerAnnotation
instanceKlass dagger/internal/codegen/xprocessing/XAnnotations
instanceKlass dagger/spi/internal/shaded/androidx/room/compiler/processing/XMethodType
instanceKlass dagger/internal/codegen/xprocessing/XExecutableTypes
instanceKlass dagger/internal/codegen/base/DaggerSuperficialValidation$1
instanceKlass com/google/devtools/ksp/common/KSPUtilsKt
instanceKlass com/google/devtools/ksp/processing/impl/ResolverImpl$WhenMappings
instanceKlass com/google/devtools/ksp/symbol/impl/kotlin/KSFunctionImpl
instanceKlass com/google/devtools/ksp/symbol/KSFunction
instanceKlass dagger/spi/internal/shaded/androidx/room/compiler/processing/ksp/KspExecutableParameterElement$Companion
instanceKlass dagger/spi/internal/shaded/androidx/room/compiler/processing/XExecutableParameterElement
instanceKlass dagger/spi/internal/shaded/androidx/room/compiler/processing/ksp/KspExecutableType
instanceKlass dagger/spi/internal/shaded/androidx/room/compiler/processing/XConstructorType
instanceKlass dagger/internal/codegen/binding/AssistedInjectionAnnotations
instanceKlass java/util/AbstractList$RandomAccessSpliterator
instanceKlass org/jetbrains/kotlin/load/java/structure/JavaTypesKt
instanceKlass kotlin/Result$Failure
instanceKlass kotlin/ResultKt
instanceKlass kotlin/Result$Companion
instanceKlass kotlin/Result
instanceKlass kotlin/coroutines/EmptyCoroutineContext
instanceKlass kotlin/coroutines/CoroutineContext
instanceKlass kotlin/coroutines/jvm/internal/DebugProbesKt
instanceKlass kotlin/coroutines/intrinsics/IntrinsicsKt__IntrinsicsJvmKt
instanceKlass kotlin/sequences/SequenceScope
instanceKlass kotlin/sequences/SequencesKt__SequenceBuilderKt$sequence$$inlined$Sequence$1
instanceKlass kotlin/coroutines/jvm/internal/BaseContinuationImpl
instanceKlass kotlin/coroutines/jvm/internal/CoroutineStackFrame
instanceKlass kotlin/coroutines/Continuation
instanceKlass kotlin/coroutines/jvm/internal/SuspendFunction
instanceKlass dagger/spi/internal/shaded/androidx/room/compiler/processing/ksp/KspProcessingEnv$CommonTypes
instanceKlass dagger/spi/internal/shaded/androidx/room/compiler/processing/ksp/KspMethodElement$Companion
instanceKlass dagger/internal/codegen/validation/ValidationReport$Builder
instanceKlass com/google/common/graph/BaseGraph
instanceKlass com/google/common/graph/Traverser
instanceKlass dagger/internal/codegen/base/Util
instanceKlass dagger/internal/codegen/validation/ValidationReport
instanceKlass com/google/common/collect/TransformedIterator
instanceKlass com/google/common/collect/Maps$13
instanceKlass com/google/common/collect/Iterables
instanceKlass com/google/common/collect/Maps$9
instanceKlass org/jetbrains/kotlin/descriptors/annotations/AnnotationsImpl
instanceKlass dagger/hilt/android/processor/internal/viewmodel/ViewModelValidationPluginKt$WhenMappings
instanceKlass dagger/internal/codegen/validation/SpiModelBindingGraphConverter$1
instanceKlass dagger/hilt/android/processor/internal/viewmodel/ViewModelValidationPluginKt
instanceKlass dagger/spi/model/DaggerProcessingEnv
instanceKlass dagger/spi/model/BindingGraph$Edge
instanceKlass dagger/spi/model/BindingGraph$Node
instanceKlass dagger/spi/model/DiagnosticReporter
instanceKlass dagger/internal/codegen/validation/SpiModelBindingGraphConverter
instanceKlass dagger/internal/codegen/model/DaggerProcessingEnv
instanceKlass dagger/internal/codegen/processingstep/ProcessingStepsModule
instanceKlass dagger/internal/codegen/processingstep/ProcessingStepsModule_ProcessingStepsFactory
instanceKlass dagger/internal/codegen/processingstep/BindingMethodProcessingStep_Factory
instanceKlass dagger/internal/codegen/processingstep/ComponentHjarProcessingStep_Factory
instanceKlass dagger/internal/codegen/componentgenerator/ComponentGeneratorModule
instanceKlass dagger/internal/codegen/componentgenerator/ComponentGeneratorModule_ComponentHjarGeneratorFactory
instanceKlass dagger/internal/codegen/componentgenerator/ComponentHjarGenerator_Factory
instanceKlass dagger/internal/codegen/processingstep/ComponentProcessingStep_Factory
instanceKlass dagger/internal/codegen/componentgenerator/ComponentGenerator_Factory
instanceKlass dagger/internal/codegen/componentgenerator/TopLevelImplementationComponent
instanceKlass dagger/internal/codegen/DaggerDelegateComponentProcessor_Injector$TopLevelImplementationComponentFactory
instanceKlass dagger/internal/codegen/validation/ComponentDescriptorValidator
instanceKlass dagger/internal/codegen/validation/ComponentDescriptorValidator_Factory
instanceKlass dagger/internal/codegen/validation/ComponentHierarchyValidator
instanceKlass dagger/internal/codegen/validation/ComponentHierarchyValidator_Factory
instanceKlass dagger/internal/codegen/validation/ComponentValidator
instanceKlass dagger/internal/codegen/validation/ComponentCreatorValidator
instanceKlass dagger/internal/codegen/processingstep/ModuleProcessingStep_Factory
instanceKlass dagger/internal/codegen/writing/InaccessibleMapKeyProxyGenerator_Factory
instanceKlass dagger/internal/codegen/DelegateComponentProcessor_SourceFileGeneratorsModule_ModuleConstructorProxyGeneratorFactory
instanceKlass dagger/internal/codegen/writing/ModuleProxies_ModuleConstructorProxyGenerator_Factory
instanceKlass dagger/internal/codegen/DelegateComponentProcessor_SourceFileGeneratorsModule_ProducerFactoryGeneratorFactory
instanceKlass dagger/internal/codegen/writing/ProducerFactoryGenerator$FutureTransform
instanceKlass dagger/internal/codegen/writing/ProducerFactoryGenerator_Factory
instanceKlass dagger/internal/codegen/model/BindingGraph
instanceKlass dagger/internal/codegen/validation/ModuleValidator
instanceKlass dagger/internal/codegen/validation/BindingGraphValidator
instanceKlass dagger/internal/codegen/validation/ExternalBindingGraphPlugins
instanceKlass dagger/internal/codegen/model/DiagnosticReporter
instanceKlass dagger/internal/codegen/validation/ValidationBindingGraphPlugins
instanceKlass dagger/internal/codegen/validation/DiagnosticReporterFactory
instanceKlass dagger/internal/codegen/bindinggraphvalidation/BindingGraphValidationModule
instanceKlass dagger/internal/codegen/model/BindingGraph$Edge
instanceKlass dagger/internal/codegen/validation/DiagnosticMessageGenerator$Factory
instanceKlass dagger/internal/codegen/model/Binding
instanceKlass dagger/internal/codegen/model/BindingGraph$MaybeBinding
instanceKlass dagger/internal/codegen/model/BindingGraph$Node
instanceKlass dagger/internal/codegen/validation/ValidationBindingGraphPlugin
instanceKlass dagger/internal/codegen/model/BindingGraphPlugin
instanceKlass dagger/internal/codegen/binding/BindingGraphFactory
instanceKlass com/google/common/graph/Network
instanceKlass com/google/common/graph/PredecessorsFunction
instanceKlass com/google/common/graph/SuccessorsFunction
instanceKlass dagger/internal/codegen/binding/BindingGraphConverter
instanceKlass dagger/internal/codegen/binding/ComponentDescriptor
instanceKlass dagger/internal/codegen/binding/ComponentDescriptor$Factory
instanceKlass dagger/internal/codegen/binding/ModuleDescriptor
instanceKlass dagger/internal/codegen/binding/ModuleDescriptor$Factory
instanceKlass dagger/internal/codegen/binding/OptionalBindingDeclaration$Factory
instanceKlass dagger/internal/codegen/binding/SubcomponentDeclaration$Factory
instanceKlass dagger/internal/codegen/binding/DelegateDeclaration$Factory
instanceKlass dagger/internal/codegen/binding/MultibindingDeclaration$Factory
instanceKlass dagger/internal/codegen/processingstep/BindsInstanceProcessingStep_Factory
instanceKlass dagger/internal/codegen/validation/BindsInstanceParameterValidator_Factory
instanceKlass dagger/internal/codegen/validation/BindsInstanceMethodValidator_Factory
instanceKlass dagger/internal/codegen/processingstep/MultibindingAnnotationsProcessingStep_Factory
instanceKlass dagger/internal/codegen/validation/AnyBindingMethodValidator
instanceKlass dagger/internal/codegen/validation/BindingMethodValidatorsModule
instanceKlass dagger/internal/codegen/binding/BindsTypeChecker
instanceKlass dagger/internal/codegen/validation/BindingElementValidator$ElementValidator
instanceKlass dagger/internal/codegen/validation/BindingElementValidator
instanceKlass dagger/internal/codegen/processingstep/MonitoringModuleProcessingStep_Factory
instanceKlass dagger/internal/codegen/processingstep/MonitoringModuleGenerator_Factory
instanceKlass dagger/internal/codegen/processingstep/AssistedProcessingStep_Factory
instanceKlass dagger/internal/codegen/processingstep/AssistedFactoryProcessingStep_Factory
instanceKlass dagger/internal/codegen/processingstep/AssistedInjectProcessingStep_Factory
instanceKlass dagger/internal/codegen/processingstep/InjectProcessingStep_Factory
instanceKlass dagger/internal/codegen/binding/MonitoringModules
instanceKlass dagger/internal/codegen/processingstep/SuperficialValidator
instanceKlass dagger/internal/codegen/processingstep/TypeCheckingProcessingStep_MembersInjector
instanceKlass dagger/internal/codegen/processingstep/TypeCheckingProcessingStep
instanceKlass dagger/internal/codegen/processingstep/MapKeyProcessingStep_Factory
instanceKlass dagger/internal/codegen/writing/UnwrappedMapKeyGenerator_Factory
instanceKlass dagger/internal/codegen/writing/AnnotationCreatorGenerator_Factory
instanceKlass dagger/internal/codegen/validation/MapKeyValidator
instanceKlass dagger/internal/codegen/validation/MapKeyValidator_Factory
instanceKlass dagger/internal/codegen/DelegateComponentProcessor_SourceFileGeneratorsModule_MembersInjectorGeneratorFactory
instanceKlass dagger/internal/codegen/writing/MembersInjectorGenerator_Factory
instanceKlass dagger/internal/codegen/DelegateComponentProcessor$SourceFileGeneratorsModule
instanceKlass dagger/internal/codegen/DelegateComponentProcessor_SourceFileGeneratorsModule_FactoryGeneratorFactory
instanceKlass dagger/internal/codegen/base/SourceFileGenerator
instanceKlass dagger/internal/codegen/writing/FactoryGenerator_Factory
instanceKlass com/google/common/base/Joiner
instanceKlass dagger/internal/codegen/binding/SourceFiles
instanceKlass dagger/internal/codegen/binding/SourceFiles_Factory
instanceKlass dagger/internal/codegen/DelegateComponentProcessor_MembersInjector
instanceKlass dagger/MembersInjector
instanceKlass dagger/internal/codegen/javapoet/TypeNames
instanceKlass dagger/internal/codegen/validation/InjectBindingRegistryImpl$BindingsCollection
instanceKlass dagger/internal/codegen/base/ContributionType$HasContributionType
instanceKlass dagger/internal/codegen/binding/BindingDeclaration
instanceKlass dagger/internal/codegen/validation/InjectBindingRegistryImpl
instanceKlass dagger/internal/codegen/binding/InjectBindingRegistry
instanceKlass dagger/spi/internal/shaded/androidx/room/compiler/processing/XExecutableType
instanceKlass dagger/internal/codegen/binding/ContributionBinding$Builder
instanceKlass dagger/internal/codegen/binding/BindingFactory
instanceKlass dagger/internal/codegen/binding/InjectionSiteFactory
instanceKlass dagger/internal/codegen/binding/DependencyRequestFactory
instanceKlass dagger/internal/codegen/binding/KeyFactory
instanceKlass dagger/internal/codegen/validation/InjectValidator
instanceKlass dagger/internal/codegen/base/Formatter
instanceKlass dagger/internal/codegen/validation/DependencyRequestValidator
instanceKlass dagger/internal/codegen/validation/MembersInjectionValidator
instanceKlass dagger/internal/codegen/binding/InjectionAnnotations
instanceKlass dagger/internal/codegen/base/DaggerSuperficialValidation
instanceKlass java/util/Collections$2
instanceKlass com/google/common/collect/Sets
instanceKlass com/google/common/collect/CompactHashing
instanceKlass com/google/common/primitives/IntsMethodsForWeb
instanceKlass com/google/common/collect/ImmutableMultimap$Builder
instanceKlass com/google/common/collect/SortedIterable
instanceKlass com/google/common/collect/SetMultimap
instanceKlass com/google/common/collect/AbstractMapEntry
instanceKlass java/util/stream/ForEachOps$ForEachOp
instanceKlass java/util/stream/ForEachOps
instanceKlass java/util/stream/Streams$2
instanceKlass java/util/stream/Streams$ConcatSpliterator
instanceKlass com/google/common/base/Ascii
instanceKlass com/google/common/base/CharMatcher
instanceKlass com/google/common/collect/ImmutableMap$Builder
instanceKlass dagger/internal/codegen/compileroption/ProcessingEnvironmentCompilerOptions$EnumOption
instanceKlass dagger/internal/codegen/compileroption/ProcessingEnvironmentCompilerOptions$CommandLineOption
instanceKlass dagger/internal/codegen/compileroption/CompilerOptions
instanceKlass dagger/internal/codegen/kotlin/KotlinMetadataUtil
instanceKlass dagger/internal/codegen/kotlin/KotlinMetadataFactory
instanceKlass dagger/internal/codegen/base/ClearableCache
instanceKlass javax/annotation/processing/Filer
instanceKlass dagger/internal/codegen/ProcessingEnvironmentModule
instanceKlass dagger/internal/codegen/validation/ComponentValidator_Factory
instanceKlass dagger/internal/codegen/validation/ComponentCreatorValidator_Factory
instanceKlass dagger/internal/codegen/validation/ModuleValidator_Factory
instanceKlass dagger/internal/codegen/validation/BindingGraphValidator_Factory
instanceKlass dagger/internal/codegen/validation/ExternalBindingGraphPlugins_Factory
instanceKlass dagger/internal/codegen/ProcessingEnvironmentModule_FilerFactory
instanceKlass dagger/internal/codegen/validation/ValidationBindingGraphPlugins_Factory
instanceKlass dagger/internal/codegen/validation/DiagnosticReporterFactory_Factory
instanceKlass dagger/internal/codegen/bindinggraphvalidation/BindingGraphValidationModule_ProvidePluginsFactory
instanceKlass dagger/internal/codegen/bindinggraphvalidation/SubcomponentFactoryMethodValidator_Factory$InstanceHolder
instanceKlass dagger/internal/codegen/bindinggraphvalidation/SubcomponentFactoryMethodValidator_Factory
instanceKlass dagger/internal/codegen/bindinggraphvalidation/SetMultibindingValidator_Factory$InstanceHolder
instanceKlass dagger/internal/codegen/bindinggraphvalidation/SetMultibindingValidator_Factory
instanceKlass dagger/internal/codegen/bindinggraphvalidation/ProvisionDependencyOnProducerBindingValidator_Factory$InstanceHolder
instanceKlass dagger/internal/codegen/bindinggraphvalidation/ProvisionDependencyOnProducerBindingValidator_Factory
instanceKlass dagger/internal/codegen/bindinggraphvalidation/NullableBindingValidator_Factory
instanceKlass dagger/internal/codegen/bindinggraphvalidation/MissingBindingValidator_Factory
instanceKlass dagger/internal/codegen/bindinggraphvalidation/MapMultibindingValidator_Factory
instanceKlass dagger/internal/codegen/bindinggraphvalidation/InjectBindingValidator_Factory
instanceKlass dagger/internal/codegen/bindinggraphvalidation/IncompatiblyScopedBindingsValidator_Factory
instanceKlass dagger/internal/codegen/bindinggraphvalidation/DuplicateBindingsValidator_Factory
instanceKlass dagger/internal/codegen/bindinggraphvalidation/DependsOnProductionExecutorValidator_Factory
instanceKlass dagger/internal/codegen/bindinggraphvalidation/DependencyCycleValidator_Factory
instanceKlass dagger/internal/codegen/bindinggraphvalidation/CompositeBindingGraphPlugin_Factory_Impl
instanceKlass dagger/internal/codegen/bindinggraphvalidation/CompositeBindingGraphPlugin$Factory
instanceKlass dagger/internal/codegen/bindinggraphvalidation/CompositeBindingGraphPlugin_Factory
instanceKlass dagger/internal/codegen/validation/DiagnosticMessageGenerator_Factory_Factory
instanceKlass dagger/internal/codegen/base/ElementFormatter_Factory$InstanceHolder
instanceKlass dagger/internal/codegen/base/ElementFormatter_Factory
instanceKlass dagger/internal/codegen/binding/DependencyRequestFormatter_Factory
instanceKlass dagger/internal/codegen/binding/BindingGraphFactory_Factory
instanceKlass dagger/internal/codegen/binding/BindingGraphConverter_Factory
instanceKlass dagger/internal/codegen/binding/BindingDeclarationFormatter_Factory
instanceKlass dagger/internal/codegen/binding/ComponentDescriptor_Factory_Factory
instanceKlass dagger/internal/codegen/binding/ModuleDescriptor_Factory_Factory
instanceKlass dagger/internal/codegen/binding/OptionalBindingDeclaration_Factory_Factory
instanceKlass dagger/internal/codegen/binding/SubcomponentDeclaration_Factory_Factory
instanceKlass dagger/internal/codegen/binding/DelegateDeclaration_Factory_Factory
instanceKlass dagger/internal/codegen/binding/MultibindingDeclaration_Factory_Factory
instanceKlass dagger/internal/codegen/validation/AnyBindingMethodValidator_Factory
instanceKlass dagger/internal/codegen/validation/BindingMethodValidatorsModule_IndexValidatorsFactory
instanceKlass dagger/internal/codegen/validation/BindsOptionalOfMethodValidator_Factory
instanceKlass dagger/internal/codegen/validation/MultibindsMethodValidator_Factory
instanceKlass dagger/internal/codegen/validation/BindsMethodValidator_Factory
instanceKlass dagger/internal/codegen/binding/BindsTypeChecker_Factory
instanceKlass dagger/internal/codegen/validation/ProducesMethodValidator_Factory
instanceKlass dagger/internal/codegen/validation/ProvidesMethodValidator_Factory
instanceKlass dagger/internal/codegen/binding/MonitoringModules_Factory$InstanceHolder
instanceKlass dagger/internal/codegen/binding/MonitoringModules_Factory
instanceKlass dagger/internal/codegen/processingstep/SuperficialValidator_Factory
instanceKlass dagger/internal/codegen/validation/InjectBindingRegistryImpl_Factory
instanceKlass dagger/internal/codegen/binding/BindingFactory_Factory
instanceKlass dagger/internal/codegen/binding/InjectionSiteFactory_Factory
instanceKlass dagger/internal/codegen/binding/DependencyRequestFactory_Factory
instanceKlass dagger/internal/codegen/binding/KeyFactory_Factory
instanceKlass dagger/internal/codegen/validation/InjectValidator_Factory
instanceKlass dagger/internal/codegen/binding/MethodSignatureFormatter_Factory
instanceKlass dagger/internal/codegen/validation/DependencyRequestValidator_Factory
instanceKlass dagger/internal/codegen/validation/MembersInjectionValidator_Factory
instanceKlass dagger/internal/codegen/binding/InjectionAnnotations_Factory
instanceKlass dagger/internal/codegen/base/DaggerSuperficialValidation_Factory
instanceKlass dagger/internal/SingleCheck
instanceKlass dagger/internal/codegen/compileroption/ProcessingEnvironmentCompilerOptions_Factory
instanceKlass dagger/internal/codegen/ProcessingEnvironmentModule_ProcessingOptionsFactory
instanceKlass dagger/internal/codegen/kotlin/KotlinMetadataUtil_Factory
instanceKlass dagger/internal/DoubleCheck
instanceKlass dagger/internal/codegen/kotlin/KotlinMetadataFactory_Factory$InstanceHolder
instanceKlass dagger/internal/codegen/kotlin/KotlinMetadataFactory_Factory
instanceKlass dagger/internal/codegen/ProcessingEnvironmentModule_MessagerFactory
instanceKlass dagger/internal/InstanceFactory
instanceKlass dagger/Lazy
instanceKlass dagger/internal/Factory
instanceKlass dagger/internal/codegen/componentgenerator/TopLevelImplementationComponent$Factory
instanceKlass dagger/internal/Provider
instanceKlass javax/inject/Provider
instanceKlass dagger/internal/codegen/DaggerDelegateComponentProcessor_Injector$InjectorImpl
instanceKlass dagger/internal/Preconditions
instanceKlass dagger/internal/codegen/DelegateComponentProcessor$Injector
instanceKlass dagger/internal/codegen/DaggerDelegateComponentProcessor_Injector$Factory
instanceKlass dagger/internal/codegen/DelegateComponentProcessor$Injector$Factory
instanceKlass dagger/internal/codegen/DaggerDelegateComponentProcessor_Injector
instanceKlass dagger/spi/BindingGraphPlugin
instanceKlass dagger/hilt/android/processor/internal/viewmodel/ViewModelValidationPlugin
instanceKlass java/net/URLClassLoader$3$1
instanceKlass java/net/URLClassLoader$3
instanceKlass dagger/internal/codegen/ServiceLoaders$1
instanceKlass dagger/internal/codegen/ServiceLoaders
instanceKlass dagger/spi/model/BindingGraphPlugin
instanceKlass com/google/common/base/Suppliers$MemoizingSupplier
instanceKlass com/google/common/base/Suppliers$NonSerializableMemoizingSupplier
instanceKlass com/google/common/base/Suppliers
instanceKlass com/google/common/base/Supplier
instanceKlass dagger/hilt/processor/internal/generatesrootinput/GeneratesRootInputs
instanceKlass dagger/hilt/processor/internal/definecomponent/DefineComponents
instanceKlass dagger/hilt/processor/internal/root/ComponentTreeDepsMetadata
instanceKlass com/google/common/collect/AbstractMapBasedMultimap$AsMap$AsMapIterator
instanceKlass com/google/common/collect/CollectPreconditions
instanceKlass com/google/common/collect/BiMap
instanceKlass com/google/common/collect/Maps$EntryTransformer
instanceKlass com/google/common/base/Converter
instanceKlass com/google/common/collect/ImmutableMap
instanceKlass com/google/common/base/Function
instanceKlass com/google/common/collect/SortedMapDifference
instanceKlass com/google/common/collect/MapDifference
instanceKlass com/google/common/collect/Maps
instanceKlass com/google/common/collect/Platform
instanceKlass com/google/common/collect/Multiset
instanceKlass com/google/common/collect/AbstractMultimap
instanceKlass dagger/hilt/android/processor/internal/bindvalue/BindValueMetadata
instanceKlass com/google/common/collect/ListMultimap
instanceKlass com/squareup/javapoet/LineWrapper$1
instanceKlass java/util/Collections$UnmodifiableList$1
instanceKlass com/google/devtools/ksp/processing/Dependencies$Companion
instanceKlass com/google/devtools/ksp/processing/Dependencies
instanceKlass dagger/spi/internal/shaded/androidx/room/compiler/processing/ksp/KspFiler$OriginatingElements
instanceKlass com/squareup/javapoet/JavaFile$Builder
instanceKlass com/squareup/javapoet/JavaFile$1
instanceKlass javax/tools/JavaFileObject
instanceKlass javax/tools/FileObject
instanceKlass com/squareup/javapoet/JavaFile
instanceKlass com/squareup/javapoet/ParameterSpec$Builder
instanceKlass com/squareup/javapoet/ParameterSpec
instanceKlass com/squareup/javapoet/MethodSpec$Builder
instanceKlass com/squareup/javapoet/MethodSpec
instanceKlass com/squareup/javapoet/AnnotationSpec$Builder
instanceKlass javax/lang/model/element/AnnotationValueVisitor
instanceKlass com/squareup/javapoet/AnnotationSpec
instanceKlass javax/annotation/processing/AbstractProcessor
instanceKlass javax/annotation/processing/Processor
instanceKlass dagger/spi/internal/shaded/androidx/room/compiler/processing/ksp/OriginatingElementWrapper
instanceKlass javax/lang/model/element/Element
instanceKlass java/lang/invoke/MethodHandles$1
instanceKlass com/squareup/javapoet/CodeBlock$Builder
instanceKlass com/squareup/javapoet/CodeBlock
instanceKlass com/squareup/javapoet/TypeSpec$Builder
instanceKlass com/squareup/javapoet/TypeSpec
instanceKlass dagger/hilt/android/processor/internal/viewmodel/ViewModelModuleGenerator$Companion
instanceKlass dagger/hilt/android/processor/internal/viewmodel/ViewModelModuleGenerator
instanceKlass dagger/spi/internal/shaded/androidx/room/compiler/processing/XPackageElement
instanceKlass com/google/common/collect/ObjectArrays
instanceKlass dagger/spi/internal/shaded/androidx/room/compiler/processing/XEnumTypeElementKt
instanceKlass dagger/spi/internal/shaded/androidx/room/compiler/processing/XEnumTypeElement
instanceKlass dagger/spi/internal/shaded/androidx/room/compiler/processing/InternalXAnnotationValue$Kind$Companion
instanceKlass dagger/spi/internal/shaded/androidx/room/compiler/processing/ksp/KspArrayType$Companion
instanceKlass kotlin/sequences/SequencesKt___SequencesKt$sortedWith$1
instanceKlass com/google/devtools/ksp/symbol/impl/DeclarationOrdering$OrderProvider
instanceKlass com/google/devtools/ksp/symbol/impl/DeclarationOrdering$Companion
instanceKlass com/google/devtools/ksp/symbol/impl/DeclarationOrdering
instanceKlass org/jetbrains/kotlin/load/kotlin/KotlinJvmBinaryClass$MemberVisitor
instanceKlass javax/lang/model/type/TypeMirror
instanceKlass javax/lang/model/AnnotatedConstruct
instanceKlass dagger/hilt/processor/internal/Processors
instanceKlass dagger/spi/internal/shaded/androidx/room/compiler/processing/ksp/KspFileMemberContainer$Companion
instanceKlass dagger/spi/internal/shaded/androidx/room/compiler/processing/ksp/KspFileMemberContainer
instanceKlass dagger/spi/internal/shaded/androidx/room/compiler/processing/ksp/KspAnnotationBoxKt
instanceKlass dagger/spi/internal/shaded/androidx/room/compiler/processing/ksp/KspAnnotationBox
instanceKlass dagger/spi/internal/shaded/androidx/room/compiler/processing/XAnnotationBox
instanceKlass dagger/spi/internal/shaded/androidx/room/compiler/processing/ksp/KSFunctionExtKt
instanceKlass dagger/spi/internal/shaded/androidx/room/compiler/processing/ksp/KspExecutableElement$Companion
instanceKlass dagger/spi/internal/shaded/androidx/room/compiler/processing/XConstructorElement
instanceKlass com/squareup/kotlinpoet/CodeWriterKt
instanceKlass com/squareup/kotlinpoet/LineWrapper$Companion
instanceKlass com/squareup/kotlinpoet/LineWrapper
instanceKlass com/squareup/kotlinpoet/CodeWriter
instanceKlass com/squareup/kotlinpoet/ParameterizedTypeName$Companion
instanceKlass dagger/spi/internal/shaded/androidx/room/compiler/processing/ksp/KSTypeKotlinPoetExtKt$WhenMappings
instanceKlass dagger/spi/internal/shaded/androidx/room/compiler/processing/javac/kotlin/JvmDescriptorUtilsKt
instanceKlass org/jetbrains/kotlin/codegen/binding/CodegenBinding
instanceKlass dagger/spi/internal/shaded/androidx/room/compiler/processing/ksp/KSTypeJavaPoetExtKt$WhenMappings
instanceKlass com/google/devtools/ksp/symbol/impl/kotlin/KSTypeArgumentImpl
instanceKlass com/google/devtools/ksp/symbol/KSTypeArgument
instanceKlass com/google/devtools/ksp/symbol/impl/binary/KSPropertyAccessorDescriptorImpl$origin$2$WhenMappings
instanceKlass dagger/spi/internal/shaded/androidx/room/compiler/processing/ksp/KspAnnotationValueKt
instanceKlass dagger/spi/internal/shaded/androidx/room/compiler/processing/javac/JavacElement
instanceKlass dagger/hilt/processor/internal/ProcessorErrors
instanceKlass org/jetbrains/kotlin/types/checker/NewCapturedTypeKt
instanceKlass org/jetbrains/kotlin/backend/common/serialization/LegacyDescriptorUtilsKt
instanceKlass dagger/spi/internal/shaded/androidx/room/compiler/processing/ksp/KspType$nullability$2$WhenMappings
instanceKlass dagger/spi/internal/shaded/androidx/room/compiler/processing/ksp/KSTypeKotlinPoetExtKt
instanceKlass dagger/spi/internal/shaded/androidx/room/compiler/processing/JavaPoetExtKt
instanceKlass dagger/spi/internal/shaded/androidx/room/compiler/processing/ksp/TypeResolutionContext
instanceKlass dagger/spi/internal/shaded/androidx/room/compiler/processing/ksp/KSTypeJavaPoetExtKt
instanceKlass dagger/spi/internal/shaded/androidx/room/compiler/codegen/XClassName$Companion
instanceKlass com/squareup/kotlinpoet/ClassNames
instanceKlass dagger/spi/internal/shaded/androidx/room/compiler/codegen/XTypeNameKt
instanceKlass com/squareup/kotlinpoet/WildcardTypeName$Companion
instanceKlass com/squareup/kotlinpoet/UtilKt
instanceKlass com/squareup/kotlinpoet/TagMap
instanceKlass com/squareup/kotlinpoet/ClassName$Companion
instanceKlass com/squareup/kotlinpoet/TypeName$Companion
instanceKlass com/squareup/kotlinpoet/TypeName
instanceKlass com/squareup/kotlinpoet/Taggable
instanceKlass com/squareup/kotlinpoet/TypeNames
instanceKlass dagger/spi/internal/shaded/androidx/room/compiler/codegen/XTypeName$Companion
instanceKlass dagger/spi/internal/shaded/androidx/room/compiler/codegen/XTypeName
instanceKlass dagger/spi/internal/shaded/androidx/room/compiler/processing/ksp/KSTypeWrapper
instanceKlass dagger/spi/internal/shaded/androidx/room/compiler/processing/ksp/KSTypeVarianceResolver
instanceKlass dagger/internal/codegen/xprocessing/XTypes$1
instanceKlass dagger/spi/internal/shaded/androidx/room/compiler/processing/javac/JavacType
instanceKlass dagger/spi/internal/shaded/androidx/room/compiler/processing/compat/XConverters
instanceKlass com/google/common/base/Predicate
instanceKlass com/google/common/base/Equivalence
instanceKlass dagger/internal/codegen/xprocessing/XTypes
instanceKlass dagger/spi/internal/shaded/androidx/room/compiler/processing/ksp/ResolverExtKt
instanceKlass dagger/hilt/android/processor/internal/viewmodel/ViewModelMetadata$Companion
instanceKlass dagger/hilt/android/processor/internal/viewmodel/ViewModelMetadata
instanceKlass dagger/spi/internal/shaded/androidx/room/compiler/processing/XElementKt
instanceKlass dagger/internal/codegen/xprocessing/XElements
instanceKlass dagger/spi/internal/shaded/androidx/room/compiler/processing/ksp/KspAnnotation$wrap$$inlined$sortedBy$1
instanceKlass dagger/spi/internal/shaded/androidx/room/compiler/processing/InternalXAnnotationValue$Companion
instanceKlass dagger/spi/internal/shaded/androidx/room/compiler/processing/InternalXAnnotationValue
instanceKlass dagger/spi/internal/shaded/androidx/room/compiler/processing/XAnnotationValue
instanceKlass org/jetbrains/kotlin/resolve/annotations/AnnotationUtilKt
instanceKlass dagger/spi/internal/shaded/androidx/room/compiler/processing/ksp/KSTypeVarianceResolverScope
instanceKlass dagger/spi/internal/shaded/androidx/room/compiler/processing/ksp/KSTypeExtKt
instanceKlass org/jetbrains/kotlin/resolve/calls/inference/components/NewTypeSubstitutorKt
instanceKlass org/jetbrains/kotlin/types/SubstitutionUtils
instanceKlass com/google/devtools/ksp/symbol/impl/java/KSDeclarationJavaImpl
instanceKlass dagger/spi/internal/shaded/androidx/room/compiler/processing/ksp/KSAsMemberOfKt
instanceKlass dagger/spi/internal/shaded/androidx/room/compiler/processing/javac/kotlin/JvmAbi
instanceKlass kotlin/collections/builders/ListBuilder$Itr
instanceKlass dagger/spi/internal/shaded/androidx/room/compiler/processing/XMethodElementKt
instanceKlass dagger/spi/internal/shaded/androidx/room/compiler/processing/ksp/KSClassDeclarationExtKt
instanceKlass dagger/spi/internal/shaded/androidx/room/compiler/processing/ksp/synthetic/KspSyntheticPropertyMethodElement$Companion
instanceKlass dagger/spi/internal/shaded/androidx/room/compiler/processing/ksp/synthetic/KspSyntheticPropertyMethodElement
instanceKlass dagger/spi/internal/shaded/androidx/room/compiler/processing/XMethodElement
instanceKlass dagger/spi/internal/shaded/androidx/room/compiler/processing/XExecutableElement
instanceKlass kotlin/sequences/DropSequence$iterator$1
instanceKlass kotlin/sequences/DropSequence
instanceKlass dagger/spi/internal/shaded/androidx/room/compiler/processing/ksp/KSAnnotatedExtKt
instanceKlass com/google/devtools/ksp/symbol/impl/UtilsKt$WhenMappings
instanceKlass com/google/devtools/ksp/symbol/impl/DescriptorUtilsKt$WhenMappings
instanceKlass com/google/devtools/ksp/symbol/impl/DescriptorUtilsKt
instanceKlass dagger/spi/internal/shaded/androidx/room/compiler/processing/ksp/KSDeclarationExtKt
instanceKlass dagger/spi/internal/shaded/androidx/room/compiler/processing/ksp/KspFieldElement$Companion
instanceKlass dagger/spi/internal/shaded/androidx/room/compiler/processing/XFieldElement
instanceKlass dagger/spi/internal/shaded/androidx/room/compiler/processing/XVariableElement
instanceKlass kotlin/sequences/SequencesKt___SequencesKt$asIterable$$inlined$Iterable$1
instanceKlass org/jetbrains/kotlin/resolve/scopes/DescriptorKindExclude
instanceKlass com/google/devtools/ksp/symbol/impl/binary/KSDeclarationDescriptorImplKt
instanceKlass kotlin/collections/builders/ListBuilder$Companion
instanceKlass dagger/spi/internal/shaded/androidx/room/compiler/processing/XArrayType
instanceKlass dagger/spi/internal/shaded/androidx/room/compiler/processing/XTypeKt
instanceKlass com/google/devtools/ksp/processing/impl/ResolverImpl$builtIns$2$1
instanceKlass com/google/devtools/ksp/processing/KSBuiltIns
instanceKlass dagger/spi/internal/shaded/androidx/room/compiler/processing/XType
instanceKlass dagger/spi/internal/shaded/androidx/room/compiler/processing/ksp/KspArrayType$Factory
instanceKlass dagger/spi/internal/shaded/androidx/room/compiler/processing/ksp/KspTypeMapper
instanceKlass com/google/devtools/ksp/symbol/impl/kotlin/KSTypeImpl$nullability$2$WhenMappings
instanceKlass com/google/devtools/ksp/symbol/KSTypeParameter
instanceKlass org/jetbrains/kotlin/resolve/constants/KClassValue$Value
instanceKlass org/jetbrains/kotlin/resolve/constants/ClassLiteralValue
instanceKlass org/jetbrains/kotlin/resolve/constants/KClassValue$Companion
instanceKlass org/jetbrains/kotlin/load/java/structure/JavaAnnotationAsAnnotationArgument
instanceKlass org/jetbrains/kotlin/resolve/calls/results/SingleOverloadResolutionResult$WhenMappings
instanceKlass org/jetbrains/kotlin/resolve/calls/results/AbstractOverloadResolutionResults
instanceKlass org/jetbrains/kotlin/resolve/calls/smartcasts/DataFlowInfo$Companion
instanceKlass org/jetbrains/kotlin/resolve/calls/tower/CallInfo
instanceKlass org/jetbrains/kotlin/resolve/calls/components/CompletedCallInfo
instanceKlass org/jetbrains/kotlin/resolve/calls/DiagnosticReporterByTrackingStrategy
instanceKlass org/jetbrains/kotlin/resolve/calls/model/DiagnosticReporter
instanceKlass org/jetbrains/kotlin/resolve/calls/model/ResolvedCallAtomsKt
instanceKlass org/jetbrains/kotlin/resolve/calls/tower/TrackingBindingTrace
instanceKlass org/jetbrains/kotlin/resolve/inline/InlineUtil
instanceKlass org/jetbrains/kotlin/resolve/sam/SamConstructorDescriptor
instanceKlass org/jetbrains/kotlin/descriptors/synthetic/FunctionInterfaceConstructorDescriptor
instanceKlass org/jetbrains/kotlin/descriptors/synthetic/SyntheticMemberDescriptor
instanceKlass org/jetbrains/kotlin/synthetic/SyntheticJavaPropertyDescriptor
instanceKlass org/jetbrains/kotlin/descriptors/SyntheticPropertyDescriptor
instanceKlass org/jetbrains/kotlin/resolve/calls/model/ArgumentMappingKt
instanceKlass org/jetbrains/kotlin/resolve/checkers/MissingDependencySupertypeChecker
instanceKlass org/jetbrains/kotlin/contracts/parsing/ContractsDslNames
instanceKlass org/jetbrains/kotlin/contracts/parsing/PsiContractsUtilsKt
instanceKlass org/jetbrains/kotlin/resolve/calls/model/ExpressionValueArgument
instanceKlass org/jetbrains/kotlin/resolve/calls/model/DefaultValueArgument
instanceKlass org/jetbrains/kotlin/resolve/calls/util/ResolvedCallUtilKt$WhenMappings
instanceKlass org/jetbrains/kotlin/resolve/calls/util/ResolvedCallUtilKt
instanceKlass org/jetbrains/kotlin/coroutines/CoroutineUtilKt
instanceKlass org/jetbrains/kotlin/resolve/calls/checkers/ConstructorHeaderCallCheckerKt
instanceKlass org/jetbrains/kotlin/resolve/calls/tasks/DynamicCallsKt
instanceKlass org/jetbrains/kotlin/resolve/calls/checkers/CallCheckerKt
instanceKlass org/jetbrains/kotlin/resolve/calls/model/VariableAsFunctionResolvedCall
instanceKlass org/jetbrains/kotlin/resolve/calls/tower/PSIKotlinCallsKt
instanceKlass org/jetbrains/kotlin/resolve/calls/tower/ResolvedAtomCompleter
instanceKlass org/jetbrains/kotlin/resolve/calls/model/KotlinCallDiagnosticsKt
instanceKlass org/jetbrains/kotlin/resolve/calls/model/PostponedCallableReferenceMarker
instanceKlass org/jetbrains/kotlin/resolve/calls/model/LambdaWithTypeVariableAsExpectedTypeMarker
instanceKlass org/jetbrains/kotlin/resolve/calls/model/ResolutionAtomsKt
instanceKlass org/jetbrains/kotlin/resolve/calls/components/KotlinCallCompleter$WhenMappings
instanceKlass org/jetbrains/kotlin/resolve/calls/components/KotlinCallCompleterKt
instanceKlass org/jetbrains/kotlin/resolve/calls/components/CompletionModeCalculator$Companion
instanceKlass org/jetbrains/kotlin/resolve/calls/components/CompletionModeCalculator
instanceKlass org/jetbrains/kotlin/resolve/KtDescriptorUtilKt
instanceKlass org/jetbrains/kotlin/resolve/calls/inference/components/NewTypeSubstitutorByConstructorMap
instanceKlass org/jetbrains/kotlin/resolve/calls/inference/InferenceUtilsKt
instanceKlass org/jetbrains/kotlin/types/checker/NewCapturedTypeConstructor
instanceKlass org/jetbrains/kotlin/resolve/RecursiveContractHelperKt
instanceKlass org/jetbrains/kotlin/resolve/calls/tower/CandidateApplicabilityKt
instanceKlass org/jetbrains/kotlin/resolve/calls/tower/KnownResultProcessor
instanceKlass org/jetbrains/kotlin/resolve/calls/tower/ImplicitScopeTowerKt
instanceKlass org/jetbrains/kotlin/resolve/calls/components/CheckExplicitReceiverKindConsistency$WhenMappings
instanceKlass org/jetbrains/kotlin/resolve/calls/inference/components/EmptySubstitutor
instanceKlass org/jetbrains/kotlin/resolve/calls/inference/components/FreshVariableNewTypeSubstitutor$Companion
instanceKlass org/jetbrains/kotlin/resolve/calls/inference/components/FreshVariableNewTypeSubstitutor
instanceKlass org/jetbrains/kotlin/resolve/calls/model/ResolvedCallArgument
instanceKlass org/jetbrains/kotlin/resolve/calls/components/ArgumentsToParametersMapper$CallArgumentProcessor
instanceKlass org/jetbrains/kotlin/resolve/deprecation/DeprecationResolver$DeprecationInfo$Companion
instanceKlass org/jetbrains/kotlin/resolve/deprecation/DescriptorBasedDeprecationInfoKt$DEPRECATED_FUNCTION_KEY$1
instanceKlass org/jetbrains/kotlin/resolve/deprecation/DescriptorBasedDeprecationInfoKt
instanceKlass org/jetbrains/kotlin/resolve/calls/checkers/OperatorCallCheckerKt
instanceKlass org/jetbrains/kotlin/resolve/SinceKotlinAccessibility
instanceKlass org/jetbrains/kotlin/resolve/calls/util/FakeCallableDescriptorForObject
instanceKlass org/jetbrains/kotlin/resolve/SinceKotlinUtilKt
instanceKlass org/jetbrains/kotlin/resolve/calls/tower/NewResolutionOldInferenceKt
instanceKlass org/jetbrains/kotlin/resolve/calls/inference/model/ConstraintStorage$Empty
instanceKlass org/jetbrains/kotlin/resolve/calls/inference/DescriptorRelatedInferenceUtilsKt
instanceKlass org/jetbrains/kotlin/resolve/calls/inference/model/MutableConstraintStorage
instanceKlass org/jetbrains/kotlin/resolve/calls/inference/NewConstraintSystem
instanceKlass org/jetbrains/kotlin/resolve/calls/components/ClassicTypeSystemContextForCSKt
instanceKlass org/jetbrains/kotlin/resolve/calls/model/SimpleCandidateFactory
instanceKlass org/jetbrains/kotlin/resolve/calls/model/KotlinCallKt$WhenMappings
instanceKlass org/jetbrains/kotlin/resolve/calls/model/KotlinCallKt
instanceKlass org/jetbrains/kotlin/resolve/calls/model/GivenCandidate
instanceKlass org/jetbrains/kotlin/resolve/calls/tower/PSICallResolver$ASTScopeTower
instanceKlass org/jetbrains/kotlin/resolve/calls/tower/PSIKotlinCall
instanceKlass org/jetbrains/kotlin/resolve/calls/util/DelegatingCall
instanceKlass org/jetbrains/kotlin/resolve/calls/util/CallUtilKt
instanceKlass org/jetbrains/kotlin/resolve/calls/model/ResolutionPart
instanceKlass org/jetbrains/kotlin/resolve/calls/GenericCandidateResolverKt
instanceKlass org/jetbrains/kotlin/resolve/calls/CallResolver$ResolutionTask
instanceKlass org/jetbrains/kotlin/resolve/calls/tasks/TracingStrategy$1
instanceKlass org/jetbrains/kotlin/resolve/calls/tasks/AbstractTracingStrategy
instanceKlass org/jetbrains/kotlin/resolve/scopes/SyntheticScopesKt
instanceKlass org/jetbrains/kotlin/resolve/calls/util/CallResolverUtilKt
instanceKlass org/jetbrains/kotlin/descriptors/annotations/AnnotationDescriptorImpl
instanceKlass org/jetbrains/kotlin/resolve/constants/ConstantValueFactory
instanceKlass org/jetbrains/kotlin/load/kotlin/BinaryClassAnnotationAndConstantLoaderImpl$AbstractAnnotationArgumentVisitor$visitArray$1
instanceKlass org/jetbrains/kotlin/load/kotlin/BinaryClassAnnotationAndConstantLoaderImpl$AbstractAnnotationArgumentVisitor
instanceKlass org/jetbrains/kotlin/SpecialJvmAnnotations
instanceKlass org/jetbrains/kotlin/load/kotlin/AbstractBinaryClassAnnotationLoader$loadClassAnnotations$1
instanceKlass org/jetbrains/kotlin/asJava/KtLightClassMarker
instanceKlass org/jetbrains/kotlin/load/java/structure/impl/JavaClassImpl$Companion
instanceKlass org/jetbrains/kotlin/com/intellij/psi/EmptySubstitutor$Holder
instanceKlass org/jetbrains/kotlin/com/intellij/psi/EmptySubstitutor
instanceKlass org/jetbrains/kotlin/com/intellij/psi/infos/CandidateInfo
instanceKlass org/jetbrains/kotlin/resolve/DescriptorToSourceUtils
instanceKlass org/jetbrains/kotlin/resolve/lazy/ResolveSessionUtils
instanceKlass org/jetbrains/kotlin/com/intellij/util/containers/EmptyIterator
instanceKlass org/jetbrains/kotlin/com/intellij/psi/PsiDeclarationStatement
instanceKlass org/jetbrains/kotlin/com/intellij/psi/JavaTokenType
instanceKlass org/jetbrains/kotlin/it/unimi/dsi/fastutil/objects/Object2IntOpenHashMap$MapIterator
instanceKlass org/jetbrains/kotlin/com/intellij/psi/impl/cache/ModifierFlags
instanceKlass org/jetbrains/kotlin/com/intellij/psi/impl/PsiImplUtil
instanceKlass org/jetbrains/kotlin/com/intellij/lang/jvm/types/JvmWildcardType
instanceKlass org/jetbrains/kotlin/com/intellij/psi/impl/compiled/ClsJavaCodeReferenceElementImpl$Resolver
instanceKlass org/jetbrains/kotlin/com/intellij/psi/PsiNameHelper
instanceKlass org/jetbrains/kotlin/com/intellij/lang/jvm/types/JvmArrayType
instanceKlass org/jetbrains/kotlin/com/intellij/psi/impl/cache/TypeAnnotationContainer
instanceKlass org/jetbrains/kotlin/com/intellij/psi/JavaResolveResult
instanceKlass org/jetbrains/kotlin/com/intellij/psi/impl/source/resolve/ResolveCache$PolyVariantContextResolver
instanceKlass org/jetbrains/kotlin/com/intellij/psi/PsiReferenceParameterList
instanceKlass org/jetbrains/kotlin/com/intellij/psi/PsiAnnotatedJavaCodeReferenceElement
instanceKlass org/jetbrains/kotlin/com/intellij/psi/impl/source/ClassInnerStuffCache
instanceKlass org/jetbrains/kotlin/com/intellij/psi/javadoc/PsiDocComment
instanceKlass org/jetbrains/kotlin/com/intellij/psi/stubs/StubSpine
instanceKlass org/jetbrains/kotlin/com/intellij/psi/stubs/MaterialStubList$1
instanceKlass org/jetbrains/kotlin/com/intellij/psi/stubs/Hash
instanceKlass org/jetbrains/kotlin/com/intellij/psi/stubs/StrippedIntOpenHashMap
instanceKlass org/jetbrains/kotlin/com/intellij/psi/stubs/StubList$2
instanceKlass org/jetbrains/kotlin/com/intellij/util/containers/ConcurrentIntObjectHashMap$CollectionView
instanceKlass org/jetbrains/kotlin/com/intellij/util/containers/ConcurrentIntObjectHashMap$Node
instanceKlass org/jetbrains/kotlin/com/intellij/util/containers/IntObjectMap$Entry
instanceKlass org/jetbrains/kotlin/com/intellij/util/containers/ConcurrentIntObjectHashMap
instanceKlass org/jetbrains/kotlin/com/intellij/codeInsight/AnnotationUtil
instanceKlass org/jetbrains/kotlin/com/intellij/util/Consumer
instanceKlass org/jetbrains/kotlin/it/unimi/dsi/fastutil/objects/Object2IntMap$FastEntrySet
instanceKlass org/jetbrains/kotlin/it/unimi/dsi/fastutil/objects/AbstractObject2IntFunction
instanceKlass org/jetbrains/kotlin/it/unimi/dsi/fastutil/objects/Object2IntMap
instanceKlass org/jetbrains/kotlin/it/unimi/dsi/fastutil/objects/Object2IntFunction
instanceKlass org/jetbrains/kotlin/com/intellij/psi/impl/cache/TypeInfo
instanceKlass org/jetbrains/kotlin/com/intellij/psi/impl/compiled/SignatureParsing$TypeParametersDeclaration
instanceKlass org/jetbrains/kotlin/com/intellij/psi/impl/compiled/StubBuildingVisitor$ClassInfo
instanceKlass org/jetbrains/kotlin/com/intellij/util/BitUtil
instanceKlass org/jetbrains/kotlin/com/intellij/psi/impl/compiled/FirstPassData
instanceKlass org/jetbrains/org/objectweb/asm/RecordComponentVisitor
instanceKlass org/jetbrains/kotlin/com/intellij/psi/PsiEnumConstant
instanceKlass org/jetbrains/kotlin/com/intellij/psi/PsiConstructorCall
instanceKlass org/jetbrains/kotlin/com/intellij/psi/PsiCall
instanceKlass org/jetbrains/kotlin/com/intellij/lang/jvm/JvmEnumField
instanceKlass org/jetbrains/kotlin/com/intellij/psi/impl/compiled/ClsModifierListOwner
instanceKlass org/jetbrains/kotlin/com/intellij/psi/impl/PsiVariableEx
instanceKlass org/jetbrains/kotlin/com/intellij/psi/PsiAnonymousClass
instanceKlass org/jetbrains/kotlin/com/intellij/psi/impl/source/PsiExtensibleClass
instanceKlass org/jetbrains/kotlin/com/intellij/util/containers/UnsignedShortArrayList
instanceKlass org/jetbrains/kotlin/com/intellij/psi/stubs/MostlyUShortIntList
instanceKlass org/jetbrains/kotlin/com/intellij/psi/stubs/StubList$TempState
instanceKlass org/jetbrains/kotlin/com/intellij/psi/impl/java/stubs/StubPsiFactory
instanceKlass org/jetbrains/kotlin/com/intellij/psi/PsiArrayInitializerMemberValue
instanceKlass org/jetbrains/kotlin/com/intellij/psi/impl/compiled/ClsParsingUtil
instanceKlass org/jetbrains/kotlin/com/intellij/psi/stubs/StubBuilderType
instanceKlass org/jetbrains/kotlin/com/intellij/psi/stubs/StubTreeBuilder
instanceKlass org/jetbrains/kotlin/com/intellij/openapi/util/NotNullComputable
instanceKlass org/jetbrains/kotlin/com/intellij/util/indexing/PsiDependentFileContent
instanceKlass org/jetbrains/kotlin/com/intellij/util/indexing/FileContent
instanceKlass org/jetbrains/kotlin/com/intellij/util/indexing/IndexedFile
instanceKlass org/jetbrains/kotlin/com/intellij/psi/impl/source/tree/JavaElementType$TypeTextElementType$1
instanceKlass org/jetbrains/kotlin/com/intellij/psi/impl/java/stubs/PsiImportStatementStub
instanceKlass org/jetbrains/kotlin/com/intellij/psi/impl/java/stubs/PsiClassReferenceListStub
instanceKlass org/jetbrains/kotlin/com/intellij/psi/PsiReferenceList
instanceKlass org/jetbrains/kotlin/com/intellij/psi/impl/java/stubs/PsiFieldStub
instanceKlass org/jetbrains/kotlin/com/intellij/psi/impl/java/stubs/PsiMethodStub
instanceKlass org/jetbrains/kotlin/com/intellij/psi/impl/java/stubs/PsiClassStub
instanceKlass org/jetbrains/kotlin/com/intellij/psi/impl/java/stubs/PsiPackageAccessibilityStatementStub
instanceKlass org/jetbrains/kotlin/com/intellij/psi/PsiPackageAccessibilityStatement
instanceKlass org/jetbrains/kotlin/com/intellij/psi/impl/java/stubs/PsiRecordHeaderStub
instanceKlass org/jetbrains/kotlin/com/intellij/psi/PsiRecordHeader
instanceKlass org/jetbrains/kotlin/com/intellij/psi/impl/java/stubs/PsiRecordComponentStub
instanceKlass org/jetbrains/kotlin/com/intellij/psi/impl/java/stubs/PsiMemberStub
instanceKlass org/jetbrains/kotlin/com/intellij/psi/PsiRecordComponent
instanceKlass org/jetbrains/kotlin/com/intellij/psi/impl/java/stubs/PsiProvidesStatementStub
instanceKlass org/jetbrains/kotlin/com/intellij/psi/PsiProvidesStatement
instanceKlass org/jetbrains/kotlin/com/intellij/psi/impl/java/stubs/PsiUsesStatementStub
instanceKlass org/jetbrains/kotlin/com/intellij/psi/PsiUsesStatement
instanceKlass org/jetbrains/kotlin/com/intellij/psi/impl/java/stubs/PsiRequiresStatementStub
instanceKlass org/jetbrains/kotlin/com/intellij/psi/PsiRequiresStatement
instanceKlass org/jetbrains/kotlin/com/intellij/psi/PsiStatement
instanceKlass org/jetbrains/kotlin/com/intellij/psi/impl/java/stubs/PsiJavaModuleStub
instanceKlass org/jetbrains/kotlin/com/intellij/psi/PsiJavaModule
instanceKlass org/jetbrains/kotlin/com/intellij/psi/impl/java/stubs/PsiImportListStub
instanceKlass org/jetbrains/kotlin/com/intellij/psi/PsiImportList
instanceKlass org/jetbrains/kotlin/com/intellij/psi/impl/java/stubs/PsiClassInitializerStub
instanceKlass org/jetbrains/kotlin/com/intellij/psi/PsiClassInitializer
instanceKlass org/jetbrains/kotlin/com/intellij/psi/impl/java/stubs/PsiTypeParameterListStub
instanceKlass org/jetbrains/kotlin/com/intellij/psi/PsiTypeParameterList
instanceKlass org/jetbrains/kotlin/com/intellij/psi/impl/java/stubs/PsiTypeParameterStub
instanceKlass org/jetbrains/kotlin/com/intellij/psi/PsiTypeParameter
instanceKlass org/jetbrains/kotlin/com/intellij/psi/impl/java/stubs/PsiParameterStub
instanceKlass org/jetbrains/kotlin/com/intellij/psi/impl/java/stubs/PsiParameterListStub
instanceKlass org/jetbrains/kotlin/com/intellij/psi/PsiParameterList
instanceKlass org/jetbrains/kotlin/com/intellij/psi/PsiMethodReferenceExpression
instanceKlass org/jetbrains/kotlin/com/intellij/psi/PsiLambdaExpression
instanceKlass org/jetbrains/kotlin/com/intellij/psi/PsiFunctionalExpression
instanceKlass org/jetbrains/kotlin/com/intellij/psi/PsiLiteralExpression
instanceKlass org/jetbrains/kotlin/com/intellij/psi/PsiLiteral
instanceKlass org/jetbrains/kotlin/com/intellij/psi/PsiLiteralValue
instanceKlass org/jetbrains/kotlin/com/intellij/psi/impl/java/stubs/PsiNameValuePairStub
instanceKlass org/jetbrains/kotlin/com/intellij/psi/PsiNameValuePair
instanceKlass org/jetbrains/kotlin/com/intellij/lang/jvm/annotation/JvmAnnotationAttribute
instanceKlass org/jetbrains/kotlin/com/intellij/psi/impl/java/stubs/PsiAnnotationParameterListStub
instanceKlass org/jetbrains/kotlin/com/intellij/psi/PsiAnnotationParameterList
instanceKlass org/jetbrains/kotlin/com/intellij/psi/impl/java/stubs/PsiAnnotationStub
instanceKlass org/jetbrains/kotlin/com/intellij/psi/impl/java/stubs/PsiModifierListStub
instanceKlass org/jetbrains/kotlin/com/intellij/psi/impl/java/stubs/JavaStubElementTypes
instanceKlass org/jetbrains/kotlin/com/intellij/psi/tree/ILightLazyParseableElementType
instanceKlass org/jetbrains/kotlin/com/intellij/psi/impl/source/tree/JavaElementType
instanceKlass org/jetbrains/kotlin/com/intellij/psi/impl/compiled/ClsFileImpl$1
instanceKlass org/jetbrains/kotlin/com/intellij/psi/PsiPackageStatement
instanceKlass org/jetbrains/kotlin/com/intellij/psi/impl/compiled/InnerClassSourceStrategy
instanceKlass org/jetbrains/kotlin/com/intellij/psi/PsiCompiledFile
instanceKlass org/jetbrains/kotlin/com/intellij/psi/PsiCompiledElement
instanceKlass org/jetbrains/kotlin/com/intellij/psi/PsiClassOwnerEx
instanceKlass org/jetbrains/kotlin/com/intellij/openapi/extensions/impl/ExtensionPointImpl$1
instanceKlass org/jetbrains/kotlin/load/java/lazy/types/JavaTypeResolverKt
instanceKlass org/jetbrains/kotlin/resolve/calls/context/ResolutionResultsCacheImpl
instanceKlass org/jetbrains/kotlin/resolve/calls/context/ResolutionResultsCache
instanceKlass org/jetbrains/kotlin/resolve/calls/util/CallMaker$3
instanceKlass org/jetbrains/kotlin/resolve/calls/util/CallMaker
instanceKlass com/google/devtools/ksp/symbol/impl/binary/KSAnnotationDescriptorImplKt$getValueArguments$FileDescriptorForVisibilityChecks
instanceKlass dagger/spi/internal/shaded/androidx/room/compiler/processing/InternalXAnnotationKt
instanceKlass dagger/spi/internal/shaded/androidx/room/compiler/processing/InternalXAnnotation
instanceKlass dagger/spi/internal/shaded/androidx/room/compiler/processing/XAnnotation
instanceKlass dagger/spi/internal/shaded/androidx/room/compiler/processing/XEquality$Companion
instanceKlass dagger/spi/internal/shaded/androidx/room/compiler/processing/util/MemoizedSequence
instanceKlass dagger/spi/internal/shaded/androidx/room/compiler/processing/ksp/KspAnnotated$UseSiteFilter$Impl
instanceKlass dagger/spi/internal/shaded/androidx/room/compiler/processing/ksp/KspAnnotated$UseSiteFilter$Companion$NO_USE_SITE$1
instanceKlass dagger/spi/internal/shaded/androidx/room/compiler/processing/ksp/KspAnnotated$UseSiteFilter$Companion
instanceKlass dagger/spi/internal/shaded/androidx/room/compiler/processing/ksp/KspAnnotated$UseSiteFilter
instanceKlass dagger/spi/internal/shaded/androidx/room/compiler/processing/ksp/KspAnnotated$Companion
instanceKlass dagger/spi/internal/shaded/androidx/room/compiler/processing/ksp/KspAnnotated
instanceKlass dagger/spi/internal/shaded/androidx/room/compiler/processing/InternalXAnnotated
instanceKlass dagger/spi/internal/shaded/androidx/room/compiler/processing/ksp/KspHasModifiers$Companion
instanceKlass dagger/spi/internal/shaded/androidx/room/compiler/processing/ksp/KspHasModifiers
instanceKlass dagger/spi/internal/shaded/androidx/room/compiler/processing/ksp/KspTypeElement$Companion$WhenMappings
instanceKlass dagger/spi/internal/shaded/androidx/room/compiler/processing/ksp/KspTypeElement$Companion
instanceKlass dagger/spi/internal/shaded/androidx/room/compiler/processing/ksp/KspElement
instanceKlass dagger/spi/internal/shaded/androidx/room/compiler/processing/XEquality
instanceKlass dagger/spi/internal/shaded/androidx/room/compiler/processing/ksp/KspMemberContainer
instanceKlass dagger/spi/internal/shaded/androidx/room/compiler/processing/XTypeElement
instanceKlass dagger/spi/internal/shaded/androidx/room/compiler/processing/XMemberContainer
instanceKlass dagger/spi/internal/shaded/androidx/room/compiler/processing/XParameterizable
instanceKlass dagger/spi/internal/shaded/androidx/room/compiler/processing/XHasModifiers
instanceKlass dagger/spi/internal/shaded/androidx/room/compiler/processing/ksp/KspRoundEnv$WhenMappings
instanceKlass com/google/devtools/ksp/symbol/KSTypeAlias
instanceKlass dagger/hilt/android/processor/internal/AndroidClassNames
instanceKlass com/squareup/javapoet/LineWrapper$RecordingAppendable
instanceKlass com/squareup/javapoet/LineWrapper
instanceKlass com/squareup/javapoet/CodeWriter$Multiset
instanceKlass com/squareup/javapoet/CodeWriter
instanceKlass dagger/hilt/processor/internal/definecomponent/DefineComponentBuilderMetadatas$DefineComponentBuilderMetadata
instanceKlass dagger/hilt/processor/internal/definecomponent/DefineComponentBuilderMetadatas
instanceKlass dagger/hilt/processor/internal/definecomponent/DefineComponentMetadatas$DefineComponentMetadata
instanceKlass dagger/hilt/processor/internal/definecomponent/DefineComponentMetadatas
instanceKlass kotlin/jvm/internal/Intrinsics$Kotlin
instanceKlass com/google/devtools/ksp/symbol/impl/binary/KSClassDeclarationDescriptorImpl$classKind$2$WhenMappings
instanceKlass org/jetbrains/kotlin/resolve/calls/tower/TowerUtilsKt
instanceKlass org/jetbrains/kotlin/resolve/CliStdlibClassFinderImpl
instanceKlass org/jetbrains/kotlin/resolve/StdlibClassFinder
instanceKlass org/jetbrains/kotlin/resolve/StdlibClassFinderKt
instanceKlass org/jetbrains/kotlin/descriptors/ModalityUtilsKt
instanceKlass org/jetbrains/kotlin/builtins/jvm/JvmBuiltInsCustomizer$WhenMappings
instanceKlass org/jetbrains/kotlin/types/model/TypeSystemContextKt$WhenMappings
instanceKlass org/jetbrains/kotlin/types/model/TypeSystemContextKt
instanceKlass org/jetbrains/kotlin/types/checker/SubtypePathNode
instanceKlass org/jetbrains/kotlin/types/checker/UtilsKt
instanceKlass org/jetbrains/kotlin/types/checker/TypeCheckerProcedureCallbacksImpl
instanceKlass org/jetbrains/kotlin/types/checker/TypeCheckingProcedureCallbacks
instanceKlass org/jetbrains/kotlin/types/checker/TypeCheckingProcedure
instanceKlass org/jetbrains/kotlin/load/java/ClassicBuiltinSpecialProperties
instanceKlass org/jetbrains/kotlin/load/java/lazy/descriptors/JavaDescriptorUtilKt
instanceKlass org/jetbrains/kotlin/load/java/components/DescriptorResolverUtils$1$1
instanceKlass org/jetbrains/kotlin/utils/SmartSet$ArrayIterator
instanceKlass org/jetbrains/kotlin/descriptors/impl/FunctionDescriptorImpl$1
instanceKlass org/jetbrains/kotlin/load/kotlin/JvmTypeFactoryImpl$WhenMappings
instanceKlass org/jetbrains/kotlin/resolve/jvm/kotlinSignature/SignaturesPropagationData$VarargCheckResult
instanceKlass org/jetbrains/kotlin/resolve/jvm/kotlinSignature/SignaturesPropagationData$TypeAndName
instanceKlass org/jetbrains/kotlin/codegen/state/InfoForMangling
instanceKlass org/jetbrains/kotlin/types/checker/NewTypeVariableConstructor
instanceKlass org/jetbrains/kotlin/resolve/jvm/AsmTypes$1
instanceKlass org/jetbrains/kotlin/resolve/jvm/AsmTypes
instanceKlass org/jetbrains/kotlin/resolve/jvm/jvmSignature/JvmMethodParameterSignature
instanceKlass org/jetbrains/kotlin/util/Check$DefaultImpls
instanceKlass org/jetbrains/kotlin/load/java/descriptors/UtilKt
instanceKlass org/jetbrains/kotlin/load/java/typeEnhancement/TypeEnhancementKt$WhenMappings
instanceKlass org/jetbrains/kotlin/types/NotNullTypeParameter
instanceKlass org/jetbrains/kotlin/load/java/JavaDefaultQualifiers
instanceKlass org/jetbrains/kotlin/load/java/JvmAnnotationNamesKt
instanceKlass org/jetbrains/kotlin/load/java/AnnotationQualifiersFqNamesKt
instanceKlass org/jetbrains/kotlin/load/java/typeEnhancement/PredefinedFunctionEnhancementInfo
instanceKlass org/jetbrains/kotlin/load/java/typeEnhancement/TypeEnhancementInfo
instanceKlass org/jetbrains/kotlin/load/java/typeEnhancement/SignatureEnhancementBuilder$ClassEnhancementBuilder$FunctionEnhancementBuilder
instanceKlass org/jetbrains/kotlin/load/java/typeEnhancement/SignatureEnhancementBuilder$ClassEnhancementBuilder
instanceKlass org/jetbrains/kotlin/load/java/typeEnhancement/SignatureEnhancementBuilder
instanceKlass org/jetbrains/kotlin/load/java/typeEnhancement/PredefinedEnhancementInfoKt
instanceKlass org/jetbrains/kotlin/load/kotlin/MethodSignatureBuildingUtilsKt
instanceKlass org/jetbrains/kotlin/load/kotlin/JvmType$Companion
instanceKlass org/jetbrains/kotlin/load/kotlin/JvmType
instanceKlass org/jetbrains/kotlin/utils/FunctionsKt
instanceKlass org/jetbrains/kotlin/load/kotlin/TypeMappingConfigurationImpl
instanceKlass org/jetbrains/kotlin/load/kotlin/JvmTypeFactoryImpl
instanceKlass org/jetbrains/kotlin/utils/SmartSet$SingletonIterator
instanceKlass org/jetbrains/kotlin/resolve/OverridingUtil$OverrideCompatibilityInfo
instanceKlass org/jetbrains/kotlin/resolve/OverridingUtilTypeSystemContext
instanceKlass org/jetbrains/kotlin/load/java/components/DescriptorResolverUtils
instanceKlass org/jetbrains/kotlin/load/kotlin/MethodSignatureMappingKt
instanceKlass org/jetbrains/kotlin/load/java/PropertiesConventionUtilKt
instanceKlass org/jetbrains/kotlin/load/java/lazy/descriptors/LazyJavaScope$MethodSignatureData
instanceKlass org/jetbrains/kotlin/resolve/jvm/kotlinSignature/SignaturesPropagationData$ValueParameters
instanceKlass org/jetbrains/kotlin/resolve/jvm/jvmSignature/KotlinToJvmSignatureMapperKt
instanceKlass org/jetbrains/kotlin/resolve/jvm/InlineClassManglingRulesKt
instanceKlass org/jetbrains/kotlin/load/java/BuiltinSpecialPropertiesKt
instanceKlass org/jetbrains/kotlin/load/java/BuiltinSpecialProperties
instanceKlass org/jetbrains/kotlin/load/java/SpecialGenericSignatures$Companion$NameAndSignature
instanceKlass org/jetbrains/kotlin/load/java/SpecialGenericSignatures$Companion
instanceKlass org/jetbrains/kotlin/load/java/SpecialGenericSignatures
instanceKlass org/jetbrains/kotlin/resolve/jvm/jvmSignature/JvmMethodSignature
instanceKlass org/jetbrains/org/objectweb/asm/commons/Method
instanceKlass org/jetbrains/kotlin/codegen/state/InlineClassManglingUtilsKt
instanceKlass org/jetbrains/kotlin/descriptors/ScriptDescriptor
instanceKlass org/jetbrains/kotlin/load/java/SpecialBuiltinMembers
instanceKlass org/jetbrains/kotlin/load/kotlin/TypeSignatureMappingKt
instanceKlass org/jetbrains/kotlin/builtins/FunctionTypesKt
instanceKlass org/jetbrains/kotlin/load/kotlin/TypeMappingMode$Companion
instanceKlass org/jetbrains/kotlin/load/kotlin/TypeMappingMode
instanceKlass org/jetbrains/kotlin/resolve/InlineClassesUtilsKt
instanceKlass org/jetbrains/kotlin/load/kotlin/DescriptorBasedTypeSignatureMappingKt
instanceKlass org/jetbrains/kotlin/codegen/AccessorForCallableDescriptor
instanceKlass org/jetbrains/kotlin/codegen/state/KotlinTypeMapper$WhenMappings
instanceKlass org/jetbrains/kotlin/codegen/signature/AsmTypeFactory
instanceKlass org/jetbrains/kotlin/load/kotlin/JvmTypeFactory
instanceKlass org/jetbrains/kotlin/load/kotlin/JvmDescriptorTypeWriter
instanceKlass org/jetbrains/kotlin/codegen/JvmCodegenUtil
instanceKlass org/jetbrains/kotlin/codegen/coroutines/CoroutineCodegenUtilKt$INITIAL_SUSPEND_DESCRIPTOR_FOR_INVOKE_SUSPEND$1
instanceKlass org/jetbrains/kotlin/codegen/coroutines/CoroutineCodegenUtilKt$INITIAL_DESCRIPTOR_FOR_SUSPEND_FUNCTION$1
instanceKlass org/jetbrains/kotlin/codegen/CodegenUtilKt
instanceKlass org/jetbrains/kotlin/codegen/coroutines/CoroutineCodegenUtilKt
instanceKlass org/jetbrains/kotlin/resolve/ImportedFromObjectCallableDescriptor
instanceKlass org/jetbrains/kotlin/codegen/OwnerKind$Companion
instanceKlass org/jetbrains/kotlin/descriptors/impl/FunctionDescriptorImpl$CopyConfiguration
instanceKlass org/jetbrains/kotlin/resolve/jvm/kotlinSignature/SignaturePropagationUtilKt
instanceKlass org/jetbrains/kotlin/util/CheckResult
instanceKlass org/jetbrains/kotlin/util/ReturnsCheck
instanceKlass org/jetbrains/kotlin/util/IsKPropertyCheck
instanceKlass org/jetbrains/kotlin/util/NoDefaultAndVarargsCheck
instanceKlass org/jetbrains/kotlin/util/ValueParameterCountCheck
instanceKlass org/jetbrains/kotlin/util/MemberKindCheck
instanceKlass org/jetbrains/kotlin/util/Check
instanceKlass org/jetbrains/kotlin/util/Checks
instanceKlass org/jetbrains/kotlin/util/AbstractModifierChecks
instanceKlass org/jetbrains/kotlin/codegen/signature/KotlinToJvmSignatureMapperImpl
instanceKlass org/jetbrains/kotlin/resolve/jvm/jvmSignature/KotlinToJvmSignatureMapper
instanceKlass org/jetbrains/kotlin/resolve/jvm/kotlinSignature/SignaturesPropagationData
instanceKlass org/jetbrains/kotlin/load/java/lazy/descriptors/LazyJavaScope$ResolvedValueParameters
instanceKlass org/jetbrains/kotlin/load/java/descriptors/JavaMethodDescriptor$2
instanceKlass org/jetbrains/kotlin/load/java/descriptors/JavaMethodDescriptor$1
instanceKlass org/jetbrains/kotlin/descriptors/CallableDescriptor$UserDataKey
instanceKlass org/jetbrains/kotlin/load/java/descriptors/JavaCallableMemberDescriptor
instanceKlass org/jetbrains/kotlin/builtins/jvm/MappingUtilKt
instanceKlass org/jetbrains/kotlin/load/java/components/JavaResolverCache$1
instanceKlass org/jetbrains/kotlin/descriptors/deserialization/AdditionalClassPartsProvider$None
instanceKlass org/jetbrains/kotlin/descriptors/deserialization/PlatformDependentDeclarationFilter$All
instanceKlass org/jetbrains/kotlin/builtins/jvm/FallbackBuiltIns$Companion
instanceKlass org/jetbrains/kotlin/descriptors/deserialization/PlatformDependentDeclarationFilterKt
instanceKlass org/jetbrains/kotlin/name/CallableId$Companion
instanceKlass org/jetbrains/kotlin/name/CallableId
instanceKlass org/jetbrains/kotlin/serialization/deserialization/SuspendFunctionTypeUtilKt
instanceKlass org/jetbrains/kotlin/load/java/typeEnhancement/EnhancedTypeAnnotations
instanceKlass org/jetbrains/kotlin/load/java/typeEnhancement/TypeEnhancementKt
instanceKlass kotlin/jvm/internal/TypeIntrinsics
instanceKlass org/jetbrains/kotlin/types/FlexibleTypeImpl$Companion
instanceKlass org/jetbrains/kotlin/utils/SmartList$SingletonIteratorBase
instanceKlass org/jetbrains/kotlin/resolve/MemberComparator$NameAndTypeMemberComparator
instanceKlass org/jetbrains/kotlin/descriptors/Visibilities
instanceKlass org/jetbrains/kotlin/resolve/OverridingUtil$4
instanceKlass org/jetbrains/kotlin/resolve/OverridingUtil$8
instanceKlass org/jetbrains/kotlin/resolve/OverridingUtil$5
instanceKlass org/jetbrains/kotlin/resolve/scopes/receivers/AbstractReceiverValue
instanceKlass org/jetbrains/kotlin/descriptors/annotations/FilteredAnnotations
instanceKlass org/jetbrains/kotlin/types/TypeCapabilitiesKt
instanceKlass org/jetbrains/kotlin/types/TypeSubstitutor$2
instanceKlass org/jetbrains/kotlin/types/typesApproximation/CapturedTypeApproximationKt
instanceKlass org/jetbrains/kotlin/types/DisjointKeysUnionTypeSubstitution$Companion
instanceKlass org/jetbrains/kotlin/types/DescriptorSubstitutor
instanceKlass org/jetbrains/kotlin/descriptors/impl/PropertyDescriptorImpl$CopyConfiguration
instanceKlass org/jetbrains/kotlin/serialization/deserialization/descriptors/DeserializedCallableMemberDescriptor
instanceKlass org/jetbrains/kotlin/serialization/deserialization/descriptors/DeserializedMemberDescriptor
instanceKlass org/jetbrains/kotlin/serialization/deserialization/descriptors/DescriptorWithContainerSource
instanceKlass org/jetbrains/kotlin/descriptors/impl/AbstractTypeParameterDescriptor$2$1
instanceKlass org/jetbrains/kotlin/descriptors/impl/EnumEntrySyntheticClassDescriptor$EnumEntryScope$3
instanceKlass org/jetbrains/kotlin/descriptors/impl/EnumEntrySyntheticClassDescriptor$EnumEntryScope$2
instanceKlass org/jetbrains/kotlin/descriptors/impl/EnumEntrySyntheticClassDescriptor$EnumEntryScope$1
instanceKlass org/jetbrains/kotlin/resolve/scopes/MemberScopeKt
instanceKlass com/google/devtools/ksp/symbol/impl/kotlin/KSValueArgumentImpl
instanceKlass com/google/devtools/ksp/symbol/KSValueArgument
instanceKlass com/google/devtools/ksp/symbol/impl/binary/KSAnnotationDescriptorImplKt
instanceKlass com/google/devtools/ksp/common/IdKeyTriple
instanceKlass com/google/devtools/ksp/symbol/impl/binary/KSTypeReferenceDescriptorImpl
instanceKlass com/google/devtools/ksp/symbol/impl/binary/KSAnnotationDescriptorImpl
instanceKlass org/jetbrains/kotlin/load/java/lazy/descriptors/LazyJavaAnnotationDescriptor
instanceKlass com/google/devtools/ksp/symbol/impl/binary/KSExpectActualDescriptorImpl
instanceKlass com/google/devtools/ksp/symbol/impl/binary/KSDeclarationDescriptorImpl
instanceKlass org/jetbrains/kotlin/resolve/source/PsiSourceElementKt
instanceKlass com/google/devtools/ksp/common/IdKey
instanceKlass com/google/devtools/ksp/symbol/impl/kotlin/KSTypeImpl
instanceKlass com/google/devtools/ksp/symbol/KSType
instanceKlass com/google/devtools/ksp/symbol/impl/kotlin/KSTypeImplKt
instanceKlass com/google/devtools/ksp/symbol/impl/kotlin/KSClassifierReferenceImpl
instanceKlass com/google/devtools/ksp/symbol/KSClassifierReference
instanceKlass com/google/devtools/ksp/symbol/KSReferenceElement
instanceKlass org/jetbrains/kotlin/load/java/components/JavaAnnotationTargetMapper
instanceKlass org/jetbrains/kotlin/load/java/components/JavaAnnotationDescriptor
instanceKlass org/jetbrains/kotlin/load/java/descriptors/PossiblyExternalAnnotationDescriptor
instanceKlass org/jetbrains/kotlin/resolve/lazy/ForceResolveUtil
instanceKlass org/jetbrains/kotlin/load/java/structure/JavaLiteralAnnotationArgument
instanceKlass org/jetbrains/kotlin/load/java/structure/impl/classFiles/BinaryJavaClass$WhenMappings
instanceKlass javaslang/control/Option$Some
instanceKlass javaslang/control/Option
instanceKlass org/jetbrains/kotlin/util/javaslang/JavaslangAdaptersKt
instanceKlass org/jetbrains/kotlin/load/java/structure/impl/classFiles/ClassifierResolutionContext$InnerClassInfo
instanceKlass com/google/devtools/ksp/symbol/impl/kotlin/KSTypeReferenceImpl
instanceKlass com/google/devtools/ksp/symbol/KSTypeReference
instanceKlass com/google/devtools/ksp/symbol/impl/kotlin/KSAnnotationImpl
instanceKlass com/google/devtools/ksp/symbol/KSAnnotation
instanceKlass org/jetbrains/kotlin/resolve/calls/components/ArgumentsUtilsKt
instanceKlass com/google/devtools/ksp/symbol/Location
instanceKlass com/google/devtools/ksp/symbol/impl/binary/KSValueParameterDescriptorImpl
instanceKlass org/jetbrains/kotlin/descriptors/annotations/AnnotationsKt
instanceKlass org/jetbrains/kotlin/resolve/constants/IntegerLiteralTypeConstructor
instanceKlass org/jetbrains/kotlin/types/AbstractNullabilityChecker
instanceKlass org/jetbrains/kotlin/types/TypeWithEnhancementKt
instanceKlass org/jetbrains/kotlin/resolve/constants/IntegerValueTypeConstructor
instanceKlass org/jetbrains/kotlin/resolve/calls/inference/CapturedTypeConstructorImpl
instanceKlass org/jetbrains/kotlin/resolve/calls/inference/CapturedTypeConstructor
instanceKlass org/jetbrains/kotlin/types/AbstractTypeChecker
instanceKlass org/jetbrains/kotlin/types/checker/ClassicTypeCheckerStateKt
instanceKlass org/jetbrains/kotlin/types/TypeSubstitutionKt
instanceKlass org/jetbrains/kotlin/types/FlexibleTypesKt
instanceKlass org/jetbrains/kotlin/types/TypeWithEnhancement
instanceKlass org/jetbrains/kotlin/resolve/jvm/diagnostics/ErrorsJvm$1
instanceKlass org/jetbrains/kotlin/resolve/jvm/diagnostics/ErrorsJvm
instanceKlass org/jetbrains/kotlin/resolve/calls/inference/CapturedTypeConstructorKt
instanceKlass org/jetbrains/kotlin/resolve/scopes/SubstitutingScope
instanceKlass org/jetbrains/kotlin/descriptors/impl/ModuleAwareClassDescriptorKt
instanceKlass org/jetbrains/kotlin/resolve/TypeResolver$Companion$WhenMappings
instanceKlass org/jetbrains/kotlin/resolve/AnnotationTargetList
instanceKlass org/jetbrains/kotlin/resolve/AnnotationTargetLists$TargetListBuilder
instanceKlass org/jetbrains/kotlin/descriptors/annotations/KotlinTarget$Companion
instanceKlass org/jetbrains/kotlin/resolve/AnnotationTargetLists
instanceKlass org/jetbrains/kotlin/resolve/ModifierCheckerCore
instanceKlass com/google/devtools/ksp/symbol/impl/binary/KSPropertyAccessorDescriptorImpl
instanceKlass org/jetbrains/kotlin/resolve/OverridingStrategy
instanceKlass org/jetbrains/kotlin/resolve/DelegationResolver$Companion
instanceKlass org/jetbrains/kotlin/resolve/DelegationResolver
instanceKlass org/jetbrains/kotlin/resolve/lazy/descriptors/LazyClassMemberScope$generateDelegatingDescriptors$lazyMemberExtractor$1
instanceKlass org/jetbrains/kotlin/resolve/DelegationResolver$MemberExtractor
instanceKlass org/jetbrains/kotlin/resolve/lazy/descriptors/LazyClassMemberScope$generateDelegatingDescriptors$lazyTypeResolver$1
instanceKlass org/jetbrains/kotlin/resolve/DelegationResolver$TypeResolver
instanceKlass org/jetbrains/kotlin/load/java/structure/JavaLoadingKt
instanceKlass org/jetbrains/kotlin/load/java/lazy/descriptors/ClassDeclaredMemberIndex
instanceKlass org/jetbrains/kotlin/load/java/lazy/descriptors/DeclaredMemberIndex
instanceKlass org/jetbrains/kotlin/resolve/DescriptorFactory
instanceKlass kotlin/sequences/DropWhileSequence$iterator$1
instanceKlass kotlin/sequences/DropWhileSequence
instanceKlass org/jetbrains/kotlin/psi/typeRefHelpers/TypeRefHelpersKt
instanceKlass org/jetbrains/kotlin/resolve/scopes/ScopeUtils
instanceKlass org/jetbrains/kotlin/resolve/VariableAsPropertyInfo$Companion
instanceKlass org/jetbrains/kotlin/resolve/VariableAsPropertyInfo
instanceKlass org/jetbrains/kotlin/resolve/calls/components/InferenceSession$Companion$default$1
instanceKlass org/jetbrains/kotlin/resolve/calls/components/InferenceSession$Companion
instanceKlass org/jetbrains/kotlin/resolve/calls/smartcasts/DataFlowInfoImpl$Companion
instanceKlass org/jetbrains/kotlin/resolve/calls/smartcasts/DataFlowInfoImpl
instanceKlass org/jetbrains/kotlin/resolve/calls/smartcasts/DataFlowInfoFactory
instanceKlass org/jetbrains/kotlin/resolve/lazy/descriptors/ClassResolutionScopesSupportKt
instanceKlass org/jetbrains/kotlin/util/Box
instanceKlass org/jetbrains/kotlin/com/intellij/openapi/project/ProjectCoreUtil
instanceKlass org/jetbrains/kotlin/load/kotlin/KotlinJvmBinarySourceElement
instanceKlass org/jetbrains/kotlin/resolve/scopes/LexicalScopeStorage$IntList
instanceKlass org/jetbrains/kotlin/resolve/scopes/utils/LexicalScopeWrapper
instanceKlass org/jetbrains/kotlin/types/expressions/ExpressionTypingUtils
instanceKlass org/jetbrains/kotlin/descriptors/impl/ValueParameterDescriptorImpl$Companion
instanceKlass org/jetbrains/kotlin/descriptors/annotations/AnnotationSplitter$LazySplitAnnotations
instanceKlass org/jetbrains/kotlin/descriptors/annotations/CompositeAnnotations
instanceKlass org/jetbrains/kotlin/descriptors/annotations/AnnotationSplitter$Companion
instanceKlass org/jetbrains/kotlin/descriptors/annotations/AnnotationSplitter
instanceKlass org/jetbrains/kotlin/resolve/scopes/LexicalWritableScope$Snapshot
instanceKlass org/jetbrains/kotlin/resolve/jvm/KotlinJavaPsiFacade$3
instanceKlass gnu/trove/THashMap$MapBackedView
instanceKlass org/jetbrains/kotlin/resolve/scopes/MemberScope$DefaultImpls
instanceKlass org/jetbrains/kotlin/resolve/scopes/AbstractLocalRedeclarationChecker
instanceKlass org/jetbrains/kotlin/descriptors/annotations/TargetedAnnotations
instanceKlass java/util/stream/Sink$ChainedInt
instanceKlass java/util/stream/Sink$OfInt
instanceKlass java/util/function/IntConsumer
instanceKlass java/util/stream/IntStream
instanceKlass org/jetbrains/kotlin/resolve/scopes/receivers/ImplicitClassReceiver
instanceKlass org/jetbrains/kotlin/resolve/scopes/receivers/ThisClassReceiver
instanceKlass org/jetbrains/kotlin/resolve/scopes/receivers/ImplicitReceiver
instanceKlass org/jetbrains/kotlin/resolve/scopes/LexicalChainedScope$Companion
instanceKlass org/jetbrains/kotlin/resolve/scopes/LexicalChainedScope
instanceKlass org/jetbrains/kotlin/load/java/typeEnhancement/JavaTypeEnhancement$Result
instanceKlass org/jetbrains/kotlin/load/java/typeEnhancement/JavaTypeEnhancement$SimpleResult
instanceKlass org/jetbrains/kotlin/load/java/typeEnhancement/TypeComponentPositionKt
instanceKlass org/jetbrains/kotlin/load/java/typeEnhancement/TypeEnhancementUtilsKt
instanceKlass org/jetbrains/kotlin/load/java/typeEnhancement/JavaTypeQualifiers$Companion
instanceKlass org/jetbrains/kotlin/load/java/typeEnhancement/JavaTypeQualifiers
instanceKlass org/jetbrains/kotlin/types/RawType
instanceKlass org/jetbrains/kotlin/types/checker/ClassicTypeSystemContext$DefaultImpls
instanceKlass kotlin/reflect/jvm/internal/impl/name/SpecialNames
instanceKlass kotlin/reflect/jvm/internal/impl/builtins/CompanionObjectMapping
instanceKlass kotlin/reflect/jvm/internal/impl/name/FqNamesUtilKt
instanceKlass kotlin/reflect/jvm/internal/impl/utils/CollectionsKt
instanceKlass kotlin/reflect/jvm/internal/impl/builtins/PrimitiveType$Companion
instanceKlass kotlin/reflect/jvm/internal/impl/builtins/StandardNames$FqNames
instanceKlass kotlin/reflect/jvm/internal/impl/builtins/jvm/JavaToKotlinClassMap$PlatformMutabilityMapping
instanceKlass kotlin/reflect/jvm/internal/impl/builtins/functions/FunctionClassKind$Companion
instanceKlass kotlin/reflect/jvm/internal/impl/builtins/StandardNames
instanceKlass kotlin/reflect/jvm/internal/impl/builtins/jvm/JavaToKotlinClassMap
instanceKlass kotlin/jvm/functions/Function22
instanceKlass kotlin/jvm/functions/Function21
instanceKlass kotlin/jvm/functions/Function20
instanceKlass kotlin/jvm/functions/Function19
instanceKlass kotlin/jvm/functions/Function18
instanceKlass kotlin/jvm/functions/Function17
instanceKlass kotlin/jvm/functions/Function16
instanceKlass kotlin/jvm/functions/Function15
instanceKlass kotlin/jvm/functions/Function14
instanceKlass kotlin/jvm/functions/Function13
instanceKlass kotlin/jvm/functions/Function12
instanceKlass kotlin/jvm/functions/Function11
instanceKlass kotlin/jvm/functions/Function10
instanceKlass kotlin/jvm/functions/Function9
instanceKlass kotlin/jvm/functions/Function8
instanceKlass kotlin/jvm/functions/Function7
instanceKlass kotlin/jvm/functions/Function6
instanceKlass kotlin/jvm/functions/Function5
instanceKlass kotlin/reflect/jvm/internal/impl/descriptors/runtime/structure/ReflectClassUtilKt
instanceKlass kotlin/reflect/jvm/internal/impl/name/ClassId
instanceKlass kotlin/reflect/jvm/internal/impl/name/FqNameUnsafe$1
instanceKlass kotlin/reflect/jvm/internal/impl/name/Name
instanceKlass kotlin/reflect/jvm/internal/impl/name/FqNameUnsafe
instanceKlass kotlin/reflect/jvm/internal/impl/name/FqName
instanceKlass kotlin/reflect/jvm/internal/RuntimeTypeMapper
instanceKlass kotlin/reflect/jvm/internal/KDeclarationContainerImpl$Data
instanceKlass org/jetbrains/kotlin/util/AbstractArrayMapOwner$AbstractArrayMapAccessor
instanceKlass org/jetbrains/kotlin/types/TypeAttribute
instanceKlass org/jetbrains/kotlin/types/AnnotationsTypeAttributeKt
instanceKlass org/jetbrains/kotlin/com/intellij/util/IdempotenceChecker
instanceKlass org/jetbrains/kotlin/load/java/structure/impl/JavaElementCollectionFromPsiArrayUtil
instanceKlass org/jetbrains/kotlin/com/intellij/lang/jvm/JvmTypeParameter
instanceKlass org/jetbrains/kotlin/name/FqNamesUtilKt$WhenMappings
instanceKlass org/jetbrains/kotlin/com/intellij/openapi/roots/ProjectRootModificationTracker
instanceKlass org/jetbrains/kotlin/com/intellij/openapi/application/ReadActionProcessor
instanceKlass org/jetbrains/kotlin/com/intellij/util/CollectionQuery
instanceKlass org/jetbrains/kotlin/com/intellij/util/CommonProcessors$CollectProcessor
instanceKlass org/jetbrains/kotlin/com/intellij/util/Processors
instanceKlass org/jetbrains/kotlin/com/intellij/psi/impl/file/PsiPackageImpl$PackageAnnotationValueProvider
instanceKlass org/jetbrains/kotlin/load/java/typeEnhancement/AbstractSignatureParts$TypeAndDefaultQualifiers
instanceKlass org/jetbrains/kotlin/load/java/typeEnhancement/AbstractSignatureParts
instanceKlass org/jetbrains/kotlin/types/TypeAttributeTranslator$DefaultImpls
instanceKlass org/jetbrains/kotlin/types/TypeAttributesKt
instanceKlass org/jetbrains/kotlin/load/java/structure/impl/classFiles/ClassifierResolutionContext$Result
instanceKlass org/jetbrains/kotlin/types/ErasureTypeAttributes
instanceKlass org/jetbrains/kotlin/load/java/lazy/types/JavaTypeAttributesKt
instanceKlass org/jetbrains/kotlin/load/java/FakePureImplementationsProvider
instanceKlass org/jetbrains/kotlin/load/java/components/JavaAnnotationMapper
instanceKlass org/jetbrains/kotlin/utils/DFS
instanceKlass org/jetbrains/kotlin/utils/DFS$AbstractNodeHandler
instanceKlass org/jetbrains/kotlin/utils/DFS$NodeHandler
instanceKlass org/jetbrains/kotlin/utils/DFS$VisitedWithSet
instanceKlass org/jetbrains/kotlin/utils/DFS$Visited
instanceKlass org/jetbrains/kotlin/resolve/FindLoopsInSupertypes
instanceKlass org/jetbrains/kotlin/utils/DFS$Neighbors
instanceKlass org/jetbrains/kotlin/types/IntersectionTypeConstructor
instanceKlass org/jetbrains/kotlin/types/model/IntersectionTypeConstructorMarker
instanceKlass org/jetbrains/kotlin/types/CustomTypeParameter
instanceKlass org/jetbrains/kotlin/utils/SmartSet$Companion
instanceKlass org/jetbrains/kotlin/load/java/structure/JavaClassObjectAnnotationArgument
instanceKlass org/jetbrains/kotlin/load/java/structure/JavaWildcardType
instanceKlass org/jetbrains/kotlin/load/java/structure/JavaEnumValueAnnotationArgument
instanceKlass org/jetbrains/kotlin/load/java/structure/impl/classFiles/PlainJavaAnnotationArgument
instanceKlass org/jetbrains/kotlin/load/java/structure/JavaArrayAnnotationArgument
instanceKlass org/jetbrains/kotlin/load/java/structure/JavaAnnotationArgument
instanceKlass org/jetbrains/kotlin/descriptors/annotations/AnnotationDescriptor$DefaultImpls
instanceKlass org/jetbrains/kotlin/resolve/lazy/descriptors/LazyAnnotationDescriptor$FileDescriptorForVisibilityChecks
instanceKlass org/jetbrains/kotlin/resolve/lazy/descriptors/LazyAnnotationDescriptor
instanceKlass org/jetbrains/kotlin/descriptors/annotations/Annotations$DefaultImpls
instanceKlass org/jetbrains/kotlin/resolve/jvm/annotations/JvmAnnotationUtilKt
instanceKlass org/jetbrains/kotlin/types/SpecialTypesKt
instanceKlass org/jetbrains/kotlin/types/DynamicTypesKt
instanceKlass org/jetbrains/kotlin/resolve/checkers/TrailingCommaChecker
instanceKlass org/jetbrains/kotlin/resolve/PlatformClassesMappedToKotlinChecker
instanceKlass org/jetbrains/kotlin/descriptors/impl/TypeAliasConstructorDescriptor
instanceKlass org/jetbrains/kotlin/descriptors/impl/DescriptorDerivedFromTypeAlias
instanceKlass org/jetbrains/kotlin/descriptors/DescriptorVisibilityUtils
instanceKlass org/jetbrains/kotlin/load/java/JavaDescriptorVisibilities
instanceKlass org/jetbrains/kotlin/load/java/UtilsKt
instanceKlass org/jetbrains/kotlin/resolve/QualifiedExpressionResolverKt
instanceKlass org/jetbrains/kotlin/descriptors/DescriptorWithDeprecation$Companion
instanceKlass org/jetbrains/kotlin/descriptors/DescriptorWithDeprecation
instanceKlass org/jetbrains/kotlin/load/java/structure/impl/classFiles/BinaryJavaTypeParameter
instanceKlass org/jetbrains/kotlin/load/java/structure/JavaTypeParameter
instanceKlass org/jetbrains/kotlin/load/java/structure/impl/classFiles/BinaryJavaValueParameter
instanceKlass org/jetbrains/kotlin/load/java/structure/JavaValueParameter
instanceKlass org/jetbrains/kotlin/load/java/structure/JavaArrayType
instanceKlass org/jetbrains/org/objectweb/asm/MethodVisitor
instanceKlass org/jetbrains/kotlin/load/java/structure/JavaConstructor
instanceKlass org/jetbrains/kotlin/load/java/structure/impl/classFiles/BinaryJavaMethodBase$Companion$MethodInfo
instanceKlass org/jetbrains/kotlin/load/java/structure/impl/classFiles/BinaryJavaMethodBase$Companion
instanceKlass org/jetbrains/kotlin/load/java/structure/impl/classFiles/BinaryJavaMethodBase
instanceKlass org/jetbrains/kotlin/load/java/structure/impl/classFiles/BinaryJavaAnnotation$Companion
instanceKlass org/jetbrains/kotlin/load/java/structure/impl/classFiles/BinaryJavaAnnotation
instanceKlass org/jetbrains/kotlin/load/java/structure/JavaAnnotation
instanceKlass org/jetbrains/org/objectweb/asm/FieldVisitor
instanceKlass org/jetbrains/kotlin/load/java/structure/impl/classFiles/BinaryJavaField
instanceKlass org/jetbrains/kotlin/load/java/structure/JavaPrimitiveType
instanceKlass org/jetbrains/kotlin/utils/addToStdlib/AddToStdlibKt
instanceKlass java/text/StringCharacterIterator
instanceKlass java/text/CharacterIterator
instanceKlass org/jetbrains/kotlin/incremental/LookupSymbol
instanceKlass org/jetbrains/kotlin/incremental/components/Position$Companion
instanceKlass org/jetbrains/kotlin/incremental/KotlinLookupLocation$cachedLocation$2$1
instanceKlass org/jetbrains/kotlin/incremental/components/LocationInfo
instanceKlass org/jetbrains/kotlin/psi/KtPsiFactoryKt
instanceKlass org/jetbrains/kotlin/utils/CallOnceFunction
instanceKlass org/jetbrains/kotlin/resolve/scopes/receivers/QualifierKt
instanceKlass org/jetbrains/kotlin/resolve/scopes/receivers/PackageQualifier
instanceKlass kotlin/collections/ReversedList$listIterator$1
instanceKlass kotlin/jvm/internal/markers/KMutableListIterator
instanceKlass java/util/AbstractList$SubList$1
instanceKlass org/jetbrains/kotlin/resolve/PackageFragmentWithCustomSource
instanceKlass kotlin/jvm/internal/markers/KMutableList
instanceKlass org/jetbrains/kotlin/com/google/common/collect/PeekingIterator
instanceKlass org/jetbrains/kotlin/com/google/common/collect/Iterators
instanceKlass org/jetbrains/kotlin/com/google/common/collect/ObjectArrays
instanceKlass org/jetbrains/kotlin/com/google/common/collect/ImmutableMultimap$Builder
instanceKlass org/jetbrains/kotlin/resolve/scopes/ImportingScope$DefaultImpls
instanceKlass org/jetbrains/kotlin/resolve/lazy/FileScopeFactory$currentPackageScope$1
instanceKlass org/jetbrains/kotlin/resolve/lazy/LazyImportScope
instanceKlass org/jetbrains/kotlin/resolve/DelegatingBindingTrace$MyBindingContext
instanceKlass org/jetbrains/kotlin/resolve/AnalyzingUtils
instanceKlass org/jetbrains/kotlin/resolve/extensions/ExtraImportsProviderExtension$Companion$CompoundExtraImportsProviderExtension
instanceKlass org/jetbrains/kotlin/resolve/scopes/ResolutionScope$DefaultImpls
instanceKlass org/jetbrains/kotlin/resolve/scopes/HierarchicalScope$DefaultImpls
instanceKlass org/jetbrains/kotlin/resolve/scopes/LexicalScope$DefaultImpls
instanceKlass org/jetbrains/kotlin/psi/KtCodeFragmentBase
instanceKlass org/jetbrains/kotlin/com/intellij/psi/JavaCodeFragment
instanceKlass org/jetbrains/kotlin/com/intellij/psi/PsiCodeFragment
instanceKlass org/jetbrains/kotlin/psi/codeFragmentUtil/CodeFragmentUtilKt
instanceKlass org/jetbrains/kotlin/com/google/common/collect/Lists
instanceKlass org/jetbrains/kotlin/resolve/scopes/LexicalScopeImpl$InitializeHandler
instanceKlass org/jetbrains/kotlin/resolve/scopes/LocalRedeclarationChecker$DO_NOTHING
instanceKlass org/jetbrains/kotlin/resolve/scopes/utils/ScopeUtilsKt
instanceKlass org/jetbrains/kotlin/resolve/bindingContextUtil/BindingContextUtilsKt
instanceKlass org/jetbrains/kotlin/resolve/lazy/FileScopeFactory$FilesScopesBuilder$importResolver$1
instanceKlass org/jetbrains/kotlin/resolve/scopes/BaseHierarchicalScope
instanceKlass org/jetbrains/kotlin/resolve/lazy/FileScopeFactory$FilesScopesBuilder$lazyImportingScope$1
instanceKlass org/jetbrains/kotlin/resolve/lazy/FileScopeFactoryKt
instanceKlass org/jetbrains/kotlin/resolve/lazy/LazyImportResolver
instanceKlass org/jetbrains/kotlin/resolve/lazy/IndexedImports
instanceKlass org/jetbrains/kotlin/resolve/lazy/FileScopeFactory$FilesScopesBuilder
instanceKlass org/jetbrains/kotlin/resolve/lazy/FileScopeProviderKt
instanceKlass org/jetbrains/kotlin/resolve/lazy/descriptors/LazyClassMemberScope$Companion$EXTRACT_PROPERTIES$1
instanceKlass org/jetbrains/kotlin/resolve/lazy/descriptors/LazyClassMemberScope$Companion$EXTRACT_FUNCTIONS$1
instanceKlass org/jetbrains/kotlin/resolve/lazy/descriptors/LazyClassMemberScope$MemberExtractor
instanceKlass org/jetbrains/kotlin/resolve/lazy/descriptors/LazyClassMemberScope$Companion
instanceKlass org/jetbrains/kotlin/resolve/lazy/descriptors/ClassResolutionScopesSupport$Companion
instanceKlass org/jetbrains/kotlin/resolve/lazy/descriptors/ClassResolutionScopesSupport
instanceKlass org/jetbrains/kotlin/resolve/source/KotlinSourceElement
instanceKlass org/jetbrains/kotlin/resolve/source/KotlinSourceElementKt
instanceKlass org/jetbrains/kotlin/descriptors/ValueClassRepresentation
instanceKlass org/jetbrains/kotlin/resolve/lazy/data/KtClassOrObjectInfo
instanceKlass org/jetbrains/kotlin/resolve/lazy/data/KtClassInfoUtil
instanceKlass org/jetbrains/kotlin/com/google/common/collect/LinkedHashMultimap$ValueSet$1
instanceKlass org/jetbrains/kotlin/com/google/common/collect/AbstractMapBasedMultimap$WrappedCollection$WrappedIterator
instanceKlass org/jetbrains/kotlin/com/google/common/collect/ListMultimap
instanceKlass org/jetbrains/kotlin/resolve/lazy/declarations/AbstractPsiBasedDeclarationProvider$Index
instanceKlass org/jetbrains/kotlin/resolve/lazy/declarations/AbstractPsiBasedDeclarationProvider
instanceKlass org/jetbrains/kotlin/com/intellij/openapi/application/BaseActionRunnable
instanceKlass com/google/devtools/ksp/symbol/impl/synthetic/KSPropertyAccessorSyntheticImpl
instanceKlass com/google/devtools/ksp/symbol/impl/kotlin/KSPropertyDeclarationImplKt
instanceKlass com/google/devtools/ksp/symbol/impl/kotlin/KSPropertyAccessorImpl
instanceKlass com/google/devtools/ksp/symbol/impl/synthetic/KSValueParameterSyntheticImpl
instanceKlass com/google/devtools/ksp/symbol/KSPropertySetter
instanceKlass com/google/devtools/ksp/symbol/KSPropertyGetter
instanceKlass com/google/devtools/ksp/symbol/KSPropertyAccessor
instanceKlass kotlin/collections/builders/SetBuilder$Companion
instanceKlass com/google/common/collect/PeekingIterator
instanceKlass com/google/common/collect/Iterators
instanceKlass com/squareup/javapoet/Util
instanceKlass javax/lang/model/element/ElementVisitor
instanceKlass javax/lang/model/type/TypeVisitor
instanceKlass jdk/internal/module/ModulePatcher$PatchedModuleReader
instanceKlass com/squareup/javapoet/TypeName
instanceKlass dagger/hilt/processor/internal/ClassNames
instanceKlass kotlin/collections/MapWithDefaultImpl
instanceKlass com/google/common/collect/UnmodifiableIterator
instanceKlass dagger/spi/internal/shaded/androidx/room/compiler/processing/CommonProcessorDelegate
instanceKlass dagger/spi/internal/shaded/androidx/room/compiler/processing/ksp/KspRoundEnv
instanceKlass dagger/spi/internal/shaded/androidx/room/compiler/processing/XRoundEnv
instanceKlass dagger/hilt/processor/internal/ProcessorErrorHandler
instanceKlass com/google/common/collect/ImmutableCollection$Builder
instanceKlass com/google/common/collect/Hashing
instanceKlass com/google/common/math/IntMath$1
instanceKlass com/google/common/math/MathPreconditions
instanceKlass com/google/common/math/IntMath
instanceKlass java/util/stream/ReduceOps$AccumulatingSink
instanceKlass java/util/stream/ReduceOps$Box
instanceKlass java/util/stream/ReduceOps$ReduceOp
instanceKlass java/util/stream/ReduceOps
instanceKlass com/google/common/collect/Multimap
instanceKlass dagger/internal/codegen/extension/DaggerStreams
instanceKlass java/util/HashMap$HashMapSpliterator
instanceKlass com/google/common/base/Preconditions
instanceKlass com/google/common/collect/ImmutableSet$SetBuilderImpl
instanceKlass dagger/hilt/processor/internal/HiltCompilerOptions$EnumOption
instanceKlass dagger/spi/internal/shaded/androidx/room/compiler/processing/XElement
instanceKlass dagger/spi/internal/shaded/androidx/room/compiler/processing/XAnnotated
instanceKlass dagger/hilt/processor/internal/HiltCompilerOptions
instanceKlass dagger/internal/codegen/DelegateComponentProcessor
instanceKlass dagger/spi/internal/shaded/androidx/room/compiler/processing/ksp/KspFiler
instanceKlass dagger/spi/internal/shaded/androidx/room/compiler/processing/XFiler
instanceKlass dagger/spi/internal/shaded/androidx/room/compiler/processing/XMessager
instanceKlass dagger/spi/internal/shaded/androidx/room/compiler/processing/javac/XTypeElementStore
instanceKlass dagger/spi/internal/shaded/androidx/room/compiler/processing/XProcessingEnv$Companion
instanceKlass dagger/spi/internal/shaded/androidx/room/compiler/processing/ksp/KspProcessingEnv
instanceKlass dagger/spi/internal/shaded/androidx/room/compiler/processing/XProcessingEnv
instanceKlass dagger/spi/internal/shaded/androidx/room/compiler/processing/ksp/KspBasicAnnotationProcessor$DelegateLogger
instanceKlass dagger/spi/internal/shaded/androidx/room/compiler/processing/XProcessingEnvConfig$Companion
instanceKlass dagger/spi/internal/shaded/androidx/room/compiler/processing/XProcessingEnvConfig
instanceKlass dagger/spi/internal/shaded/androidx/room/compiler/processing/XProcessingEnvConfig$Builder
instanceKlass dagger/hilt/processor/internal/HiltProcessingEnvConfigs
instanceKlass dagger/hilt/processor/internal/BaseProcessingStep
instanceKlass dagger/spi/internal/shaded/androidx/room/compiler/processing/XProcessingStep
instanceKlass dagger/spi/internal/shaded/androidx/room/compiler/processing/ksp/KspBasicAnnotationProcessor
instanceKlass dagger/spi/internal/shaded/androidx/room/compiler/processing/XBasicAnnotationProcessor
instanceKlass com/google/devtools/ksp/common/impl/JvmPlatformInfoImpl
instanceKlass com/google/devtools/ksp/processing/JvmPlatformInfo
instanceKlass com/google/devtools/ksp/processing/PlatformInfo
instanceKlass com/google/devtools/ksp/KotlinSymbolProcessingExtensionKt
instanceKlass com/google/devtools/ksp/processing/SymbolProcessorEnvironment
instanceKlass com/google/devtools/ksp/common/impl/CodeGeneratorImpl
instanceKlass com/google/devtools/ksp/processing/CodeGenerator
instanceKlass dagger/internal/codegen/KspComponentProcessor$Provider
instanceKlass dagger/hilt/processor/internal/root/KspRootProcessor$Provider
instanceKlass dagger/hilt/processor/internal/root/KspComponentTreeDepsProcessor$Provider
instanceKlass dagger/hilt/processor/internal/aliasof/KspAliasOfProcessor$Provider
instanceKlass dagger/hilt/processor/internal/aggregateddeps/KspAggregatedDepsProcessor$Provider
instanceKlass dagger/hilt/android/processor/internal/androidentrypoint/KspAndroidEntryPointProcessor$Provider
instanceKlass dagger/hilt/processor/internal/earlyentrypoint/KspEarlyEntryPointProcessor$Provider
instanceKlass dagger/hilt/processor/internal/originatingelement/KspOriginatingElementProcessor$Provider
instanceKlass dagger/hilt/processor/internal/generatesrootinput/KspGeneratesRootInputProcessor$Provider
instanceKlass dagger/hilt/android/processor/internal/bindvalue/KspBindValueProcessor$Provider
instanceKlass dagger/hilt/android/processor/internal/customtestapplication/KspCustomTestApplicationProcessor$Provider
instanceKlass dagger/hilt/android/processor/internal/viewmodel/KspViewModelProcessor$Provider
instanceKlass dagger/hilt/processor/internal/definecomponent/KspDefineComponentProcessor$Provider
instanceKlass com/google/devtools/ksp/processing/SymbolProcessor
instanceKlass dagger/hilt/processor/internal/uninstallmodules/KspUninstallModulesProcessor$Provider
instanceKlass com/google/devtools/ksp/processing/SymbolProcessorProvider
instanceKlass com/google/devtools/ksp/symbol/impl/java/KSFileJavaImpl
instanceKlass org/jetbrains/kotlin/load/java/structure/impl/classFiles/CommonMixinsKt
instanceKlass org/jetbrains/kotlin/load/java/structure/impl/JavaModifierListOwnerImpl
instanceKlass org/jetbrains/kotlin/load/java/structure/impl/JavaAnnotationOwnerImpl
instanceKlass org/jetbrains/kotlin/load/java/lazy/LazyJavaTypeParameterResolver
instanceKlass org/jetbrains/kotlin/load/java/components/JavaSourceElementImpl
instanceKlass org/jetbrains/kotlin/resolve/source/PsiSourceElement
instanceKlass org/jetbrains/kotlin/load/java/lazy/descriptors/LazyJavaClassDescriptor$Companion
instanceKlass org/jetbrains/kotlin/load/java/structure/impl/classFiles/JavaPlainType
instanceKlass org/jetbrains/kotlin/load/java/structure/JavaClassifierType
instanceKlass org/jetbrains/kotlin/load/java/structure/JavaType
instanceKlass org/jetbrains/kotlin/load/java/structure/ListBasedJavaAnnotationOwner
instanceKlass org/jetbrains/kotlin/load/java/structure/impl/classFiles/BinaryJavaModifierListOwner
instanceKlass org/jetbrains/kotlin/load/java/structure/impl/VirtualFileBoundJavaClass
instanceKlass org/jetbrains/kotlin/load/java/structure/MutableJavaAnnotationOwner
instanceKlass javaslang/collection/HashArrayMappedTrieModule$AbstractNode
instanceKlass javaslang/collection/HashArrayMappedTrie
instanceKlass javaslang/collection/Set
instanceKlass javaslang/collection/Seq
instanceKlass javaslang/collection/Iterator
instanceKlass javaslang/collection/HashMap
instanceKlass javaslang/collection/Map
instanceKlass javaslang/collection/Traversable
instanceKlass javaslang/collection/Foldable
instanceKlass javaslang/Value
instanceKlass javaslang/Function1
instanceKlass javaslang/\u03bb
instanceKlass org/jetbrains/kotlin/load/java/structure/impl/classFiles/ClassifierResolutionContext
instanceKlass org/jetbrains/kotlin/cli/jvm/compiler/KotlinCliJavaFileManagerImpl$WhenMappings
instanceKlass org/jetbrains/kotlin/load/java/lazy/descriptors/LazyJavaPackageScope$KotlinClassLookupResult
instanceKlass org/jetbrains/kotlin/load/java/lazy/descriptors/LazyJavaPackageScope$FindClassRequest
instanceKlass org/jetbrains/kotlin/descriptors/DescriptorUtilKt
instanceKlass org/jetbrains/kotlin/types/AbstractStrictEqualityTypeChecker
instanceKlass org/jetbrains/kotlin/types/checker/StrictEqualityTypeChecker
instanceKlass org/jetbrains/kotlin/types/KotlinTypeKt
instanceKlass org/jetbrains/kotlin/types/TypeProjectionBase
instanceKlass org/jetbrains/kotlin/storage/SingleThreadValue
instanceKlass org/jetbrains/kotlin/builtins/CompanionObjectMapping
instanceKlass org/jetbrains/kotlin/builtins/jvm/JavaToKotlinClassMap$PlatformMutabilityMapping
instanceKlass org/jetbrains/kotlin/name/StandardClassIdsKt
instanceKlass org/jetbrains/kotlin/name/StandardClassIds
instanceKlass org/jetbrains/kotlin/builtins/jvm/JavaToKotlinClassMap
instanceKlass org/jetbrains/kotlin/load/kotlin/SignatureBuildingComponents
instanceKlass org/jetbrains/kotlin/builtins/jvm/JvmBuiltInsSignatures
instanceKlass org/jetbrains/kotlin/util/EmptyArrayMap$iterator$1
instanceKlass java/util/ArrayList$SubList$1
instanceKlass org/jetbrains/kotlin/resolve/ResolutionAnchorProviderKt
instanceKlass org/jetbrains/kotlin/descriptors/FindClassInModuleKt
instanceKlass org/jetbrains/kotlin/metadata/deserialization/ProtoTypeTableUtilKt
instanceKlass org/jetbrains/kotlin/types/AbstractTypeConstructor$Supertypes
instanceKlass org/jetbrains/kotlin/types/TypeConstructorSubstitution$Companion
instanceKlass org/jetbrains/kotlin/types/TypeSubstitution$Companion
instanceKlass org/jetbrains/kotlin/types/TypeSubstitution
instanceKlass org/jetbrains/kotlin/types/typeUtil/TypeUtilsKt
instanceKlass org/jetbrains/kotlin/metadata/ProtoBuf$TypeAliasOrBuilder
instanceKlass org/jetbrains/kotlin/metadata/ProtoBuf$Effect$InvocationKind$1
instanceKlass org/jetbrains/kotlin/metadata/ProtoBuf$Expression$ConstantValue$1
instanceKlass org/jetbrains/kotlin/metadata/ProtoBuf$ExpressionOrBuilder
instanceKlass org/jetbrains/kotlin/metadata/ProtoBuf$Effect$EffectType$1
instanceKlass org/jetbrains/kotlin/metadata/ProtoBuf$EffectOrBuilder
instanceKlass org/jetbrains/kotlin/metadata/ProtoBuf$VersionRequirement$VersionKind$1
instanceKlass org/jetbrains/kotlin/metadata/ProtoBuf$VersionRequirement$Level$1
instanceKlass org/jetbrains/kotlin/metadata/ProtoBuf$VersionRequirementOrBuilder
instanceKlass org/jetbrains/kotlin/metadata/jvm/deserialization/JvmNameResolverBase$WhenMappings
instanceKlass org/jetbrains/kotlin/metadata/deserialization/ProtoBufUtilKt
instanceKlass org/jetbrains/kotlin/load/kotlin/JvmPackagePartSource
instanceKlass org/jetbrains/kotlin/serialization/deserialization/descriptors/DeserializedContainerSource
instanceKlass org/jetbrains/kotlin/load/kotlin/FacadeClassSource
instanceKlass org/jetbrains/kotlin/metadata/jvm/deserialization/JvmNameResolverKt
instanceKlass org/jetbrains/kotlin/metadata/jvm/JvmProtoBuf$StringTableTypes$Record$Operation$1
instanceKlass org/jetbrains/kotlin/metadata/jvm/JvmProtoBuf$StringTableTypes$RecordOrBuilder
instanceKlass org/jetbrains/kotlin/metadata/jvm/JvmProtoBuf$StringTableTypesOrBuilder
instanceKlass kotlin/collections/IndexedValue
instanceKlass kotlin/collections/IndexingIterator
instanceKlass kotlin/collections/IndexingIterable
instanceKlass org/jetbrains/kotlin/metadata/jvm/deserialization/JvmNameResolverBase$Companion
instanceKlass org/jetbrains/kotlin/metadata/jvm/deserialization/JvmNameResolverBase
instanceKlass org/jetbrains/kotlin/metadata/jvm/deserialization/UtfEncodingKt
instanceKlass org/jetbrains/kotlin/metadata/jvm/deserialization/BitEncoding
instanceKlass org/jetbrains/kotlin/load/kotlin/FileBasedKotlinClass$OuterAndInnerName
instanceKlass org/jetbrains/kotlin/load/kotlin/header/KotlinClassHeader
instanceKlass org/jetbrains/kotlin/load/kotlin/header/ReadKotlinClassHeaderAnnotationVisitor$CollectStringArrayAnnotationVisitor
instanceKlass org/jetbrains/org/objectweb/asm/Type
instanceKlass org/jetbrains/kotlin/load/kotlin/KotlinJvmBinaryClass$AnnotationArrayArgumentVisitor
instanceKlass org/jetbrains/kotlin/load/kotlin/header/ReadKotlinClassHeaderAnnotationVisitor$KotlinMetadataArgumentVisitor
instanceKlass java/lang/Override
instanceKlass org/jetbrains/kotlin/load/java/JvmAnnotationNames
instanceKlass org/jetbrains/org/objectweb/asm/Context
instanceKlass org/jetbrains/org/objectweb/asm/Attribute
instanceKlass org/jetbrains/org/objectweb/asm/Label
instanceKlass org/jetbrains/org/objectweb/asm/ClassReader
instanceKlass org/jetbrains/kotlin/load/kotlin/FileBasedKotlinClass$InnerClassesInfo
instanceKlass org/jetbrains/kotlin/load/kotlin/KotlinJvmBinaryClass$AnnotationArgumentVisitor
instanceKlass org/jetbrains/kotlin/load/kotlin/header/ReadKotlinClassHeaderAnnotationVisitor
instanceKlass org/jetbrains/kotlin/load/kotlin/KotlinJvmBinaryClass$AnnotationVisitor
instanceKlass kotlin/jvm/functions/Function4
instanceKlass org/jetbrains/kotlin/load/kotlin/VirtualFileKotlinClass$Factory
instanceKlass org/jetbrains/org/objectweb/asm/AnnotationVisitor
instanceKlass org/jetbrains/org/objectweb/asm/ClassVisitor
instanceKlass org/jetbrains/kotlin/load/kotlin/FileBasedKotlinClass
instanceKlass org/jetbrains/kotlin/load/kotlin/KotlinBinaryClassCache$RequestCache
instanceKlass org/jetbrains/kotlin/load/kotlin/KotlinClassFinderKt
instanceKlass org/jetbrains/kotlin/resolve/jvm/JvmClassName
instanceKlass gnu/trove/TObjectProcedure
instanceKlass org/jetbrains/kotlin/resolve/jvm/multiplatform/OptionalAnnotationClassDataFinder
instanceKlass org/jetbrains/kotlin/cli/jvm/index/JvmDependenciesIndexImpl$SearchResult
instanceKlass org/jetbrains/kotlin/load/java/lazy/LazyJavaAnnotations
instanceKlass org/jetbrains/kotlin/load/java/lazy/LazyJavaAnnotationsKt
instanceKlass org/jetbrains/kotlin/load/java/lazy/descriptors/JvmPackageScope
instanceKlass org/jetbrains/kotlin/load/java/lazy/ContextKt
instanceKlass org/jetbrains/kotlin/storage/LockBasedStorageManager$KeyWithComputation
instanceKlass org/jetbrains/kotlin/load/java/structure/JavaElementsKt
instanceKlass org/jetbrains/kotlin/load/java/structure/impl/source/JavaElementPsiSource
instanceKlass org/jetbrains/kotlin/load/java/structure/impl/JavaElementImpl
instanceKlass org/jetbrains/kotlin/load/java/structure/impl/source/JavaSourceFactoryOwner
instanceKlass org/jetbrains/kotlin/load/java/structure/MapBasedJavaAnnotationOwner
instanceKlass org/jetbrains/kotlin/load/java/structure/impl/source/JavaElementSourceFactory$Companion
instanceKlass org/jetbrains/kotlin/cli/jvm/index/JvmDependenciesIndexImpl$FindClassRequest
instanceKlass org/jetbrains/kotlin/cli/jvm/index/JvmDependenciesIndexImpl$WhenMappings
instanceKlass gnu/trove/PrimeFinder
instanceKlass org/jetbrains/kotlin/com/intellij/util/containers/IntArrayList
instanceKlass org/jetbrains/kotlin/cli/jvm/index/JvmDependenciesIndexImpl$Cache
instanceKlass org/jetbrains/kotlin/cli/jvm/index/JvmDependenciesIndexImpl$TraverseRequest
instanceKlass org/jetbrains/kotlin/cli/jvm/index/JvmDependenciesIndexImpl$SearchRequest
instanceKlass org/jetbrains/kotlin/cli/jvm/compiler/KotlinCliJavaFileManagerImplKt
instanceKlass kotlin/jvm/internal/Ref$BooleanRef
instanceKlass org/jetbrains/kotlin/resolve/jvm/KotlinSafeClassFinder
instanceKlass org/jetbrains/kotlin/com/intellij/util/containers/ImmutableList$Itr
instanceKlass org/jetbrains/kotlin/resolve/jvm/KotlinJavaPsiFacade$CliFinder
instanceKlass org/jetbrains/kotlin/com/intellij/openapi/vfs/CompactVirtualFileSet$2
instanceKlass org/jetbrains/kotlin/com/intellij/util/containers/SequenceIterator
instanceKlass org/jetbrains/kotlin/resolve/jvm/KotlinJavaPsiFacade$PackageCache
instanceKlass com/google/devtools/ksp/symbol/KSVisitorVoid
instanceKlass kotlin/UnsafeLazyImpl
instanceKlass org/jetbrains/kotlin/codegen/state/KotlinTypeMapper$typeMappingConfiguration$1
instanceKlass org/jetbrains/kotlin/load/kotlin/TypeMappingConfiguration
instanceKlass com/google/devtools/ksp/processing/impl/ResolverImplKt
instanceKlass org/jetbrains/kotlin/codegen/ClassBuilderMode
instanceKlass org/jetbrains/kotlin/resolve/InlineClassDescriptorResolver
instanceKlass org/jetbrains/kotlin/codegen/state/KotlinTypeMapper$Companion
instanceKlass org/jetbrains/kotlin/codegen/state/KotlinTypeMapperBase
instanceKlass com/google/devtools/ksp/processing/impl/ResolverImpl$Companion
instanceKlass com/google/devtools/ksp/processing/impl/ResolverImpl
instanceKlass com/google/devtools/ksp/processing/Resolver
instanceKlass org/jetbrains/kotlin/util/slicedMap/OpenAddressLinearProbingHashTableKt
instanceKlass org/jetbrains/kotlin/util/slicedMap/OpenAddressLinearProbingHashTable$Companion
instanceKlass org/jetbrains/kotlin/util/slicedMap/Slices$SliceBuilder
instanceKlass org/jetbrains/kotlin/util/slicedMap/SetSlice$Companion
instanceKlass org/jetbrains/kotlin/util/slicedMap/RewritePolicy$1
instanceKlass org/jetbrains/kotlin/resolve/BindingContext$1
instanceKlass org/jetbrains/kotlin/com/google/common/collect/Sets
instanceKlass org/jetbrains/kotlin/resolve/FilePreprocessorKt
instanceKlass org/jetbrains/kotlin/com/intellij/psi/impl/source/resolve/FileContextUtil
instanceKlass org/jetbrains/kotlin/name/NameUtils
instanceKlass org/jetbrains/kotlin/load/kotlin/PackagePartClassUtils
instanceKlass org/jetbrains/kotlin/fileClasses/JvmSimpleFileClassInfo
instanceKlass org/jetbrains/kotlin/fileClasses/JvmFileClassInfo
instanceKlass org/jetbrains/kotlin/fileClasses/JvmFileClassUtil
instanceKlass org/jetbrains/kotlin/com/intellij/psi/util/CachedValueProfiler$Overhead
instanceKlass org/jetbrains/kotlin/com/intellij/psi/util/CachedValueProfiler$ThreadContext
instanceKlass org/jetbrains/kotlin/com/intellij/psi/util/CachedValueProfiler$GlobalContext
instanceKlass org/jetbrains/kotlin/com/intellij/psi/util/CachedValueProfiler$EventPlace
instanceKlass org/jetbrains/kotlin/com/intellij/psi/util/CachedValueProfiler
instanceKlass org/jetbrains/kotlin/com/intellij/openapi/util/RecursionManager$StackFrame
instanceKlass org/jetbrains/kotlin/com/intellij/openapi/util/RecursionManager$MyKey
instanceKlass org/jetbrains/kotlin/com/intellij/util/CachedValueBase$Data
instanceKlass org/jetbrains/kotlin/com/intellij/openapi/util/Computable
instanceKlass org/jetbrains/kotlin/com/intellij/util/CachedValueLeakChecker
instanceKlass org/jetbrains/kotlin/com/intellij/psi/util/CachedValuesManager$1
instanceKlass org/jetbrains/kotlin/fileClasses/JvmFileClassUtilKt
instanceKlass org/jetbrains/kotlin/kdoc/psi/api/KDoc
instanceKlass org/jetbrains/kotlin/kdoc/psi/api/KDocElement
instanceKlass org/jetbrains/kotlin/com/intellij/psi/PsiDocCommentBase
instanceKlass org/jetbrains/kotlin/lexer/_JetLexer$State
instanceKlass org/jetbrains/kotlin/com/intellij/psi/PsiJavaFile
instanceKlass com/google/devtools/ksp/symbol/impl/synthetic/KSConstructorSyntheticImpl
instanceKlass com/google/devtools/ksp/symbol/KSPropertyDeclaration
instanceKlass com/google/devtools/ksp/symbol/impl/kotlin/KSValueParameterImpl
instanceKlass com/google/devtools/ksp/symbol/KSValueParameter
instanceKlass com/google/devtools/ksp/common/LookupSymbolWrapper
instanceKlass org/jetbrains/kotlin/psi/KtSimpleNameExpressionImpl$Companion
instanceKlass org/jetbrains/kotlin/psi/KtExpressionImpl$Companion
instanceKlass org/jetbrains/kotlin/psi/KtNameReferenceExpression$Companion
instanceKlass org/jetbrains/kotlin/psi/psiUtil/PsiUtilsKt$siblings$1$iterator$1
instanceKlass org/jetbrains/kotlin/psi/psiUtil/PsiUtilsKt$siblings$1
instanceKlass org/jetbrains/kotlin/psi/KtDotQualifiedExpression$Companion
instanceKlass org/jetbrains/kotlin/psi/KtStubbedPsiUtil
instanceKlass org/jetbrains/kotlin/psi/KtNamedDeclarationUtil
instanceKlass com/google/devtools/ksp/common/KSObjectCacheManager$Companion
instanceKlass com/google/devtools/ksp/common/KSObjectCacheManager
instanceKlass org/jetbrains/kotlin/psi/KtPsiUtil
instanceKlass com/google/devtools/ksp/common/KSObjectCache
instanceKlass com/google/devtools/ksp/common/impl/KSNameImpl
instanceKlass com/google/devtools/ksp/symbol/KSName
instanceKlass com/google/devtools/ksp/symbol/impl/PsiUtilsKt
instanceKlass com/google/devtools/ksp/UtilsKt
instanceKlass org/jetbrains/kotlin/psi/psiUtil/KtPsiUtilKt
instanceKlass org/jetbrains/kotlin/psi/psiUtil/PsiUtilsKt
instanceKlass com/google/devtools/ksp/symbol/impl/kotlin/KSExpectActualImpl
instanceKlass com/google/devtools/ksp/symbol/impl/kotlin/KSDeclarationImpl
instanceKlass com/google/devtools/ksp/symbol/KSClassDeclaration
instanceKlass com/google/devtools/ksp/common/MemoizedSequence$CachedIterator
instanceKlass com/google/devtools/ksp/common/MemoizedSequence
instanceKlass com/google/devtools/ksp/common/PsiUtilsKt
instanceKlass com/google/devtools/ksp/symbol/impl/UtilsKt
instanceKlass org/jetbrains/kotlin/com/intellij/openapi/application/AccessToken
instanceKlass org/jetbrains/kotlin/com/intellij/openapi/progress/Cancellation
instanceKlass org/jetbrains/kotlin/com/intellij/psi/impl/source/SourceTreeToPsiMap
instanceKlass org/jetbrains/kotlin/com/intellij/openapi/progress/WrappedProgressIndicator
instanceKlass org/jetbrains/kotlin/com/intellij/openapi/progress/impl/NonCancelableIndicator
instanceKlass org/jetbrains/kotlin/com/intellij/openapi/progress/StandardProgressIndicator
instanceKlass org/jetbrains/kotlin/com/intellij/psi/tree/ILeafElementType
instanceKlass org/jetbrains/kotlin/com/intellij/psi/tree/ICustomParsingType
instanceKlass org/jetbrains/kotlin/com/intellij/lang/WhitespacesAndCommentsBinder$RecursiveBinder
instanceKlass org/jetbrains/kotlin/com/intellij/lang/impl/PsiBuilderImpl$RelativeTokenTextView
instanceKlass org/jetbrains/kotlin/parsing/KotlinParsing$PropertyComponentKind$Collector
instanceKlass org/jetbrains/kotlin/parsing/PrecedingCommentsBinder
instanceKlass org/jetbrains/kotlin/parsing/KotlinParsing$4
instanceKlass org/jetbrains/kotlin/parsing/AbstractKotlinParsing$OptionalMarker
instanceKlass org/jetbrains/kotlin/parsing/PrecedingDocCommentsBinder
instanceKlass org/jetbrains/kotlin/parsing/KotlinParsing$ModifierDetector
instanceKlass org/jetbrains/kotlin/it/unimi/dsi/fastutil/ints/IntArrays$ArrayHashStrategy
instanceKlass org/jetbrains/kotlin/it/unimi/dsi/fastutil/ints/IntArrays$Segment
instanceKlass org/jetbrains/kotlin/it/unimi/dsi/fastutil/ints/IntArrays
instanceKlass java/util/function/IntUnaryOperator
instanceKlass org/jetbrains/kotlin/com/intellij/lang/WhitespacesBinders$2
instanceKlass org/jetbrains/kotlin/com/intellij/lang/WhitespacesBinders$1
instanceKlass org/jetbrains/kotlin/com/intellij/lang/WhitespacesBinders
instanceKlass org/jetbrains/kotlin/parsing/TrailingCommentsBinder
instanceKlass org/jetbrains/kotlin/com/intellij/util/text/CharSequenceSubSequence
instanceKlass org/jetbrains/kotlin/it/unimi/dsi/fastutil/Arrays
instanceKlass org/jetbrains/kotlin/com/google/common/collect/ImmutableCollection$Builder
instanceKlass java/util/AbstractMap$SimpleImmutableEntry
instanceKlass org/jetbrains/kotlin/com/google/common/collect/ImmutableMap$Builder
instanceKlass org/jetbrains/kotlin/parsing/AbstractTokenStreamPredicate
instanceKlass org/jetbrains/kotlin/parsing/AbstractTokenStreamPattern
instanceKlass org/jetbrains/kotlin/parsing/TokenStreamPattern
instanceKlass org/jetbrains/kotlin/parsing/Consumer
instanceKlass org/jetbrains/kotlin/parsing/TokenStreamPredicate
instanceKlass org/jetbrains/kotlin/com/intellij/lang/WhitespacesAndCommentsBinder
instanceKlass org/jetbrains/kotlin/parsing/AbstractKotlinParsing
instanceKlass org/jetbrains/kotlin/com/intellij/lang/impl/PsiBuilderAdapter
instanceKlass org/jetbrains/kotlin/parsing/SemanticWhitespaceAwarePsiBuilder
instanceKlass org/jetbrains/kotlin/parsing/KotlinParser
instanceKlass org/jetbrains/kotlin/com/intellij/util/text/ImmutableText$InnerLeaf
instanceKlass org/jetbrains/kotlin/com/intellij/util/text/ImmutableText$CompositeNode
instanceKlass org/jetbrains/kotlin/com/intellij/lang/impl/TokenSequence$Builder
instanceKlass org/jetbrains/kotlin/com/intellij/lang/impl/TokenSequence
instanceKlass org/jetbrains/kotlin/com/intellij/lexer/TokenList
instanceKlass org/jetbrains/kotlin/com/intellij/lang/impl/PsiBuilderImpl$Token
instanceKlass org/jetbrains/kotlin/com/intellij/lang/LighterLazyParseableNode
instanceKlass org/jetbrains/kotlin/it/unimi/dsi/fastutil/ints/IntListIterator
instanceKlass org/jetbrains/kotlin/it/unimi/dsi/fastutil/ints/IntBidirectionalIterator
instanceKlass org/jetbrains/kotlin/it/unimi/dsi/fastutil/ints/IntStack
instanceKlass org/jetbrains/kotlin/it/unimi/dsi/fastutil/ints/IntList
instanceKlass org/jetbrains/kotlin/it/unimi/dsi/fastutil/ints/IntSpliterator
instanceKlass org/jetbrains/kotlin/it/unimi/dsi/fastutil/ints/IntIterator
instanceKlass java/util/PrimitiveIterator$OfInt
instanceKlass java/util/PrimitiveIterator
instanceKlass java/util/BitSet
instanceKlass org/jetbrains/kotlin/com/intellij/util/containers/IntStack
instanceKlass org/jetbrains/kotlin/it/unimi/dsi/fastutil/objects/ObjectArrays$ArrayHashStrategy
instanceKlass org/jetbrains/kotlin/it/unimi/dsi/fastutil/objects/ObjectArrays
instanceKlass org/jetbrains/kotlin/it/unimi/dsi/fastutil/objects/ObjectListIterator
instanceKlass org/jetbrains/kotlin/it/unimi/dsi/fastutil/objects/ObjectBidirectionalIterator
instanceKlass org/jetbrains/kotlin/it/unimi/dsi/fastutil/BidirectionalIterator
instanceKlass org/jetbrains/kotlin/it/unimi/dsi/fastutil/objects/ObjectList
instanceKlass org/jetbrains/kotlin/com/intellij/psi/text/BlockSupport
instanceKlass org/jetbrains/kotlin/lexer/_JetLexer
instanceKlass org/jetbrains/kotlin/com/intellij/lexer/FlexLexer
instanceKlass org/jetbrains/kotlin/com/intellij/lexer/LexerPosition
instanceKlass org/jetbrains/kotlin/com/intellij/lang/WhitespacesAndCommentsBinder$TokenTextGetter
instanceKlass org/jetbrains/kotlin/com/intellij/lang/PsiBuilder$Marker
instanceKlass org/jetbrains/kotlin/com/intellij/lang/SyntaxTreeBuilder$Marker
instanceKlass org/jetbrains/kotlin/com/intellij/lang/impl/PsiBuilderImpl$ProductionMarker
instanceKlass org/jetbrains/kotlin/com/intellij/lang/impl/PsiBuilderImpl$Node
instanceKlass org/jetbrains/kotlin/com/intellij/lang/LighterASTNode
instanceKlass org/jetbrains/kotlin/com/intellij/util/diff/ShallowNodeComparator
instanceKlass org/jetbrains/kotlin/com/intellij/util/diff/DiffTreeChangeBuilder
instanceKlass org/jetbrains/kotlin/com/intellij/openapi/util/UnprotectedUserDataHolder
instanceKlass org/jetbrains/kotlin/com/intellij/psi/impl/source/tree/TreeUtil
instanceKlass org/jetbrains/kotlin/com/intellij/psi/impl/DebugUtil
instanceKlass org/jetbrains/kotlin/com/intellij/psi/impl/source/tree/SharedImplUtil
instanceKlass org/jetbrains/kotlin/com/intellij/lang/LighterAST
instanceKlass org/jetbrains/kotlin/com/intellij/util/AstLoadingFilter
instanceKlass org/jetbrains/kotlin/com/intellij/psi/search/PsiElementProcessor$CollectElements
instanceKlass org/jetbrains/kotlin/com/intellij/psi/search/PsiElementProcessor$FindElement
instanceKlass org/jetbrains/kotlin/com/intellij/psi/search/PsiElementProcessor
instanceKlass org/jetbrains/kotlin/com/intellij/psi/util/PsiTreeUtil
instanceKlass com/google/devtools/ksp/symbol/KSFunctionDeclaration
instanceKlass com/google/devtools/ksp/symbol/KSDeclaration
instanceKlass com/google/devtools/ksp/symbol/KSExpectActual
instanceKlass com/google/devtools/ksp/symbol/KSModifierListOwner
instanceKlass com/google/devtools/ksp/visitor/KSEmptyVisitor
instanceKlass com/google/devtools/ksp/symbol/KSVisitor
instanceKlass com/google/devtools/ksp/LookupSymbolExternalizer
instanceKlass org/jetbrains/kotlin/incremental/storage/CollectionExternalizer
instanceKlass org/jetbrains/kotlin/incremental/storage/AppendableDataExternalizer
instanceKlass org/jetbrains/kotlin/incremental/storage/LookupSymbolKeyDescriptor
instanceKlass org/jetbrains/kotlin/incremental/TrackedLookupMap
instanceKlass org/jetbrains/kotlin/incremental/storage/IntExternalizer
instanceKlass org/jetbrains/kotlin/incremental/storage/CachingLazyStorage
instanceKlass org/jetbrains/kotlin/incremental/storage/AppendableLazyStorage
instanceKlass org/jetbrains/kotlin/incremental/storage/LazyStorage
instanceKlass org/jetbrains/kotlin/incremental/storage/CachingLazyStorageKt
instanceKlass org/jetbrains/kotlin/com/intellij/util/io/DifferentSerializableBytesImplyNonEqualityPolicy
instanceKlass org/jetbrains/kotlin/com/intellij/util/io/EnumeratorStringDescriptor
instanceKlass org/jetbrains/kotlin/com/intellij/util/io/ExternalIntegerKeyDescriptor
instanceKlass org/jetbrains/kotlin/incremental/storage/BasicMap
instanceKlass org/jetbrains/kotlin/incremental/LookupStorage$Companion
instanceKlass org/jetbrains/kotlin/incremental/storage/BasicMapsOwner$Companion
instanceKlass org/jetbrains/kotlin/incremental/storage/BasicMapsOwner
instanceKlass com/google/devtools/ksp/LookupStorageWrapperImpl
instanceKlass com/google/devtools/ksp/common/LookupStorageWrapper
instanceKlass com/google/devtools/ksp/LookupTrackerWrapperImpl
instanceKlass com/google/devtools/ksp/common/LookupTrackerWrapper
instanceKlass org/jetbrains/kotlin/build/report/DoNothingICReporter
instanceKlass org/jetbrains/kotlin/build/report/ICReporter
instanceKlass org/jetbrains/kotlin/incremental/BaseCompilationTransaction
instanceKlass org/jetbrains/kotlin/incremental/CompilationTransaction
instanceKlass org/jetbrains/kotlin/incremental/IncrementalCompilationContext
instanceKlass com/google/devtools/ksp/RelativeFileToPathConverter
instanceKlass org/jetbrains/kotlin/incremental/storage/FileToPathConverter
instanceKlass org/jetbrains/kotlin/com/intellij/util/io/InlineKeyDescriptor
instanceKlass java/util/function/ToIntFunction
instanceKlass org/jetbrains/kotlin/com/intellij/util/containers/hash/LinkedHashMap$LinkedHashIterator
instanceKlass org/jetbrains/kotlin/com/intellij/util/io/PersistentBTreeEnumerator$1
instanceKlass org/jetbrains/kotlin/com/intellij/util/io/IntToIntBtree$BtreePage
instanceKlass org/jetbrains/kotlin/com/intellij/util/io/IntToIntBtree$BtreeRootNode
instanceKlass java/nio/channels/spi/AbstractInterruptibleChannel$1
instanceKlass sun/nio/ch/Interruptible
instanceKlass org/jetbrains/kotlin/com/intellij/util/io/UnInterruptibleFileChannelHandle$FileChannelIdempotentOperation
instanceKlass org/jetbrains/kotlin/com/intellij/util/ThrowableRunnable
instanceKlass org/jetbrains/kotlin/com/intellij/util/io/UnInterruptibleFileChannelHandle
instanceKlass org/jetbrains/kotlin/com/intellij/util/io/OpenChannelsCache$ChannelDescriptor
instanceKlass org/jetbrains/kotlin/com/intellij/util/io/OpenChannelsCache$ChannelProcessor
instanceKlass org/jetbrains/kotlin/com/intellij/util/io/DirectByteBufferAllocator
instanceKlass org/jetbrains/kotlin/com/intellij/openapi/util/ThrowableComputable
instanceKlass org/jetbrains/kotlin/com/intellij/util/io/DirectBufferWrapper
instanceKlass org/jetbrains/kotlin/com/intellij/util/io/IOStatistics
instanceKlass java/io/FileOutputStream$1
instanceKlass java/nio/file/Files$3
instanceKlass java/nio/file/FileTreeWalker$Event
instanceKlass java/util/RegularEnumSet$EnumSetIterator
instanceKlass java/nio/file/FileTreeWalker
instanceKlass org/jetbrains/kotlin/com/intellij/openapi/util/io/FileUtilRt$NIOReflect$1
instanceKlass java/nio/file/FileStore
instanceKlass java/nio/file/DirectoryStream$Filter
instanceKlass java/nio/file/DirectoryStream
instanceKlass java/nio/file/attribute/UserPrincipal
instanceKlass java/util/function/BiPredicate
instanceKlass java/nio/file/WatchEvent$Modifier
instanceKlass java/nio/file/WatchKey
instanceKlass java/nio/file/WatchEvent$Kind
instanceKlass java/nio/file/WatchService
instanceKlass java/io/FilenameFilter
instanceKlass java/nio/file/FileVisitor
instanceKlass org/jetbrains/kotlin/com/intellij/openapi/util/io/FileUtilRt$NIOReflect
instanceKlass org/jetbrains/kotlin/com/intellij/util/io/PersistentEnumeratorBase$Version
instanceKlass sun/nio/ch/IOStatus
instanceKlass java/nio/DirectByteBuffer$Deallocator
instanceKlass sun/nio/ch/Util$BufferCache
instanceKlass sun/nio/ch/Util
instanceKlass sun/nio/ch/NativeThread
instanceKlass java/nio/channels/Channels
instanceKlass sun/nio/ch/FileChannelImpl$Closer
instanceKlass sun/nio/ch/NativeDispatcher
instanceKlass sun/nio/ch/NativeThreadSet
instanceKlass sun/nio/ch/IOUtil
instanceKlass sun/nio/fs/WindowsChannelFactory$2
instanceKlass sun/nio/fs/WindowsChannelFactory$Flags
instanceKlass sun/nio/fs/WindowsChannelFactory$1
instanceKlass sun/nio/fs/WindowsChannelFactory
instanceKlass sun/nio/fs/WindowsSecurityDescriptor
instanceKlass java/nio/file/attribute/FileAttribute
instanceKlass org/jetbrains/kotlin/com/intellij/util/io/Page
instanceKlass org/jetbrains/kotlin/com/intellij/util/io/PagedFileStorageCache
instanceKlass org/jetbrains/kotlin/com/intellij/util/containers/hash/EqualityPolicy$2
instanceKlass org/jetbrains/kotlin/com/intellij/util/containers/hash/EqualityPolicy$1
instanceKlass org/jetbrains/kotlin/it/unimi/dsi/fastutil/ints/Int2ObjectFunctions$SynchronizedFunction
instanceKlass org/jetbrains/kotlin/it/unimi/dsi/fastutil/ints/Int2ObjectMaps
instanceKlass org/jetbrains/kotlin/com/intellij/util/io/StorageLockContext
instanceKlass org/jetbrains/kotlin/com/intellij/util/io/FilePageCache
instanceKlass org/jetbrains/kotlin/com/intellij/util/io/OpenChannelsCache
instanceKlass java/nio/channels/spi/AbstractInterruptibleChannel
instanceKlass java/nio/channels/InterruptibleChannel
instanceKlass java/nio/channels/ScatteringByteChannel
instanceKlass java/nio/channels/GatheringByteChannel
instanceKlass java/nio/channels/SeekableByteChannel
instanceKlass java/nio/channels/ByteChannel
instanceKlass java/nio/channels/ReadableByteChannel
instanceKlass org/jetbrains/kotlin/com/intellij/util/io/PagedFileStorage
instanceKlass org/jetbrains/kotlin/com/intellij/util/io/ResizeableMappedFile
instanceKlass org/jetbrains/kotlin/com/intellij/util/io/IntToIntBtree
instanceKlass org/jetbrains/kotlin/com/intellij/util/io/IntToIntBtree$KeyValueProcessor
instanceKlass org/jetbrains/kotlin/com/intellij/util/io/IntToIntBtree$BtreeDataStorage
instanceKlass org/jetbrains/kotlin/com/intellij/util/io/keyStorage/AppendableObjectStorage
instanceKlass org/jetbrains/kotlin/com/intellij/util/io/PersistentEnumeratorBase
instanceKlass org/jetbrains/kotlin/com/intellij/util/io/PersistentEnumerator
instanceKlass org/jetbrains/kotlin/com/intellij/util/io/DataEnumeratorEx
instanceKlass org/jetbrains/kotlin/com/intellij/util/io/DataEnumerator
instanceKlass org/jetbrains/kotlin/com/intellij/openapi/Forceable
instanceKlass org/jetbrains/kotlin/com/intellij/util/io/IOUtil
instanceKlass sun/nio/fs/WindowsPath$1
instanceKlass org/jetbrains/kotlin/com/intellij/openapi/util/ThreadLocalCachedByteArray
instanceKlass org/jetbrains/kotlin/com/intellij/util/io/PersistentHashMapValueStorage$RAReader
instanceKlass org/jetbrains/kotlin/com/intellij/util/io/CompressedAppendableFile
instanceKlass org/jetbrains/kotlin/com/intellij/util/io/PersistentHashMapValueStorage
instanceKlass org/jetbrains/kotlin/com/intellij/util/io/IOCancellationCallbackHolder$loadSingleCallback$2
instanceKlass org/jetbrains/kotlin/com/intellij/util/io/IOCancellationCallback
instanceKlass org/jetbrains/kotlin/com/intellij/util/io/IOCancellationCallbackHolder
instanceKlass org/jetbrains/kotlin/com/intellij/util/io/PersistentMapImpl$1
instanceKlass org/jetbrains/kotlin/com/intellij/util/containers/LimitedPool
instanceKlass org/jetbrains/kotlin/com/intellij/util/io/PersistentEnumeratorBase$DataFilter
instanceKlass org/jetbrains/kotlin/com/intellij/util/io/PersistentEnumeratorBase$RecordsProcessor
instanceKlass org/jetbrains/kotlin/com/intellij/openapi/util/ThreadLocalCachedValue
instanceKlass org/jetbrains/kotlin/com/intellij/util/io/PersistentEnumeratorBase$RecordBufferHandler
instanceKlass org/jetbrains/kotlin/com/intellij/util/containers/LimitedPool$ObjectFactory
instanceKlass org/jetbrains/kotlin/com/intellij/util/io/PersistentMapImpl
instanceKlass org/jetbrains/kotlin/com/intellij/util/SystemProperties
instanceKlass org/jetbrains/kotlin/com/intellij/util/io/PersistentHashMapValueStorage$CreationTimeOptions
instanceKlass java/util/concurrent/AbstractExecutorService
instanceKlass org/jetbrains/kotlin/com/intellij/util/io/PersistentMapBase
instanceKlass org/jetbrains/kotlin/com/intellij/util/io/PersistentMapBuilder
instanceKlass com/google/devtools/ksp/common/FileExternalizer
instanceKlass com/google/devtools/ksp/common/ListExternalizer
instanceKlass com/google/devtools/ksp/common/FileKeyDescriptor
instanceKlass org/jetbrains/kotlin/com/intellij/util/io/KeyDescriptor
instanceKlass org/jetbrains/kotlin/com/intellij/util/io/DataExternalizer
instanceKlass org/jetbrains/kotlin/com/intellij/util/io/AppendablePersistentMap$ValueDataAppender
instanceKlass org/jetbrains/kotlin/com/intellij/util/io/PersistentHashMap
instanceKlass org/jetbrains/kotlin/com/intellij/util/io/AppendablePersistentMap
instanceKlass org/jetbrains/kotlin/com/intellij/util/io/PersistentMap
instanceKlass org/jetbrains/kotlin/com/intellij/util/io/KeyValueStore
instanceKlass sun/util/calendar/CalendarSystem$GregorianHolder
instanceKlass sun/util/calendar/CalendarSystem
instanceKlass java/util/Date
instanceKlass com/google/devtools/ksp/common/IncrementalContextBase
instanceKlass kotlin/jvm/internal/Ref$ObjectRef
instanceKlass com/google/devtools/ksp/processing/impl/KSObjectCacheManager$Companion
instanceKlass com/google/devtools/ksp/processing/impl/KSObjectCacheManager
instanceKlass com/google/devtools/ksp/processing/impl/KSObjectCache
instanceKlass com/google/devtools/ksp/symbol/impl/kotlin/KSFileImpl
instanceKlass com/google/devtools/ksp/common/KSVirtualFile
instanceKlass com/google/devtools/ksp/symbol/KSFile
instanceKlass com/google/devtools/ksp/symbol/KSAnnotated
instanceKlass com/google/devtools/ksp/symbol/KSDeclarationContainer
instanceKlass com/google/devtools/ksp/symbol/KSNode
instanceKlass com/google/devtools/ksp/AbstractKotlinSymbolProcessingExtension$doAnalysis$$inlined$sortedBy$2
instanceKlass com/google/devtools/ksp/AbstractKotlinSymbolProcessingExtension$doAnalysis$$inlined$sortedBy$1
instanceKlass com/google/devtools/ksp/processing/impl/MessageCollectorBasedKSPLogger$Event
instanceKlass org/jetbrains/kotlin/library/metadata/impl/KlibResolvedModuleDescriptorsFactoryImpl$Companion
instanceKlass org/jetbrains/kotlin/library/metadata/impl/KlibResolvedModuleDescriptorsFactoryImpl
instanceKlass org/jetbrains/kotlin/library/metadata/KlibResolvedModuleDescriptorsFactory
instanceKlass org/jetbrains/kotlin/library/metadata/impl/KlibMetadataModuleDescriptorFactoryImpl
instanceKlass org/jetbrains/kotlin/library/metadata/KlibMetadataModuleDescriptorFactory
instanceKlass org/jetbrains/kotlin/library/metadata/impl/KlibMetadataDeserializedPackageFragmentsFactoryImpl
instanceKlass org/jetbrains/kotlin/library/metadata/KlibMetadataDeserializedPackageFragmentsFactory
instanceKlass org/jetbrains/kotlin/library/metadata/impl/KlibModuleDescriptorFactoryImpl
instanceKlass org/jetbrains/kotlin/library/metadata/KlibModuleDescriptorFactory
instanceKlass org/jetbrains/kotlin/library/metadata/NullFlexibleTypeDeserializer
instanceKlass org/jetbrains/kotlin/library/metadata/KlibMetadataFactories
instanceKlass org/jetbrains/kotlin/cli/jvm/compiler/TopDownAnalyzerFacadeForJVMKt
instanceKlass org/jetbrains/kotlin/load/kotlin/incremental/IncrementalPackagePartProvider
instanceKlass kotlin/reflect/jvm/internal/pcollections/ConsPStack$Itr
instanceKlass org/jetbrains/kotlin/cli/jvm/config/ClassicFrontendSpecificJvmConfigurationKeys
instanceKlass org/jetbrains/kotlin/resolve/CodeAnalyzerInitializer$Companion
instanceKlass org/jetbrains/kotlin/resolve/calls/inference/ConstraintSystemBuilderImpl$Companion
instanceKlass org/jetbrains/kotlin/resolve/calls/inference/ConstraintSystemBuilderImpl
instanceKlass org/jetbrains/kotlin/resolve/calls/results/FlatSignatureForResolvedCallKt
instanceKlass org/jetbrains/kotlin/resolve/calls/CallExpressionResolver$Companion
instanceKlass org/jetbrains/kotlin/builtins/jvm/JvmBuiltInsPackageFragmentProvider$Companion
instanceKlass org/jetbrains/kotlin/resolve/jvm/TopPackageNamesProvider
instanceKlass org/jetbrains/kotlin/serialization/deserialization/JvmEnumEntriesDeserializationSupport
instanceKlass org/jetbrains/kotlin/metadata/jvm/JvmProtoBuf$JvmFieldSignatureOrBuilder
instanceKlass org/jetbrains/kotlin/metadata/jvm/JvmProtoBuf$JvmPropertySignatureOrBuilder
instanceKlass org/jetbrains/kotlin/metadata/jvm/JvmProtoBuf$JvmMethodSignatureOrBuilder
instanceKlass org/jetbrains/kotlin/metadata/jvm/JvmProtoBuf
instanceKlass org/jetbrains/kotlin/metadata/jvm/deserialization/JvmProtoBufUtil
instanceKlass org/jetbrains/kotlin/load/kotlin/JavaFlexibleTypeDeserializer
instanceKlass org/jetbrains/kotlin/load/kotlin/DeserializationComponentsForJava$Companion
instanceKlass org/jetbrains/kotlin/load/kotlin/AbstractBinaryClassAnnotationLoader$Companion
instanceKlass org/jetbrains/kotlin/types/TypeParameterErasureOptions
instanceKlass org/jetbrains/kotlin/types/TypeParameterUpperBoundEraser$Companion
instanceKlass org/jetbrains/kotlin/types/TypeParameterUpperBoundEraser
instanceKlass org/jetbrains/kotlin/types/ErasureProjectionComputer
instanceKlass org/jetbrains/kotlin/load/java/lazy/types/JavaTypeResolver
instanceKlass kotlin/InitializedLazyImpl
instanceKlass org/jetbrains/kotlin/load/java/lazy/TypeParameterResolver$EMPTY
instanceKlass org/jetbrains/kotlin/load/java/lazy/TypeParameterResolver
instanceKlass org/jetbrains/kotlin/load/java/components/TraceBasedErrorReporter$Companion
instanceKlass org/jetbrains/kotlin/load/kotlin/header/KotlinClassHeader$Kind$Companion
instanceKlass org/jetbrains/kotlin/load/kotlin/DeserializedDescriptorResolver$Companion
instanceKlass org/jetbrains/kotlin/util/slicedMap/Slices$2
instanceKlass org/jetbrains/kotlin/util/slicedMap/Slices$1
instanceKlass org/jetbrains/kotlin/util/slicedMap/RewritePolicy
instanceKlass org/jetbrains/kotlin/util/slicedMap/Slices
instanceKlass org/jetbrains/kotlin/load/java/components/FilesByFacadeFqNameIndexer$Companion
instanceKlass org/jetbrains/kotlin/com/intellij/util/SmartFMap
instanceKlass org/jetbrains/kotlin/resolve/ObservableBindingTrace
instanceKlass org/jetbrains/kotlin/resolve/ShadowedExtensionChecker
instanceKlass org/jetbrains/kotlin/descriptors/EffectiveVisibility
instanceKlass org/jetbrains/kotlin/resolve/ExposedVisibilityChecker
instanceKlass org/jetbrains/kotlin/resolve/DeclarationsChecker$Companion
instanceKlass org/jetbrains/kotlin/resolve/VarianceCheckerCore$Companion
instanceKlass org/jetbrains/kotlin/resolve/VarianceCheckerCore
instanceKlass org/jetbrains/kotlin/idea/MainFunctionDetector$Companion
instanceKlass org/jetbrains/kotlin/resolve/OverrideResolver$Companion
instanceKlass org/jetbrains/kotlin/load/java/AbstractAnnotationTypeQualifierResolver$Companion
instanceKlass org/jetbrains/kotlin/resolve/lazy/FileScopeFactory$DefaultImportImpl
instanceKlass org/jetbrains/kotlin/util/collectionUtils/ScopeUtilsKt
instanceKlass org/jetbrains/kotlin/builtins/jvm/CloneableClassScope$Companion
instanceKlass org/jetbrains/kotlin/descriptors/TypeParameterUtilsKt
instanceKlass org/jetbrains/kotlin/incremental/UtilsKt
instanceKlass org/jetbrains/kotlin/serialization/deserialization/descriptors/DeserializedClassDescriptor$EnumEntryClassDescriptors
instanceKlass org/jetbrains/kotlin/builtins/functions/FunctionTypeKindExtractor$Companion
instanceKlass org/jetbrains/kotlin/builtins/functions/FunctionTypeKindExtractor
instanceKlass org/jetbrains/kotlin/serialization/deserialization/descriptors/DeserializedAnnotations
instanceKlass org/jetbrains/kotlin/descriptors/impl/AbstractTypeParameterDescriptor$2
instanceKlass org/jetbrains/kotlin/descriptors/impl/AbstractTypeParameterDescriptor$1
instanceKlass org/jetbrains/kotlin/descriptors/SupertypeLoopChecker$EMPTY
instanceKlass org/jetbrains/kotlin/descriptors/ScopesHolderForClass$Companion
instanceKlass org/jetbrains/kotlin/descriptors/ScopesHolderForClass
instanceKlass org/jetbrains/kotlin/serialization/deserialization/ProtoEnumFlagsUtilsKt$WhenMappings
instanceKlass org/jetbrains/kotlin/serialization/deserialization/ProtoEnumFlagsUtilsKt
instanceKlass org/jetbrains/kotlin/serialization/deserialization/ProtoEnumFlags$WhenMappings
instanceKlass org/jetbrains/kotlin/metadata/ProtoBuf$MemberKind$1
instanceKlass org/jetbrains/kotlin/metadata/ProtoBuf$Class$Kind$1
instanceKlass org/jetbrains/kotlin/metadata/ProtoBuf$Modality$1
instanceKlass org/jetbrains/kotlin/metadata/ProtoBuf$Visibility$1
instanceKlass org/jetbrains/kotlin/metadata/deserialization/Flags$FlagField
instanceKlass org/jetbrains/kotlin/metadata/deserialization/Flags
instanceKlass org/jetbrains/kotlin/serialization/deserialization/ProtoEnumFlags
instanceKlass org/jetbrains/kotlin/descriptors/DeserializedDescriptor
instanceKlass org/jetbrains/kotlin/serialization/deserialization/ClassDeserializer$ClassKey
instanceKlass org/jetbrains/kotlin/resolve/scopes/ChainedMemberScope$Companion
instanceKlass org/jetbrains/kotlin/resolve/scopes/ChainedMemberScope
instanceKlass org/jetbrains/kotlin/descriptors/PackageFragmentProviderKt
instanceKlass org/jetbrains/kotlin/descriptors/impl/CompositePackageFragmentProvider
instanceKlass org/jetbrains/kotlin/resolve/scopes/MemberScope$Companion
instanceKlass org/jetbrains/kotlin/resolve/scopes/DescriptorKindFilter$Companion$MaskToName
instanceKlass org/jetbrains/kotlin/resolve/scopes/DescriptorKindFilter$Companion
instanceKlass org/jetbrains/kotlin/resolve/scopes/DescriptorKindFilter
instanceKlass org/jetbrains/kotlin/resolve/scopes/AbstractScopeAdapter
instanceKlass org/jetbrains/kotlin/resolve/PlatformDependentAnalyzerServices$DefaultImportsKey
instanceKlass org/jetbrains/kotlin/resolve/VariableTypeAndInitializerResolver$Companion
instanceKlass org/jetbrains/kotlin/resolve/checkers/ResolutionWithStubTypesChecker
instanceKlass org/jetbrains/kotlin/types/checker/SimpleClassicTypeSystemContext
instanceKlass org/jetbrains/kotlin/resolve/checkers/PassingProgressionAsCollectionCallChecker
instanceKlass org/jetbrains/kotlin/resolve/calls/checkers/CallCheckerWithAdditionalResolve
instanceKlass org/jetbrains/kotlin/resolve/calls/components/NewOverloadingConflictResolver$Companion
instanceKlass org/jetbrains/kotlin/resolve/calls/inference/components/KotlinConstraintSystemCompleter$Companion
instanceKlass org/jetbrains/kotlin/resolve/calls/inference/components/PostponedArgumentInputTypesResolver$Companion
instanceKlass org/jetbrains/kotlin/resolve/calls/tower/KotlinToResolvedCallTransformer$Companion
instanceKlass org/jetbrains/kotlin/resolve/calls/results/OverloadingConflictResolver$SpecificityComparisonWithNumerics$1
instanceKlass org/jetbrains/kotlin/resolve/calls/results/SpecificityComparisonCallbacks
instanceKlass org/jetbrains/kotlin/resolve/calls/results/OverloadingConflictResolver$resolvedCallHashingStrategy$1
instanceKlass org/jetbrains/kotlin/resolve/calls/components/CallableReferenceOverloadConflictResolver$Companion
instanceKlass org/jetbrains/kotlin/resolve/calls/inference/components/TrivialConstraintTypeInferenceOracle$Companion
instanceKlass org/jetbrains/kotlin/types/AbstractTypeApproximator$Companion
instanceKlass org/jetbrains/kotlin/types/expressions/DoubleColonExpressionResolver$Companion
instanceKlass org/jetbrains/kotlin/resolve/calls/smartcasts/SmartCastManager$Companion
instanceKlass org/jetbrains/kotlin/resolve/StatementFilter$Companion
instanceKlass org/jetbrains/kotlin/resolve/AnnotationChecker$Companion
instanceKlass org/jetbrains/kotlin/resolve/TypeResolver$Companion
instanceKlass org/jetbrains/kotlin/resolve/QualifiedExpressionResolver$Companion
instanceKlass org/jetbrains/kotlin/resolve/constants/evaluate/ConstantExpressionEvaluator$Companion$ExperimentalityDiagnostic1
instanceKlass org/jetbrains/kotlin/resolve/constants/evaluate/ConstantExpressionEvaluator$Companion
instanceKlass org/jetbrains/kotlin/util/CounterWithExclude$Companion
instanceKlass org/jetbrains/kotlin/util/ReenterableCounter$Companion
instanceKlass org/jetbrains/kotlin/container/MethodBinding
instanceKlass org/jetbrains/kotlin/resolve/extensions/SyntheticResolveExtension$Companion$getInstance$1
instanceKlass org/jetbrains/kotlin/resolve/lazy/descriptors/LazyAnnotations
instanceKlass org/jetbrains/kotlin/resolve/lazy/ResolveSession$1
instanceKlass org/jetbrains/kotlin/storage/LockBasedLazyResolveStorageManager$LockProtectedContext
instanceKlass org/jetbrains/kotlin/storage/LockBasedLazyResolveStorageManager$LockProtectedTrace
instanceKlass org/jetbrains/kotlin/storage/LockBasedLazyResolveStorageManager
instanceKlass org/jetbrains/kotlin/resolve/checkers/OptInNames
instanceKlass org/jetbrains/kotlin/resolve/checkers/OptInUsageChecker$OptInFactoryBasedReporter
instanceKlass org/jetbrains/kotlin/resolve/checkers/OptInUsageChecker$OptInDiagnosticReporter
instanceKlass org/jetbrains/kotlin/resolve/checkers/OptInUsageChecker$Companion
instanceKlass org/jetbrains/kotlin/resolve/checkers/ExpectedActualDeclarationChecker$Companion
instanceKlass org/jetbrains/kotlin/resolve/jvm/checkers/InlinePlatformCompatibilityChecker$Companion
instanceKlass org/jetbrains/kotlin/resolve/LanguageVersionSettingsProvider$Companion
instanceKlass org/jetbrains/kotlin/resolve/LanguageVersionSettingsProvider
instanceKlass org/jetbrains/kotlin/synthetic/SyntheticScopeProviderExtension
instanceKlass org/jetbrains/kotlin/resolve/scopes/SyntheticScope$Default
instanceKlass org/jetbrains/kotlin/resolve/scopes/SyntheticScope
instanceKlass org/jetbrains/kotlin/resolve/deprecation/DeprecationResolver$Companion
instanceKlass org/jetbrains/kotlin/container/IterableDescriptor
instanceKlass org/jetbrains/kotlin/builtins/ReflectionTypes$ClassLookup
instanceKlass org/jetbrains/kotlin/builtins/ReflectionTypes$Companion
instanceKlass org/jetbrains/kotlin/resolve/jvm/checkers/JavaNullabilityChecker$Companion
instanceKlass org/jetbrains/kotlin/container/ConstructorBinding
instanceKlass org/jetbrains/kotlin/container/ResolveKt
instanceKlass org/jetbrains/kotlin/container/SingletonDescriptor$WhenMappings
instanceKlass org/jetbrains/kotlin/load/kotlin/MemberSignature
instanceKlass org/jetbrains/kotlin/load/kotlin/AbstractBinaryClassAnnotationLoader$AnnotationsContainer
instanceKlass org/jetbrains/kotlin/serialization/deserialization/ProtoContainer
instanceKlass org/jetbrains/kotlin/load/java/typeEnhancement/JavaTypeEnhancement
instanceKlass org/jetbrains/kotlin/load/java/typeEnhancement/NullabilityQualifierWithMigrationStatus
instanceKlass org/jetbrains/kotlin/load/java/JavaTypeQualifiersByElementType
instanceKlass org/jetbrains/kotlin/serialization/deserialization/ClassData
instanceKlass org/jetbrains/kotlin/load/kotlin/KotlinJvmBinaryClass
instanceKlass org/jetbrains/kotlin/load/java/typeEnhancement/SignatureEnhancement
instanceKlass org/jetbrains/kotlin/load/kotlin/DeserializedDescriptorResolver
instanceKlass org/jetbrains/kotlin/load/java/lazy/JavaResolverComponents
instanceKlass org/jetbrains/kotlin/resolve/inline/ReasonableInlineRule
instanceKlass org/jetbrains/kotlin/resolve/AnalyzerExtensions
instanceKlass org/jetbrains/kotlin/resolve/ControlFlowAnalyzer
instanceKlass org/jetbrains/kotlin/resolve/scopes/optimization/OptimizingOptions$Default
instanceKlass org/jetbrains/kotlin/resolve/scopes/optimization/OptimizingOptions
instanceKlass org/jetbrains/kotlin/resolve/lazy/FileScopeFactory$DummyContainerDescriptor
instanceKlass org/jetbrains/kotlin/resolve/lazy/FileScopeFactory$DefaultImportResolvers
instanceKlass org/jetbrains/kotlin/resolve/lazy/ImportResolutionComponents
instanceKlass org/jetbrains/kotlin/resolve/lazy/FileScopeFactory
instanceKlass org/jetbrains/kotlin/resolve/lazy/FileScopeProviderImpl
instanceKlass org/jetbrains/kotlin/resolve/lazy/FileScopes
instanceKlass org/jetbrains/kotlin/resolve/lazy/ImportForceResolver
instanceKlass org/jetbrains/kotlin/com/intellij/psi/PsiPlainTextFile
instanceKlass org/jetbrains/kotlin/com/intellij/psi/PsiErrorElement
instanceKlass org/jetbrains/kotlin/com/intellij/psi/templateLanguages/OuterLanguageElement
instanceKlass org/jetbrains/kotlin/resolve/calls/context/CallPosition
instanceKlass org/jetbrains/kotlin/resolve/checkers/PlatformDiagnosticSuppressor$Default
instanceKlass org/jetbrains/kotlin/resolve/DeclarationsChecker
instanceKlass org/jetbrains/kotlin/builtins/PlatformSpecificCastChecker$Default
instanceKlass org/jetbrains/kotlin/types/expressions/FakeCallResolver$RealExpression
instanceKlass org/jetbrains/kotlin/resolve/calls/context/TemporaryTraceAndCache
instanceKlass org/jetbrains/kotlin/types/expressions/ClassLiteralChecker
instanceKlass org/jetbrains/kotlin/resolve/calls/inference/components/TypeVariableDependencyInformationProvider
instanceKlass org/jetbrains/kotlin/resolve/calls/inference/components/VariableFixationFinder$VariableForFixation
instanceKlass org/jetbrains/kotlin/resolve/calls/inference/model/VariableWithConstraints
instanceKlass org/jetbrains/kotlin/resolve/calls/inference/components/ConstraintSystemCompletionContext
instanceKlass org/jetbrains/kotlin/resolve/calls/inference/components/VariableFixationFinder$Context
instanceKlass org/jetbrains/kotlin/resolve/calls/inference/components/ResultTypeResolver$Context
instanceKlass org/jetbrains/kotlin/resolve/calls/inference/components/PostponedArgumentInputTypesResolver
instanceKlass org/jetbrains/kotlin/resolve/calls/inference/components/VariableFixationFinder
instanceKlass org/jetbrains/kotlin/resolve/calls/components/PostponedArgumentsAnalyzer$SubstitutorAndStubsForLambdaAnalysis
instanceKlass org/jetbrains/kotlin/resolve/calls/components/ReturnArgumentsAnalysisResult
instanceKlass org/jetbrains/kotlin/resolve/calls/components/PostponedArgumentsAnalyzerContext
instanceKlass org/jetbrains/kotlin/resolve/calls/tower/CandidateFactory
instanceKlass org/jetbrains/kotlin/resolve/calls/model/KotlinDiagnosticsHolder$SimpleHolder
instanceKlass org/jetbrains/kotlin/resolve/calls/inference/model/ConstraintStorage
instanceKlass org/jetbrains/kotlin/resolve/calls/components/KotlinCallCompleter
instanceKlass org/jetbrains/kotlin/resolve/calls/tower/NewAbstractResolvedCall
instanceKlass org/jetbrains/kotlin/resolve/calls/components/AdditionalDiagnosticReporter
instanceKlass org/jetbrains/kotlin/resolve/calls/tower/PSIKotlinCallArgument
instanceKlass org/jetbrains/kotlin/resolve/calls/tower/KotlinResolutionCallbacksImpl
instanceKlass org/jetbrains/kotlin/resolve/calls/inference/components/ResultTypeResolver
instanceKlass org/jetbrains/kotlin/resolve/calls/inference/components/KotlinConstraintSystemCompleter
instanceKlass org/jetbrains/kotlin/resolve/calls/components/PostponedArgumentsAnalyzer
instanceKlass org/jetbrains/kotlin/resolve/calls/KotlinCallResolver
instanceKlass org/jetbrains/kotlin/resolve/calls/tower/KotlinToResolvedCallTransformer
instanceKlass org/jetbrains/kotlin/resolve/scopes/receivers/ReceiverValueWithSmartCastInfo
instanceKlass org/jetbrains/kotlin/resolve/calls/inference/components/NewTypeSubstitutor
instanceKlass org/jetbrains/kotlin/resolve/calls/tower/ImplicitsExtensionsResolutionFilter$Default
instanceKlass org/jetbrains/kotlin/resolve/calls/tower/TowerData
instanceKlass org/jetbrains/kotlin/resolve/calls/tower/TowerResolver$ResultCollector
instanceKlass org/jetbrains/kotlin/resolve/calls/tower/ScopeTowerProcessor
instanceKlass org/jetbrains/kotlin/resolve/calls/tower/ImplicitsExtensionsResolutionFilter
instanceKlass org/jetbrains/kotlin/resolve/calls/results/ResolutionResultsHandler
instanceKlass org/jetbrains/kotlin/resolve/calls/tower/TowerResolver
instanceKlass org/jetbrains/kotlin/resolve/calls/model/ResolvedAtom
instanceKlass org/jetbrains/kotlin/resolve/calls/model/ResolvedCallableReferenceAtom
instanceKlass org/jetbrains/kotlin/resolve/calls/inference/ConstraintSystemBuilder
instanceKlass org/jetbrains/kotlin/resolve/calls/inference/ConstraintSystemOperation
instanceKlass org/jetbrains/kotlin/resolve/calls/results/OverloadingConflictResolver
instanceKlass org/jetbrains/kotlin/types/TypeApproximatorConfiguration
instanceKlass org/jetbrains/kotlin/resolve/calls/inference/model/Constraint
instanceKlass org/jetbrains/kotlin/resolve/calls/inference/components/ConstraintIncorporator$Context
instanceKlass org/jetbrains/kotlin/resolve/calls/inference/components/TrivialConstraintTypeInferenceOracle
instanceKlass org/jetbrains/kotlin/resolve/calls/inference/components/ConstraintInjector$Context
instanceKlass org/jetbrains/kotlin/resolve/calls/inference/components/ConstraintIncorporator
instanceKlass org/jetbrains/kotlin/resolve/calls/components/TypeArgumentsToParametersMapper$TypeArgumentsMapping
instanceKlass org/jetbrains/kotlin/resolve/calls/components/ArgumentsToParametersMapper$ArgumentMapping
instanceKlass org/jetbrains/kotlin/resolve/calls/components/CallableReferenceArgumentResolver
instanceKlass org/jetbrains/kotlin/resolve/calls/components/TypeArgumentsToParametersMapper
instanceKlass org/jetbrains/kotlin/resolve/calls/components/ArgumentsToParametersMapper
instanceKlass org/jetbrains/kotlin/com/intellij/openapi/util/Ref
instanceKlass org/jetbrains/kotlin/resolve/calls/smartcasts/SmartCastResult
instanceKlass org/jetbrains/kotlin/resolve/calls/CandidateResolver$ValueArgumentsCheckingResult
instanceKlass org/jetbrains/kotlin/resolve/calls/smartcasts/SmartCastManager
instanceKlass org/jetbrains/kotlin/resolve/calls/model/MutableResolvedCall
instanceKlass org/jetbrains/kotlin/resolve/calls/CandidateResolver
instanceKlass org/jetbrains/kotlin/resolve/calls/results/OverloadResolutionResultsImpl
instanceKlass org/jetbrains/kotlin/resolve/calls/inference/ConstraintSystem$Builder
instanceKlass org/jetbrains/kotlin/resolve/calls/inference/BuilderInferenceSupport
instanceKlass org/jetbrains/kotlin/resolve/constants/CompileTimeConstant
instanceKlass org/jetbrains/kotlin/types/FunctionPlaceholders
instanceKlass org/jetbrains/kotlin/resolve/scopes/receivers/ExpressionReceiver
instanceKlass org/jetbrains/kotlin/resolve/calls/CallCompleter
instanceKlass org/jetbrains/kotlin/resolve/calls/tower/PSICallResolver
instanceKlass org/jetbrains/kotlin/resolve/calls/model/MutableDataFlowInfoForArguments
instanceKlass org/jetbrains/kotlin/resolve/calls/model/DataFlowInfoForArguments
instanceKlass org/jetbrains/kotlin/resolve/calls/tasks/OldResolutionCandidate
instanceKlass org/jetbrains/kotlin/resolve/calls/tower/NewResolutionOldInference
instanceKlass org/jetbrains/kotlin/resolve/calls/GenericCandidateResolver
instanceKlass org/jetbrains/kotlin/resolve/calls/ArgumentTypeResolver
instanceKlass org/jetbrains/kotlin/resolve/DelegatingBindingTrace
instanceKlass org/jetbrains/kotlin/resolve/calls/tasks/TracingStrategy
instanceKlass org/jetbrains/kotlin/resolve/calls/tower/NewResolutionOldInference$ResolutionKind
instanceKlass org/jetbrains/kotlin/types/expressions/DoubleColonExpressionResolver$ResolutionResultsAndTraceCommitCallback
instanceKlass org/jetbrains/kotlin/types/expressions/DoubleColonLHS
instanceKlass org/jetbrains/kotlin/resolve/ModifiersChecker$ModifiersCheckingProcedure
instanceKlass org/jetbrains/kotlin/resolve/calls/smartcasts/ConditionalDataFlowInfo
instanceKlass org/jetbrains/kotlin/resolve/calls/checkers/RttiExpressionChecker
instanceKlass org/jetbrains/kotlin/resolve/calls/model/KotlinCallComponents
instanceKlass org/jetbrains/kotlin/types/expressions/DataFlowAnalyzer
instanceKlass org/jetbrains/kotlin/types/expressions/ForLoopConventionsChecker
instanceKlass org/jetbrains/kotlin/resolve/DeclarationsCheckerBuilder
instanceKlass org/jetbrains/kotlin/builtins/PlatformSpecificCastChecker
instanceKlass org/jetbrains/kotlin/resolve/LocalVariableResolver
instanceKlass org/jetbrains/kotlin/types/expressions/FakeCallResolver
instanceKlass org/jetbrains/kotlin/types/expressions/LocalClassifierAnalyzer
instanceKlass org/jetbrains/kotlin/types/expressions/ControlStructureTypingUtils
instanceKlass org/jetbrains/kotlin/resolve/MissingSupertypesResolver
instanceKlass org/jetbrains/kotlin/resolve/CollectionLiteralResolver
instanceKlass org/jetbrains/kotlin/resolve/calls/CallExpressionResolver
instanceKlass org/jetbrains/kotlin/types/expressions/ValueParameterResolver
instanceKlass org/jetbrains/kotlin/types/expressions/DoubleColonExpressionResolver
instanceKlass org/jetbrains/kotlin/contracts/parsing/ContractParsingServices
instanceKlass org/jetbrains/kotlin/contracts/EffectSystem
instanceKlass org/jetbrains/kotlin/types/expressions/KotlinTypeInfo
instanceKlass org/jetbrains/kotlin/resolve/calls/tower/KotlinResolutionCallbacksImpl$LambdaInfo
instanceKlass org/jetbrains/kotlin/resolve/StatementFilter
instanceKlass org/jetbrains/kotlin/resolve/AnnotationChecker
instanceKlass org/jetbrains/kotlin/types/expressions/ExpressionTypingComponents
instanceKlass org/jetbrains/kotlin/types/expressions/ExpressionTypingInternals
instanceKlass org/jetbrains/kotlin/types/expressions/ExpressionTypingFacade
instanceKlass org/jetbrains/kotlin/resolve/DelegatedPropertyResolver
instanceKlass org/jetbrains/kotlin/types/SubtypingRepresentatives
instanceKlass org/jetbrains/kotlin/resolve/scopes/receivers/Qualifier
instanceKlass org/jetbrains/kotlin/resolve/scopes/receivers/QualifierReceiver
instanceKlass org/jetbrains/kotlin/resolve/scopes/receivers/DetailedReceiver
instanceKlass org/jetbrains/kotlin/incremental/KotlinLookupLocation
instanceKlass org/jetbrains/kotlin/resolve/QualifiedExpressionResolver$QualifiedExpressionResolveResult
instanceKlass org/jetbrains/kotlin/resolve/scopes/ImportingScope
instanceKlass org/jetbrains/kotlin/resolve/QualifiedExpressionResolver$QualifierPart
instanceKlass org/jetbrains/kotlin/resolve/QualifiedExpressionResolver$TypeQualifierResolutionResult
instanceKlass org/jetbrains/kotlin/resolve/PossiblyBareType
instanceKlass org/jetbrains/kotlin/resolve/TypeResolutionContext
instanceKlass org/jetbrains/kotlin/resolve/calls/tasks/DynamicCallableDescriptors
instanceKlass org/jetbrains/kotlin/resolve/scopes/LexicalScopeStorage
instanceKlass org/jetbrains/kotlin/resolve/DeclarationSignatureAnonymousTypeTransformer
instanceKlass org/jetbrains/kotlin/types/AbstractTypeApproximator
instanceKlass org/jetbrains/kotlin/resolve/ModifiersChecker
instanceKlass org/jetbrains/kotlin/types/expressions/DestructuringDeclarationResolver
instanceKlass org/jetbrains/kotlin/resolve/OverloadChecker
instanceKlass org/jetbrains/kotlin/types/expressions/ExpressionTypingServices
instanceKlass org/jetbrains/kotlin/resolve/VariableTypeAndInitializerResolver
instanceKlass org/jetbrains/kotlin/descriptors/TypeAliasDescriptor
instanceKlass org/jetbrains/kotlin/mpp/TypeAliasSymbolMarker
instanceKlass org/jetbrains/kotlin/resolve/scopes/LocalRedeclarationChecker
instanceKlass org/jetbrains/kotlin/resolve/ModuleStructureOracle$SingleModule
instanceKlass org/jetbrains/kotlin/resolve/sam/SamWithReceiverResolver
instanceKlass org/jetbrains/kotlin/resolve/deprecation/DeprecationResolver$DeprecationInfo
instanceKlass org/jetbrains/kotlin/psi/Call
instanceKlass org/jetbrains/kotlin/cfg/ControlFlowInformationProvider
instanceKlass org/jetbrains/kotlin/idea/MainFunctionDetector
instanceKlass org/jetbrains/kotlin/load/java/AbstractAnnotationTypeQualifierResolver
instanceKlass org/jetbrains/kotlin/resolve/jvm/modules/JavaModuleResolver$AccessError
instanceKlass org/jetbrains/kotlin/resolve/jvm/modules/JavaModule$Explicit
instanceKlass org/jetbrains/kotlin/resolve/jvm/modules/JavaModule
instanceKlass org/jetbrains/kotlin/load/java/descriptors/JavaClassDescriptor
instanceKlass org/jetbrains/kotlin/mpp/MppJavaImplicitActualizatorMarker
instanceKlass org/jetbrains/kotlin/builtins/jvm/JvmBuiltIns$Settings
instanceKlass org/jetbrains/kotlin/load/java/sources/JavaSourceElement
instanceKlass org/jetbrains/kotlin/descriptors/SimpleFunctionDescriptor
instanceKlass org/jetbrains/kotlin/mpp/SimpleFunctionSymbolMarker
instanceKlass org/jetbrains/kotlin/load/java/structure/JavaPackage
instanceKlass org/jetbrains/kotlin/load/java/JavaClassFinder$Request
instanceKlass org/jetbrains/kotlin/load/java/lazy/LazyJavaResolverContext
instanceKlass org/jetbrains/kotlin/load/java/components/SignaturePropagator$PropagatedSignature
instanceKlass org/jetbrains/kotlin/load/java/structure/JavaMethod
instanceKlass org/jetbrains/kotlin/load/java/structure/JavaField
instanceKlass org/jetbrains/kotlin/load/java/structure/JavaMember
instanceKlass org/jetbrains/kotlin/load/kotlin/AbstractBinaryClassAnnotationLoader
instanceKlass org/jetbrains/kotlin/load/kotlin/JavaClassDataFinder
instanceKlass org/jetbrains/kotlin/load/java/lazy/LazyJavaPackageFragmentProvider
instanceKlass org/jetbrains/kotlin/load/kotlin/KotlinClassFinder$Result
instanceKlass org/jetbrains/kotlin/resolve/lazy/data/KtClassLikeInfo
instanceKlass org/jetbrains/kotlin/com/intellij/openapi/module/Module
instanceKlass org/jetbrains/kotlin/resolve/calls/model/ResolvedValueArgument
instanceKlass org/jetbrains/kotlin/resolve/calls/results/OverloadResolutionResults
instanceKlass org/jetbrains/kotlin/resolve/scopes/LexicalScope
instanceKlass org/jetbrains/kotlin/resolve/scopes/HierarchicalScope
instanceKlass org/jetbrains/kotlin/resolve/constants/evaluate/ConstantExpressionEvaluator
instanceKlass org/jetbrains/kotlin/resolve/calls/CallResolver
instanceKlass org/jetbrains/kotlin/resolve/TopDownAnalysisContext
instanceKlass org/jetbrains/kotlin/resolve/BodiesResolveContext
instanceKlass org/jetbrains/kotlin/resolve/calls/smartcasts/DataFlowInfo
instanceKlass org/jetbrains/kotlin/resolve/FilePreprocessor
instanceKlass org/jetbrains/kotlin/resolve/QualifiedExpressionResolver
instanceKlass org/jetbrains/kotlin/resolve/BodyResolver
instanceKlass org/jetbrains/kotlin/resolve/VarianceChecker
instanceKlass org/jetbrains/kotlin/resolve/OverloadResolver
instanceKlass org/jetbrains/kotlin/resolve/OverrideResolver
instanceKlass org/jetbrains/kotlin/resolve/DeclarationResolver
instanceKlass org/jetbrains/kotlin/container/SetterInfo
instanceKlass org/jetbrains/kotlin/javax/inject/Inject
instanceKlass org/jetbrains/kotlin/resolve/TypeResolver
instanceKlass org/jetbrains/kotlin/resolve/calls/components/InferenceSession
instanceKlass org/jetbrains/kotlin/descriptors/ClassDescriptorWithResolutionScopes
instanceKlass org/jetbrains/kotlin/resolve/lazy/DeclarationScopeProviderImpl
instanceKlass org/jetbrains/kotlin/resolve/lazy/FileScopeProvider
instanceKlass org/jetbrains/kotlin/resolve/lazy/LazyDeclarationResolver
instanceKlass org/jetbrains/kotlin/resolve/FunctionDescriptorResolver
instanceKlass org/jetbrains/kotlin/resolve/DescriptorResolver
instanceKlass org/jetbrains/kotlin/resolve/lazy/LazyEntity
instanceKlass org/jetbrains/kotlin/resolve/lazy/descriptors/LazyAnnotationsContext
instanceKlass org/jetbrains/kotlin/resolve/lazy/DeclarationScopeProvider
instanceKlass org/jetbrains/kotlin/storage/LazyResolveStorageManager
instanceKlass org/jetbrains/kotlin/incremental/components/Position
instanceKlass org/jetbrains/kotlin/resolve/calls/inference/model/ConstraintPosition
instanceKlass org/jetbrains/kotlin/resolve/calls/inference/model/OnlyInputTypeConstraintPosition
instanceKlass org/jetbrains/kotlin/resolve/calls/model/PostponedAtomWithRevisableExpectedType
instanceKlass org/jetbrains/kotlin/resolve/calls/model/PostponedResolvedAtomMarker
instanceKlass org/jetbrains/kotlin/types/model/ObsoleteTypeKind
instanceKlass org/jetbrains/kotlin/resolve/checkers/EmptyIntersectionTypeInfo
instanceKlass org/jetbrains/kotlin/types/model/DynamicTypeMarker
instanceKlass org/jetbrains/kotlin/builtins/functions/FunctionTypeKind
instanceKlass org/jetbrains/kotlin/types/TypeCheckerState$SupertypesPolicy
instanceKlass org/jetbrains/kotlin/types/model/TypeVariableMarker
instanceKlass org/jetbrains/kotlin/types/model/TypeVariableTypeConstructorMarker
instanceKlass org/jetbrains/kotlin/types/model/StubTypeMarker
instanceKlass org/jetbrains/kotlin/types/model/CapturedTypeConstructorMarker
instanceKlass org/jetbrains/kotlin/types/model/CapturedTypeMarker
instanceKlass org/jetbrains/kotlin/types/model/FlexibleTypeMarker
instanceKlass org/jetbrains/kotlin/types/model/DefinitelyNotNullTypeMarker
instanceKlass org/jetbrains/kotlin/resolve/checkers/OptInUsageChecker$OptInReporterMultiplexer
instanceKlass org/jetbrains/kotlin/resolve/calls/tower/ImplicitScopeTower
instanceKlass org/jetbrains/kotlin/resolve/calls/model/CallableReferenceKotlinCallArgument
instanceKlass org/jetbrains/kotlin/resolve/calls/model/PostponableKotlinCallArgument
instanceKlass org/jetbrains/kotlin/resolve/calls/model/CallableReferenceResolutionAtom
instanceKlass org/jetbrains/kotlin/resolve/calls/results/SimpleConstraintSystem
instanceKlass org/jetbrains/kotlin/resolve/calls/inference/components/ConstraintInjector
instanceKlass org/jetbrains/kotlin/resolve/calls/model/SimpleKotlinCallArgument
instanceKlass org/jetbrains/kotlin/resolve/calls/model/ReceiverKotlinCallArgument
instanceKlass org/jetbrains/kotlin/resolve/calls/components/candidate/ResolutionCandidate
instanceKlass org/jetbrains/kotlin/resolve/calls/tower/Candidate
instanceKlass org/jetbrains/kotlin/resolve/calls/model/KotlinDiagnosticsHolder
instanceKlass org/jetbrains/kotlin/resolve/calls/model/KotlinCallArgument
instanceKlass org/jetbrains/kotlin/resolve/calls/components/KotlinResolutionCallbacks
instanceKlass org/jetbrains/kotlin/resolve/calls/model/KotlinCall
instanceKlass org/jetbrains/kotlin/resolve/calls/model/ResolutionAtom
instanceKlass org/jetbrains/kotlin/types/TypeCheckerState
instanceKlass org/jetbrains/kotlin/resolve/ModuleStructureOracle
instanceKlass org/jetbrains/kotlin/descriptors/ValueParameterDescriptor
instanceKlass org/jetbrains/kotlin/mpp/ValueParameterSymbolMarker
instanceKlass org/jetbrains/kotlin/resolve/deprecation/DeprecationResolver
instanceKlass org/jetbrains/kotlin/builtins/ReflectionTypes
instanceKlass org/jetbrains/kotlin/resolve/calls/smartcasts/DataFlowValue
instanceKlass org/jetbrains/kotlin/resolve/UpperBoundViolatedReporter
instanceKlass org/jetbrains/kotlin/types/TypeSubstitutor
instanceKlass org/jetbrains/kotlin/types/model/TypeSubstitutorMarker
instanceKlass org/jetbrains/kotlin/descriptors/TypeParameterDescriptor
instanceKlass org/jetbrains/kotlin/types/model/TypeParameterMarker
instanceKlass org/jetbrains/kotlin/mpp/TypeParameterSymbolMarker
instanceKlass java/lang/reflect/WildcardType
instanceKlass sun/reflect/generics/tree/MethodTypeSignature
instanceKlass sun/reflect/generics/tree/VoidDescriptor
instanceKlass sun/reflect/generics/tree/Wildcard
instanceKlass sun/reflect/generics/tree/BottomSignature
instanceKlass org/jetbrains/kotlin/diagnostics/DiagnosticSink$DiagnosticsCallback
instanceKlass org/jetbrains/kotlin/com/intellij/util/xmlb/annotations/Transient
instanceKlass jdk/internal/misc/ScopedMemoryAccess$Scope
instanceKlass java/lang/Deprecated
instanceKlass org/jetbrains/kotlin/com/intellij/util/messages/ListenerDescriptor
instanceKlass kotlin/ReplaceWith
instanceKlass kotlin/Deprecated
instanceKlass org/jetbrains/kotlin/cfg/ControlFlowInformationProviderImpl$Factory
instanceKlass org/jetbrains/kotlin/cfg/ControlFlowInformationProvider$Factory
instanceKlass org/jetbrains/kotlin/idea/MainFunctionDetector$Factory$Ordinary
instanceKlass org/jetbrains/kotlin/idea/MainFunctionDetector$Factory
instanceKlass org/jetbrains/kotlin/resolve/lazy/BasicAbsentDescriptorHandler
instanceKlass org/jetbrains/kotlin/resolve/lazy/CompilerLocalDescriptorResolver
instanceKlass org/jetbrains/kotlin/resolve/lazy/LocalDescriptorResolver
instanceKlass org/jetbrains/kotlin/resolve/BodyResolveCache$ThrowException
instanceKlass org/jetbrains/kotlin/resolve/BodyResolveCache
instanceKlass org/jetbrains/kotlin/resolve/jvm/JvmDiagnosticComponents
instanceKlass org/jetbrains/kotlin/platform/PlatformSpecificDiagnosticComponents
instanceKlass org/jetbrains/kotlin/load/java/components/FilesByFacadeFqNameIndexer
instanceKlass org/jetbrains/kotlin/resolve/FilePreprocessorExtension
instanceKlass org/jetbrains/kotlin/resolve/jvm/modules/JavaModuleResolver$SERVICE
instanceKlass org/jetbrains/kotlin/load/java/lazy/JavaResolverSettings$Companion$create$1
instanceKlass org/jetbrains/kotlin/load/java/lazy/JavaResolverSettings$Companion
instanceKlass org/jetbrains/kotlin/load/java/lazy/JavaResolverSettings
instanceKlass org/jetbrains/kotlin/load/java/JavaClassesTracker$Default
instanceKlass org/jetbrains/kotlin/load/java/JavaClassesTracker
instanceKlass org/jetbrains/kotlin/resolve/jvm/multiplatform/OptionalAnnotationPackageFragmentProvider
instanceKlass org/jetbrains/kotlin/serialization/deserialization/AbstractDeserializedPackageFragmentProvider
instanceKlass org/jetbrains/kotlin/load/java/components/JavaSourceElementFactoryImpl
instanceKlass org/jetbrains/kotlin/load/java/sources/JavaSourceElementFactory
instanceKlass org/jetbrains/kotlin/load/java/components/AbstractJavaResolverCache
instanceKlass org/jetbrains/kotlin/load/java/components/JavaResolverCache
instanceKlass org/jetbrains/kotlin/load/java/AbstractJavaClassFinder
instanceKlass org/jetbrains/kotlin/load/java/JavaClassFinder
instanceKlass org/jetbrains/kotlin/resolve/jvm/CompositeSyntheticJavaPartsProvider
instanceKlass org/jetbrains/kotlin/resolve/jvm/SyntheticJavaPartsProvider$Companion
instanceKlass org/jetbrains/kotlin/resolve/jvm/SyntheticJavaPartsProvider
instanceKlass org/jetbrains/kotlin/load/java/components/JavaDeprecationSettings
instanceKlass org/jetbrains/kotlin/resolve/deprecation/DeprecationSettings
instanceKlass org/jetbrains/kotlin/resolve/TypeResolver$TypeTransformerForTests
instanceKlass org/jetbrains/kotlin/load/java/components/TraceBasedErrorReporter
instanceKlass org/jetbrains/kotlin/load/java/components/SignaturePropagatorImpl
instanceKlass org/jetbrains/kotlin/load/java/components/SignaturePropagator
instanceKlass org/jetbrains/kotlin/load/java/components/JavaPropertyInitializerEvaluatorImpl
instanceKlass org/jetbrains/kotlin/load/java/components/JavaPropertyInitializerEvaluator
instanceKlass org/jetbrains/kotlin/load/kotlin/DeserializationComponentsForJava
instanceKlass org/jetbrains/kotlin/resolve/jvm/JavaDescriptorResolver
instanceKlass org/jetbrains/kotlin/load/kotlin/VirtualFileFinder$SERVICE
instanceKlass org/jetbrains/kotlin/load/kotlin/VirtualFileFinder
instanceKlass org/jetbrains/kotlin/load/kotlin/KotlinClassFinder
instanceKlass org/jetbrains/kotlin/serialization/deserialization/KotlinMetadataFinder
instanceKlass org/jetbrains/kotlin/load/kotlin/VirtualFileFinderFactory$SERVICE
instanceKlass org/jetbrains/kotlin/resolve/AnnotationResolver
instanceKlass org/jetbrains/kotlin/resolve/LazyTopDownAnalyzer
instanceKlass org/jetbrains/kotlin/resolve/lazy/ResolveSession
instanceKlass org/jetbrains/kotlin/resolve/lazy/LazyClassContext
instanceKlass org/jetbrains/kotlin/resolve/lazy/KotlinCodeAnalyzer
instanceKlass org/jetbrains/kotlin/resolve/lazy/TopLevelDescriptorProvider
instanceKlass org/jetbrains/kotlin/util/ProgressManagerBasedCancellationChecker
instanceKlass org/jetbrains/kotlin/util/CancellationChecker
instanceKlass org/jetbrains/kotlin/resolve/calls/inference/components/ClassicConstraintSystemUtilContext
instanceKlass org/jetbrains/kotlin/resolve/calls/inference/components/ConstraintSystemUtilContext
instanceKlass org/jetbrains/kotlin/resolve/calls/components/ClassicTypeSystemContextForCS
instanceKlass org/jetbrains/kotlin/types/model/TypeSystemInferenceExtensionContextDelegate
instanceKlass org/jetbrains/kotlin/types/checker/ClassicTypeSystemContext
instanceKlass org/jetbrains/kotlin/types/model/TypeSystemInferenceExtensionContext
instanceKlass org/jetbrains/kotlin/types/model/TypeSystemCommonSuperTypesContext
instanceKlass org/jetbrains/kotlin/types/model/TypeSystemTypeFactoryContext
instanceKlass org/jetbrains/kotlin/types/model/TypeCheckerProviderContext
instanceKlass org/jetbrains/kotlin/types/model/TypeSystemBuiltInsContext
instanceKlass org/jetbrains/kotlin/types/TypeSystemCommonBackendContext
instanceKlass org/jetbrains/kotlin/types/model/TypeSystemContext
instanceKlass org/jetbrains/kotlin/types/model/TypeSystemOptimizationContext
instanceKlass org/jetbrains/kotlin/resolve/calls/components/BuiltInsProvider
instanceKlass org/jetbrains/kotlin/contracts/ContractDeserializerImpl
instanceKlass org/jetbrains/kotlin/resolve/checkers/OptInUsageChecker$ClassifierUsage
instanceKlass org/jetbrains/kotlin/resolve/checkers/OptInUsageChecker$Overrides
instanceKlass org/jetbrains/kotlin/resolve/checkers/OptInUsageChecker
instanceKlass org/jetbrains/kotlin/resolve/calls/smartcasts/DataFlowValueFactoryImpl
instanceKlass org/jetbrains/kotlin/resolve/calls/smartcasts/DataFlowValueFactory
instanceKlass org/jetbrains/kotlin/resolve/calls/tower/KotlinResolutionStatelessCallbacksImpl
instanceKlass org/jetbrains/kotlin/resolve/calls/components/KotlinResolutionStatelessCallbacks
instanceKlass org/jetbrains/kotlin/resolve/SupertypeLoopCheckerImpl
instanceKlass org/jetbrains/kotlin/resolve/jvm/checkers/RepeatableAnnotationChecker
instanceKlass org/jetbrains/kotlin/resolve/checkers/ExpectedActualDeclarationChecker
instanceKlass org/jetbrains/kotlin/resolve/checkers/OptInMarkerDeclarationAnnotationChecker
instanceKlass org/jetbrains/kotlin/resolve/jvm/checkers/JvmSerializableLambdaAnnotationChecker
instanceKlass org/jetbrains/kotlin/resolve/jvm/multiplatform/JavaActualAnnotationArgumentExtractor
instanceKlass org/jetbrains/kotlin/resolve/checkers/ExpectedActualDeclarationChecker$ActualAnnotationArgumentExtractor
instanceKlass org/jetbrains/kotlin/types/expressions/GenericArrayClassLiteralSupport$Enabled
instanceKlass org/jetbrains/kotlin/types/expressions/GenericArrayClassLiteralSupport
instanceKlass org/jetbrains/kotlin/types/expressions/FunctionWithBigAritySupport$LanguageVersionDependent
instanceKlass org/jetbrains/kotlin/types/expressions/FunctionWithBigAritySupport
instanceKlass org/jetbrains/kotlin/resolve/jvm/JvmPlatformAnnotationFeaturesSupport
instanceKlass org/jetbrains/kotlin/resolve/PlatformAnnotationFeaturesSupport
instanceKlass org/jetbrains/kotlin/resolve/jvm/checkers/JvmRecordApplicabilityChecker
instanceKlass org/jetbrains/kotlin/resolve/jvm/JvmAdditionalClassPartsProvider
instanceKlass org/jetbrains/kotlin/resolve/AdditionalClassPartsProvider
instanceKlass org/jetbrains/kotlin/load/java/sam/JvmSamConversionOracle
instanceKlass org/jetbrains/kotlin/resolve/sam/SamConversionOracle
instanceKlass org/jetbrains/kotlin/resolve/jvm/JvmPlatformOverloadsSpecificityComparator
instanceKlass org/jetbrains/kotlin/resolve/calls/results/PlatformOverloadsSpecificityComparator
instanceKlass org/jetbrains/kotlin/resolve/jvm/JvmTypeSpecificityComparator
instanceKlass org/jetbrains/kotlin/resolve/jvm/checkers/JvmModuleAccessibilityChecker$ClassifierUsage
instanceKlass org/jetbrains/kotlin/resolve/jvm/checkers/JvmModuleAccessibilityChecker
instanceKlass org/jetbrains/kotlin/resolve/jvm/checkers/InlinePlatformCompatibilityChecker
instanceKlass org/jetbrains/kotlin/resolve/jvm/checkers/JvmDefaultChecker
instanceKlass org/jetbrains/kotlin/resolve/jvm/checkers/InterfaceDefaultMethodCallChecker
instanceKlass org/jetbrains/kotlin/synthetic/JavaSyntheticScopes
instanceKlass org/jetbrains/kotlin/resolve/scopes/SyntheticScopes
instanceKlass org/jetbrains/kotlin/resolve/calls/checkers/AbstractReflectionApiCallChecker
instanceKlass org/jetbrains/kotlin/resolve/jvm/checkers/JvmStaticChecker
instanceKlass org/jetbrains/kotlin/resolve/jvm/checkers/JavaNullabilityChecker
instanceKlass org/jetbrains/kotlin/container/SingletonDescriptor
instanceKlass org/jetbrains/kotlin/resolve/UpperBoundChecker
instanceKlass org/jetbrains/kotlin/frontend/di/InjectionKt
instanceKlass org/jetbrains/kotlin/types/WrappedTypeFactory
instanceKlass sun/reflect/generics/reflectiveObjects/LazyReflectiveObjectGenerator
instanceKlass sun/reflect/generics/tree/TypeVariableSignature
instanceKlass sun/reflect/generics/reflectiveObjects/ParameterizedTypeImpl
instanceKlass java/lang/reflect/ParameterizedType
instanceKlass org/jetbrains/kotlin/resolve/checkers/ClassifierUsageCheckerContext
instanceKlass org/jetbrains/kotlin/resolve/calls/context/ResolutionContext
instanceKlass java/lang/annotation/Documented
instanceKlass kotlin/annotation/MustBeDocumented
instanceKlass kotlin/jvm/JvmStatic
instanceKlass org/jetbrains/kotlin/resolve/calls/checkers/CallCheckerContext
instanceKlass org/jetbrains/kotlin/resolve/calls/model/ResolvedCall
instanceKlass org/jetbrains/kotlin/descriptors/annotations/AnnotationDescriptor
instanceKlass org/jetbrains/kotlin/types/model/AnnotationMarker
instanceKlass org/jetbrains/kotlin/container/ConstructorInfo
instanceKlass kotlin/annotation/Retention
instanceKlass org/jetbrains/kotlin/container/DefaultImplementation
instanceKlass sun/reflect/generics/tree/ClassSignature
instanceKlass sun/reflect/generics/tree/Signature
instanceKlass sun/reflect/generics/tree/FormalTypeParameter
instanceKlass java/lang/reflect/TypeVariable
instanceKlass sun/reflect/generics/repository/AbstractRepository
instanceKlass jdk/internal/vm/annotation/IntrinsicCandidate
instanceKlass org/jetbrains/kotlin/resolve/checkers/DeclarationCheckerContext
instanceKlass org/jetbrains/kotlin/resolve/checkers/CheckerContext
instanceKlass org/jetbrains/kotlin/container/ClassInfo
instanceKlass org/jetbrains/kotlin/container/ClassTraversalCache
instanceKlass org/jetbrains/kotlin/container/CacheKt
instanceKlass org/jetbrains/kotlin/container/DynamicComponentDescriptor
instanceKlass org/jetbrains/kotlin/container/ComponentResolveContext
instanceKlass org/jetbrains/kotlin/container/ValueResolveContext
instanceKlass org/jetbrains/kotlin/container/InstanceComponentDescriptor
instanceKlass org/jetbrains/kotlin/container/ComponentDescriptor
instanceKlass org/jetbrains/kotlin/container/ValueDescriptor
instanceKlass org/jetbrains/kotlin/container/ContainerKt
instanceKlass org/jetbrains/kotlin/resolve/checkers/PlatformDiagnosticSuppressor
instanceKlass org/jetbrains/kotlin/resolve/lazy/AbsentDescriptorHandler
instanceKlass org/jetbrains/kotlin/types/DynamicTypesSettings
instanceKlass org/jetbrains/kotlin/resolve/calls/results/TypeSpecificityComparator$NONE
instanceKlass org/jetbrains/kotlin/resolve/calls/results/TypeSpecificityComparator
instanceKlass org/jetbrains/kotlin/resolve/checkers/OptionalExpectationUsageChecker
instanceKlass org/jetbrains/kotlin/resolve/checkers/MissingDependencyClassChecker$ClassifierUsage
instanceKlass org/jetbrains/kotlin/resolve/checkers/ApiVersionClassifierUsageChecker
instanceKlass org/jetbrains/kotlin/resolve/checkers/DeprecatedClassifierUsageChecker
instanceKlass org/jetbrains/kotlin/resolve/calls/checkers/EnumEntriesUnsupportedChecker
instanceKlass org/jetbrains/kotlin/resolve/calls/checkers/CustomEnumEntriesMigrationCallChecker
instanceKlass org/jetbrains/kotlin/resolve/calls/checkers/CompanionIncorrectlyUnboundedWhenUsedAsLHSCallChecker
instanceKlass org/jetbrains/kotlin/resolve/calls/checkers/IncorrectCapturedApproximationCallChecker
instanceKlass org/jetbrains/kotlin/resolve/calls/checkers/BuilderInferenceAssignmentChecker
instanceKlass org/jetbrains/kotlin/resolve/calls/checkers/UnsupportedUntilOperatorChecker
instanceKlass org/jetbrains/kotlin/resolve/calls/checkers/EqualityCallChecker
instanceKlass org/jetbrains/kotlin/resolve/calls/checkers/ResolutionToPrivateConstructorOfSealedClassChecker
instanceKlass org/jetbrains/kotlin/resolve/calls/checkers/CompanionInParenthesesLHSCallChecker
instanceKlass org/jetbrains/kotlin/resolve/calls/checkers/EnumEntryVsCompanionPriorityCallChecker
instanceKlass org/jetbrains/kotlin/utils/StringsKt
instanceKlass org/jetbrains/kotlin/resolve/calls/checkers/NewSchemeOfIntegerOperatorResolutionChecker
instanceKlass org/jetbrains/kotlin/resolve/calls/checkers/SelfCallInNestedObjectConstructorChecker
instanceKlass org/jetbrains/kotlin/resolve/calls/checkers/VarargWrongExecutionOrderChecker
instanceKlass org/jetbrains/kotlin/resolve/calls/checkers/ReferencingToUnderscoreNamedParameterOfCatchBlockChecker
instanceKlass org/jetbrains/kotlin/resolve/checkers/NullableExtensionOperatorWithSafeCallChecker
instanceKlass org/jetbrains/kotlin/resolve/calls/checkers/FunInterfaceConstructorReferenceChecker
instanceKlass org/jetbrains/kotlin/resolve/calls/checkers/UnitConversionCallChecker
instanceKlass org/jetbrains/kotlin/resolve/calls/checkers/SuspendConversionCallChecker
instanceKlass org/jetbrains/kotlin/resolve/calls/checkers/AbstractClassInstantiationChecker
instanceKlass org/jetbrains/kotlin/resolve/checkers/MissingDependencySupertypeChecker$ForCalls
instanceKlass org/jetbrains/kotlin/resolve/calls/checkers/ReifiedTypeParameterSubstitutionChecker
instanceKlass org/jetbrains/kotlin/resolve/calls/checkers/ContractNotAllowedCallChecker
instanceKlass org/jetbrains/kotlin/resolve/calls/checkers/NamedFunAsExpressionChecker
instanceKlass org/jetbrains/kotlin/resolve/calls/checkers/NullableVarargArgumentCallChecker
instanceKlass org/jetbrains/kotlin/resolve/calls/checkers/ResultTypeWithNullableOperatorsChecker
instanceKlass org/jetbrains/kotlin/resolve/calls/checkers/UselessElvisCallChecker
instanceKlass org/jetbrains/kotlin/resolve/calls/checkers/LambdaWithSuspendModifierCallChecker
instanceKlass org/jetbrains/kotlin/resolve/checkers/PrimitiveNumericComparisonCallChecker
instanceKlass org/jetbrains/kotlin/resolve/calls/checkers/ImplicitNothingAsTypeParameterCallChecker
instanceKlass org/jetbrains/kotlin/resolve/calls/checkers/AssigningNamedArgumentToVarargChecker
instanceKlass org/jetbrains/kotlin/resolve/calls/checkers/UnderscoreUsageChecker
instanceKlass org/jetbrains/kotlin/resolve/calls/checkers/CallableReferenceCompatibilityChecker
instanceKlass org/jetbrains/kotlin/resolve/checkers/MissingDependencyClassChecker
instanceKlass org/jetbrains/kotlin/resolve/calls/checkers/DslScopeViolationCallChecker
instanceKlass org/jetbrains/kotlin/resolve/calls/checkers/BuilderFunctionsCallChecker
instanceKlass org/jetbrains/kotlin/resolve/calls/checkers/CoroutineSuspendCallChecker
instanceKlass org/jetbrains/kotlin/resolve/calls/checkers/ApiVersionCallChecker
instanceKlass org/jetbrains/kotlin/resolve/calls/checkers/ProtectedConstructorCallChecker
instanceKlass org/jetbrains/kotlin/resolve/calls/checkers/ConstructorHeaderCallChecker
instanceKlass org/jetbrains/kotlin/resolve/calls/checkers/OperatorCallChecker$Companion
instanceKlass org/jetbrains/kotlin/resolve/calls/checkers/OperatorCallChecker
instanceKlass org/jetbrains/kotlin/resolve/calls/checkers/InfixCallChecker
instanceKlass org/jetbrains/kotlin/resolve/calls/checkers/CallReturnsArrayOfNothingChecker
instanceKlass org/jetbrains/kotlin/resolve/calls/checkers/DeprecatedCallChecker
instanceKlass org/jetbrains/kotlin/resolve/checkers/TrailingCommaCallChecker
instanceKlass org/jetbrains/kotlin/resolve/calls/checkers/SafeCallChecker
instanceKlass org/jetbrains/kotlin/resolve/calls/checkers/SynchronizedByValueChecker
instanceKlass org/jetbrains/kotlin/resolve/calls/checkers/InlineCheckerWrapper
instanceKlass org/jetbrains/kotlin/resolve/calls/checkers/CapturingInClosureChecker
instanceKlass org/jetbrains/kotlin/resolve/checkers/StubForBuilderInferenceParameterTypeChecker
instanceKlass org/jetbrains/kotlin/resolve/checkers/ActualTypealiasToSpecialAnnotationChecker
instanceKlass org/jetbrains/kotlin/resolve/checkers/VolatileAnnotationChecker
instanceKlass org/jetbrains/kotlin/resolve/checkers/EnumEntriesRedeclarationChecker
instanceKlass org/jetbrains/kotlin/resolve/checkers/DataObjectContentChecker
instanceKlass org/jetbrains/kotlin/resolve/calls/checkers/UnsupportedUntilRangeDeclarationChecker
instanceKlass org/jetbrains/kotlin/resolve/checkers/CyclicAnnotationsChecker
instanceKlass org/jetbrains/kotlin/resolve/checkers/ValueParameterUsageInDefaultArgumentChecker
instanceKlass org/jetbrains/kotlin/resolve/checkers/SubtypingBetweenContextReceiversChecker
instanceKlass org/jetbrains/kotlin/resolve/checkers/ContextualDeclarationChecker
instanceKlass org/jetbrains/kotlin/resolve/checkers/EnumCompanionInEnumConstructorCallChecker
instanceKlass org/jetbrains/kotlin/resolve/checkers/SuspendFunctionAsSupertypeChecker
instanceKlass org/jetbrains/kotlin/resolve/checkers/SealedInterfaceAllowedChecker
instanceKlass org/jetbrains/kotlin/resolve/checkers/SealedInheritorInSameModuleChecker
instanceKlass org/jetbrains/kotlin/resolve/checkers/SealedInheritorInSamePackageChecker
instanceKlass org/jetbrains/kotlin/resolve/checkers/PrivateInlineFunctionsReturningAnonymousObjectsChecker
instanceKlass org/jetbrains/kotlin/resolve/checkers/ContractDescriptionBlockChecker
instanceKlass org/jetbrains/kotlin/resolve/checkers/DeprecatedSinceKotlinAnnotationChecker
instanceKlass org/jetbrains/kotlin/resolve/checkers/DeprecationInheritanceChecker
instanceKlass org/jetbrains/kotlin/resolve/checkers/FunInterfaceDeclarationChecker
instanceKlass org/jetbrains/kotlin/resolve/checkers/MissingDependencySupertypeChecker$ForDeclarations
instanceKlass org/jetbrains/kotlin/resolve/checkers/TrailingCommaDeclarationChecker
instanceKlass org/jetbrains/kotlin/resolve/checkers/TailrecFunctionChecker
instanceKlass org/jetbrains/kotlin/resolve/checkers/ExplicitApiDeclarationChecker$Companion
instanceKlass org/jetbrains/kotlin/resolve/checkers/ExplicitApiDeclarationChecker
instanceKlass org/jetbrains/kotlin/resolve/checkers/LocalVariableTypeParametersChecker
instanceKlass org/jetbrains/kotlin/resolve/checkers/ResultClassInReturnTypeChecker
instanceKlass org/jetbrains/kotlin/resolve/checkers/ReservedMembersAndConstructsForValueClass$Companion
instanceKlass org/jetbrains/kotlin/resolve/checkers/ReservedMembersAndConstructsForValueClass
instanceKlass org/jetbrains/kotlin/resolve/checkers/AnnotationClassTargetAndRetentionChecker
instanceKlass org/jetbrains/kotlin/resolve/checkers/InnerClassInsideValueClass
instanceKlass org/jetbrains/kotlin/resolve/checkers/PropertiesWithBackingFieldsInsideValueClass
instanceKlass org/jetbrains/kotlin/resolve/checkers/MultiFieldValueClassAnnotationsChecker
instanceKlass org/jetbrains/kotlin/resolve/checkers/ValueClassDeclarationChecker
instanceKlass org/jetbrains/kotlin/util/OperatorNameConventions
instanceKlass org/jetbrains/kotlin/resolve/checkers/SuspendLimitationsChecker
instanceKlass org/jetbrains/kotlin/resolve/checkers/KClassWithIncorrectTypeArgumentChecker
instanceKlass org/jetbrains/kotlin/resolve/checkers/DelegationChecker
instanceKlass org/jetbrains/kotlin/resolve/checkers/DynamicReceiverChecker
instanceKlass org/jetbrains/kotlin/resolve/checkers/ReifiedTypeParameterAnnotationChecker
instanceKlass org/jetbrains/kotlin/resolve/RequireKotlinConstants
instanceKlass org/jetbrains/kotlin/resolve/AnnotationsKt
instanceKlass org/jetbrains/kotlin/resolve/checkers/KotlinVersionStringAnnotationValueChecker
instanceKlass org/jetbrains/kotlin/resolve/checkers/InfixModifierChecker
instanceKlass org/jetbrains/kotlin/resolve/checkers/InlineParameterChecker
instanceKlass org/jetbrains/kotlin/resolve/checkers/UnderscoreChecker
instanceKlass org/jetbrains/kotlin/resolve/checkers/ConstModifierChecker
instanceKlass org/jetbrains/kotlin/resolve/checkers/DataClassDeclarationChecker
instanceKlass org/jetbrains/kotlin/resolve/checkers/ExpectActualClassifiersAreInBetaChecker
instanceKlass org/jetbrains/kotlin/resolve/checkers/ActualClassifierMustHasTheSameMembersAsNonFinalExpectClassifierChecker
instanceKlass org/jetbrains/kotlin/resolve/checkers/ExpectActualInTheSameModuleChecker
instanceKlass org/jetbrains/kotlin/resolve/PlatformConfiguratorBaseKt
instanceKlass org/jetbrains/kotlin/container/ComponentRegistry
instanceKlass org/jetbrains/kotlin/container/ComponentStorage
instanceKlass org/jetbrains/kotlin/container/ValueResolver
instanceKlass org/jetbrains/kotlin/container/StorageComponentContainer
instanceKlass org/jetbrains/kotlin/container/ComponentProvider
instanceKlass org/jetbrains/kotlin/container/ComponentContainer
instanceKlass org/jetbrains/kotlin/container/DslKt
instanceKlass org/jetbrains/kotlin/resolve/jvm/JvmDeclarationReturnTypeSanitizer
instanceKlass org/jetbrains/kotlin/resolve/DeclarationReturnTypeSanitizer
instanceKlass org/jetbrains/kotlin/resolve/jvm/JvmOverridesBackwardCompatibilityHelper
instanceKlass org/jetbrains/kotlin/resolve/OverridesBackwardCompatibilityHelper
instanceKlass org/jetbrains/kotlin/resolve/jvm/JvmDelegationFilter
instanceKlass org/jetbrains/kotlin/resolve/lazy/DelegationFilter
instanceKlass org/jetbrains/kotlin/resolve/jvm/JvmOverloadFilter
instanceKlass org/jetbrains/kotlin/resolve/OverloadFilter
instanceKlass org/jetbrains/kotlin/resolve/jvm/checkers/JvmSimpleNameBacktickChecker
instanceKlass org/jetbrains/kotlin/resolve/IdentifierChecker
instanceKlass org/jetbrains/kotlin/resolve/sam/SamConversionResolver$Empty
instanceKlass org/jetbrains/kotlin/container/PlatformExtensionsClashResolver
instanceKlass org/jetbrains/kotlin/resolve/jvm/checkers/SynchronizedAnnotationOnLambdaChecker
instanceKlass org/jetbrains/kotlin/resolve/jvm/checkers/ExplicitMetadataChecker
instanceKlass org/jetbrains/kotlin/name/JvmNames
instanceKlass org/jetbrains/kotlin/resolve/jvm/checkers/FileClassAnnotationsChecker
instanceKlass org/jetbrains/kotlin/resolve/AdditionalAnnotationChecker
instanceKlass org/jetbrains/kotlin/resolve/jvm/checkers/MissingBuiltInDeclarationChecker$ClassifierUsage
instanceKlass org/jetbrains/kotlin/resolve/checkers/BigFunctionTypeAvailabilityChecker
instanceKlass org/jetbrains/kotlin/resolve/checkers/ClassifierUsageChecker
instanceKlass org/jetbrains/kotlin/resolve/jvm/checkers/JvmArrayVariableInLoopAssignmentChecker
instanceKlass org/jetbrains/kotlin/resolve/jvm/checkers/JavaTypeAccessibilityChecker
instanceKlass org/jetbrains/kotlin/resolve/jvm/platform/JavaGenericVarianceViolationTypeChecker
instanceKlass org/jetbrains/kotlin/resolve/jvm/RuntimeAssertionsTypeChecker
instanceKlass org/jetbrains/kotlin/resolve/calls/checkers/AdditionalTypeChecker
instanceKlass org/jetbrains/kotlin/diagnostics/rendering/DiagnosticFactoryToRendererMap
instanceKlass org/jetbrains/kotlin/diagnostics/rendering/DefaultErrorMessages$Extension
instanceKlass org/jetbrains/kotlin/diagnostics/Errors$Initializer
instanceKlass org/jetbrains/kotlin/com/google/common/collect/Hashing
instanceKlass org/jetbrains/kotlin/com/google/common/math/IntMath$1
instanceKlass org/jetbrains/kotlin/com/google/common/math/MathPreconditions
instanceKlass org/jetbrains/kotlin/com/google/common/math/IntMath
instanceKlass org/jetbrains/kotlin/com/google/common/collect/ImmutableSet$SetBuilderImpl
instanceKlass org/jetbrains/kotlin/diagnostics/DiagnosticFactoryForDeprecation4$Companion
instanceKlass org/jetbrains/kotlin/diagnostics/ClassicPositioningStrategies
instanceKlass org/jetbrains/kotlin/diagnostics/DiagnosticFactoryForDeprecation2$Companion
instanceKlass org/jetbrains/kotlin/diagnostics/DiagnosticFactoryForDeprecation0$Companion
instanceKlass org/jetbrains/kotlin/diagnostics/DiagnosticFactoryForDeprecation1$Companion
instanceKlass org/jetbrains/kotlin/diagnostics/DiagnosticFactoryForDeprecation3$Companion
instanceKlass org/jetbrains/kotlin/diagnostics/DiagnosticFactoryForDeprecation
instanceKlass org/jetbrains/kotlin/diagnostics/ParametrizedDiagnostic
instanceKlass org/jetbrains/kotlin/diagnostics/Diagnostic
instanceKlass org/jetbrains/kotlin/diagnostics/Errors
instanceKlass org/jetbrains/kotlin/resolve/jvm/checkers/JvmSyntheticAssignmentChecker
instanceKlass org/jetbrains/kotlin/resolve/calls/checkers/AssignmentChecker
instanceKlass org/jetbrains/kotlin/resolve/jvm/checkers/JvmPropertyVsFieldAmbiguityCallChecker
instanceKlass org/jetbrains/kotlin/resolve/calls/checkers/LateinitIntrinsicApplicabilityChecker
instanceKlass org/jetbrains/kotlin/resolve/jvm/checkers/UpperBoundViolatedInTypealiasConstructorChecker
instanceKlass org/jetbrains/kotlin/resolve/jvm/checkers/EnumDeclaringClassDeprecationChecker
instanceKlass org/jetbrains/kotlin/resolve/jvm/checkers/SamInterfaceConstructorReferenceCallChecker
instanceKlass org/jetbrains/kotlin/resolve/jvm/checkers/PolymorphicSignatureCallChecker
instanceKlass org/jetbrains/kotlin/resolve/jvm/checkers/InconsistentOperatorFromJavaCallChecker
instanceKlass org/jetbrains/kotlin/resolve/jvm/checkers/ApiVersionIsAtLeastArgumentsChecker
instanceKlass org/jetbrains/kotlin/resolve/jvm/RuntimeAssertionsOnExtensionReceiverCallChecker
instanceKlass org/jetbrains/kotlin/resolve/jvm/checkers/ProtectedSyntheticExtensionCallChecker
instanceKlass org/jetbrains/kotlin/resolve/jvm/checkers/SuperCallWithDefaultArgumentsChecker
instanceKlass org/jetbrains/kotlin/resolve/jvm/checkers/UnsupportedSyntheticCallableReferenceChecker
instanceKlass org/jetbrains/kotlin/resolve/jvm/checkers/ProtectedInSuperClassCompanionCallChecker
instanceKlass org/jetbrains/kotlin/resolve/jvm/checkers/JavaClassOnCompanionChecker
instanceKlass org/jetbrains/kotlin/resolve/jvm/checkers/SuspensionPointInsideMutexLockChecker
instanceKlass org/jetbrains/kotlin/resolve/jvm/checkers/JavaAnnotationCallChecker$Companion
instanceKlass org/jetbrains/kotlin/resolve/jvm/checkers/JavaAnnotationCallChecker
instanceKlass org/jetbrains/kotlin/resolve/jvm/checkers/MissingBuiltInDeclarationChecker
instanceKlass org/jetbrains/kotlin/resolve/calls/checkers/CallChecker
instanceKlass org/jetbrains/kotlin/resolve/jvm/checkers/JavaOverrideWithWrongNullabilityOverrideChecker
instanceKlass org/jetbrains/kotlin/resolve/jvm/checkers/ClassInheritsJavaSealedClassChecker
instanceKlass org/jetbrains/kotlin/resolve/jvm/checkers/FunctionDelegateMemberNameClashChecker
instanceKlass org/jetbrains/kotlin/resolve/jvm/checkers/DefaultCheckerInTailrec
instanceKlass org/jetbrains/kotlin/resolve/jvm/checkers/JvmMultifileClassStateChecker
instanceKlass org/jetbrains/kotlin/resolve/jvm/checkers/BadInheritedJavaSignaturesChecker
instanceKlass org/jetbrains/kotlin/resolve/jvm/checkers/SuspendInFunInterfaceChecker
instanceKlass org/jetbrains/kotlin/resolve/jvm/checkers/JvmAnnotationsTargetNonExistentAccessorChecker$Companion
instanceKlass org/jetbrains/kotlin/resolve/jvm/checkers/JvmAnnotationsTargetNonExistentAccessorChecker
instanceKlass org/jetbrains/kotlin/resolve/jvm/checkers/StrictfpApplicabilityChecker
instanceKlass org/jetbrains/kotlin/resolve/jvm/checkers/JvmInlineApplicabilityChecker
instanceKlass org/jetbrains/kotlin/resolve/jvm/checkers/JvmSyntheticApplicabilityChecker
instanceKlass org/jetbrains/kotlin/resolve/jvm/checkers/TypeParameterBoundIsNotArrayChecker
instanceKlass org/jetbrains/kotlin/resolve/jvm/checkers/JvmFieldApplicabilityChecker
instanceKlass org/jetbrains/kotlin/resolve/jvm/checkers/OverloadsAnnotationChecker
instanceKlass org/jetbrains/kotlin/resolve/jvm/checkers/ExternalFunChecker
instanceKlass org/jetbrains/kotlin/resolve/jvm/checkers/LocalFunInlineChecker
instanceKlass org/jetbrains/kotlin/resolve/jvm/checkers/SynchronizedAnnotationChecker
instanceKlass org/jetbrains/kotlin/resolve/jvm/checkers/JvmNameAnnotationChecker
instanceKlass org/jetbrains/kotlin/resolve/checkers/DeclarationChecker
instanceKlass org/jetbrains/kotlin/resolve/PlatformConfiguratorBase
instanceKlass org/jetbrains/kotlin/resolve/PlatformConfigurator
instanceKlass org/jetbrains/kotlin/resolve/ImportPath$Companion
instanceKlass org/jetbrains/kotlin/resolve/ImportPath
instanceKlass org/jetbrains/kotlin/resolve/PlatformDependentAnalyzerServices
instanceKlass org/jetbrains/kotlin/resolve/SealedClassInheritorsProvider
instanceKlass org/jetbrains/kotlin/resolve/ModuleAnnotationsResolver$Companion
instanceKlass org/jetbrains/kotlin/load/kotlin/JvmPackagePartProviderBase$ModuleMappingInfo
instanceKlass org/jetbrains/kotlin/metadata/jvm/deserialization/ModuleMappingKt
instanceKlass org/jetbrains/kotlin/protobuf/UnmodifiableLazyStringList$2
instanceKlass org/jetbrains/kotlin/metadata/jvm/deserialization/PackageParts
instanceKlass org/jetbrains/kotlin/metadata/jvm/JvmModuleProtoBuf$PackagePartsOrBuilder
instanceKlass org/jetbrains/kotlin/metadata/jvm/JvmModuleProtoBuf$ModuleOrBuilder
instanceKlass org/jetbrains/kotlin/metadata/deserialization/VersionSpecificBehaviorKt
instanceKlass kotlin/collections/MapWithDefault
instanceKlass org/jetbrains/kotlin/utils/MetadataHelpersKt
instanceKlass org/jetbrains/kotlin/utils/DeserializationHelpersKt
instanceKlass org/jetbrains/kotlin/load/kotlin/ModuleMappingUtilKt
instanceKlass org/jetbrains/kotlin/metadata/jvm/deserialization/BinaryModuleData
instanceKlass org/jetbrains/kotlin/metadata/jvm/deserialization/JvmMetadataVersion$Companion
instanceKlass org/jetbrains/kotlin/metadata/jvm/deserialization/ModuleMapping$Companion
instanceKlass org/jetbrains/kotlin/metadata/jvm/deserialization/ModuleMapping
instanceKlass org/jetbrains/kotlin/cli/jvm/compiler/JvmPackagePartProviderKt
instanceKlass org/jetbrains/kotlin/resolve/CompilerDeserializationConfiguration
instanceKlass org/jetbrains/kotlin/load/kotlin/JvmPackagePartProviderBase$Companion
instanceKlass org/jetbrains/kotlin/load/kotlin/JvmPackagePartProviderBase
instanceKlass org/jetbrains/kotlin/load/kotlin/PackageAndMetadataPartProvider
instanceKlass org/jetbrains/kotlin/serialization/deserialization/MetadataPartProvider
instanceKlass org/jetbrains/kotlin/load/kotlin/PackagePartProvider
instanceKlass org/jetbrains/kotlin/resolve/lazy/declarations/FileBasedDeclarationProviderFactory$Index
instanceKlass org/jetbrains/kotlin/resolve/lazy/declarations/ClassMemberDeclarationProvider
instanceKlass org/jetbrains/kotlin/resolve/lazy/declarations/PackageMemberDeclarationProvider
instanceKlass org/jetbrains/kotlin/resolve/lazy/declarations/DeclarationProvider
instanceKlass org/jetbrains/kotlin/resolve/lazy/declarations/AbstractDeclarationProviderFactory
instanceKlass org/jetbrains/kotlin/resolve/lazy/declarations/DeclarationProviderFactory
instanceKlass org/jetbrains/kotlin/config/LanguageFeature$Companion
instanceKlass org/jetbrains/kotlin/frontend/java/di/InjectionKt
instanceKlass org/jetbrains/kotlin/descriptors/impl/ModuleDependenciesImpl
instanceKlass org/jetbrains/kotlin/descriptors/impl/ModuleDependencies
instanceKlass org/jetbrains/kotlin/protobuf/SmallSortedMap$EntryIterator
instanceKlass org/jetbrains/kotlin/protobuf/GeneratedMessageLite$ExtendableMessage$ExtensionWriter
instanceKlass org/jetbrains/kotlin/serialization/deserialization/descriptors/DeserializedMemberScope$OptimizedImplementation
instanceKlass org/jetbrains/kotlin/serialization/deserialization/descriptors/DeserializedMemberScope$Implementation
instanceKlass org/jetbrains/kotlin/serialization/deserialization/MemberDeserializer
instanceKlass org/jetbrains/kotlin/serialization/deserialization/TypeDeserializer
instanceKlass org/jetbrains/kotlin/serialization/deserialization/DeserializationContext
instanceKlass org/jetbrains/kotlin/metadata/deserialization/VersionRequirementTable$Companion
instanceKlass org/jetbrains/kotlin/metadata/deserialization/VersionRequirementTable
instanceKlass org/jetbrains/kotlin/metadata/deserialization/TypeTable
instanceKlass org/jetbrains/kotlin/serialization/deserialization/ClassDeserializer$Companion
instanceKlass org/jetbrains/kotlin/serialization/deserialization/ClassDeserializer
instanceKlass org/jetbrains/kotlin/serialization/deserialization/EnumEntriesDeserializationSupport$Default
instanceKlass org/jetbrains/kotlin/serialization/deserialization/EnumEntriesDeserializationSupport
instanceKlass org/jetbrains/kotlin/resolve/OverridingUtil$1
instanceKlass org/jetbrains/kotlin/load/java/JavaIncompatibilityRulesOverridabilityCondition$Companion
instanceKlass org/jetbrains/kotlin/load/java/JavaIncompatibilityRulesOverridabilityCondition
instanceKlass org/jetbrains/kotlin/load/java/ErasedOverridabilityCondition
instanceKlass org/jetbrains/kotlin/load/java/FieldOverridabilityCondition
instanceKlass org/jetbrains/kotlin/resolve/ExternalOverridabilityCondition
instanceKlass org/jetbrains/kotlin/types/checker/KotlinTypeChecker$TypeConstructorEquality
instanceKlass org/jetbrains/kotlin/resolve/OverridingUtil
instanceKlass org/jetbrains/kotlin/types/AbstractTypePreparator
instanceKlass org/jetbrains/kotlin/types/checker/NewKotlinTypeCheckerImpl
instanceKlass org/jetbrains/kotlin/types/checker/NewKotlinTypeChecker$Companion
instanceKlass org/jetbrains/kotlin/types/checker/NewKotlinTypeChecker
instanceKlass org/jetbrains/kotlin/types/checker/KotlinTypeChecker
instanceKlass org/jetbrains/kotlin/resolve/sam/SamConversionResolverImpl
instanceKlass org/jetbrains/kotlin/resolve/sam/SamConversionResolver
instanceKlass org/jetbrains/kotlin/container/PlatformSpecificExtension
instanceKlass org/jetbrains/kotlin/serialization/deserialization/ContractDeserializer$Companion$DEFAULT$1
instanceKlass org/jetbrains/kotlin/serialization/deserialization/ContractDeserializer$Companion
instanceKlass org/jetbrains/kotlin/serialization/deserialization/ContractDeserializer
instanceKlass org/jetbrains/kotlin/serialization/deserialization/FlexibleTypeDeserializer$ThrowException
instanceKlass org/jetbrains/kotlin/serialization/deserialization/FlexibleTypeDeserializer
instanceKlass org/jetbrains/kotlin/serialization/deserialization/ErrorReporter$1
instanceKlass org/jetbrains/kotlin/serialization/deserialization/ErrorReporter
instanceKlass org/jetbrains/kotlin/serialization/deserialization/LocalClassifierTypeSettings$Default
instanceKlass org/jetbrains/kotlin/serialization/deserialization/LocalClassifierTypeSettings
instanceKlass org/jetbrains/kotlin/resolve/constants/ConstantValue
instanceKlass org/jetbrains/kotlin/serialization/deserialization/AnnotationDeserializer
instanceKlass org/jetbrains/kotlin/serialization/deserialization/AnnotationAndConstantLoaderImpl
instanceKlass org/jetbrains/kotlin/serialization/deserialization/AnnotationAndConstantLoader
instanceKlass org/jetbrains/kotlin/serialization/deserialization/AnnotationLoader
instanceKlass org/jetbrains/kotlin/serialization/deserialization/DeserializedClassDataFinder
instanceKlass org/jetbrains/kotlin/serialization/deserialization/DeserializationConfiguration$Default
instanceKlass org/jetbrains/kotlin/serialization/deserialization/DeserializationConfiguration
instanceKlass org/jetbrains/kotlin/serialization/deserialization/DeserializationComponents
instanceKlass org/jetbrains/kotlin/descriptors/NotFoundClasses
instanceKlass org/jetbrains/kotlin/descriptors/PackageFragmentProviderImpl
instanceKlass org/jetbrains/kotlin/descriptors/PackageFragmentProviderOptimized
instanceKlass org/jetbrains/kotlin/descriptors/PackageFragmentProvider
instanceKlass java/util/LinkedList$ListItr
instanceKlass kotlin/Triple
instanceKlass java/util/LinkedList$Node
instanceKlass org/jetbrains/kotlin/metadata/deserialization/NameResolverImpl$WhenMappings
instanceKlass org/jetbrains/kotlin/protobuf/Utf8
instanceKlass org/jetbrains/kotlin/serialization/deserialization/NameResolverUtilKt
instanceKlass org/jetbrains/kotlin/serialization/deserialization/ProtoBasedClassDataFinder
instanceKlass org/jetbrains/kotlin/serialization/deserialization/ClassDataFinder
instanceKlass org/jetbrains/kotlin/metadata/deserialization/NameResolverImpl
instanceKlass org/jetbrains/kotlin/metadata/deserialization/NameResolver
instanceKlass org/jetbrains/kotlin/metadata/ProtoBuf$Type$Argument$Projection$1
instanceKlass org/jetbrains/kotlin/metadata/ProtoBuf$Type$ArgumentOrBuilder
instanceKlass org/jetbrains/kotlin/metadata/ProtoBuf$Annotation$ArgumentOrBuilder
instanceKlass org/jetbrains/kotlin/protobuf/SmallSortedMap$Entry
instanceKlass org/jetbrains/kotlin/protobuf/FieldSet$1
instanceKlass org/jetbrains/kotlin/protobuf/AbstractMessageLite$Builder
instanceKlass org/jetbrains/kotlin/protobuf/GeneratedMessageLite$1
instanceKlass org/jetbrains/kotlin/metadata/ProtoBuf$QualifiedNameTable$QualifiedName$Kind$1
instanceKlass org/jetbrains/kotlin/metadata/ProtoBuf$QualifiedNameTable$QualifiedNameOrBuilder
instanceKlass org/jetbrains/kotlin/protobuf/WireFormat
instanceKlass org/jetbrains/kotlin/protobuf/CodedOutputStream
instanceKlass org/jetbrains/kotlin/protobuf/CodedInputStream
instanceKlass org/jetbrains/kotlin/metadata/ProtoBuf$QualifiedNameTableOrBuilder
instanceKlass org/jetbrains/kotlin/protobuf/LazyStringList
instanceKlass org/jetbrains/kotlin/protobuf/ProtocolStringList
instanceKlass org/jetbrains/kotlin/metadata/ProtoBuf$StringTableOrBuilder
instanceKlass org/jetbrains/kotlin/metadata/ProtoBuf$PackageFragmentOrBuilder
instanceKlass kotlin/collections/IntIterator
instanceKlass org/jetbrains/kotlin/metadata/builtins/BuiltInsBinaryVersion$Companion
instanceKlass org/jetbrains/kotlin/metadata/deserialization/BinaryVersion$Companion
instanceKlass org/jetbrains/kotlin/metadata/deserialization/BinaryVersion
instanceKlass org/jetbrains/kotlin/metadata/builtins/ReadPackageFragmentKt
instanceKlass org/jetbrains/kotlin/serialization/deserialization/builtins/BuiltInsPackageFragmentImpl$Companion
instanceKlass org/jetbrains/kotlin/builtins/BuiltInsPackageFragment
instanceKlass org/jetbrains/kotlin/protobuf/ExtensionRegistryLite$ObjectIntPair
instanceKlass org/jetbrains/kotlin/metadata/ProtoBuf$TypeParameter$Variance$1
instanceKlass org/jetbrains/kotlin/metadata/ProtoBuf$TypeParameterOrBuilder
instanceKlass org/jetbrains/kotlin/metadata/ProtoBuf$EnumEntryOrBuilder
instanceKlass org/jetbrains/kotlin/metadata/ProtoBuf$Annotation$Argument$Value$Type$1
instanceKlass org/jetbrains/kotlin/protobuf/Internal$EnumLiteMap
instanceKlass org/jetbrains/kotlin/metadata/ProtoBuf$Annotation$Argument$ValueOrBuilder
instanceKlass org/jetbrains/kotlin/metadata/ProtoBuf$ValueParameterOrBuilder
instanceKlass org/jetbrains/kotlin/metadata/ProtoBuf$PropertyOrBuilder
instanceKlass org/jetbrains/kotlin/metadata/ProtoBuf$ContractOrBuilder
instanceKlass org/jetbrains/kotlin/metadata/ProtoBuf$FunctionOrBuilder
instanceKlass org/jetbrains/kotlin/metadata/ProtoBuf$ConstructorOrBuilder
instanceKlass org/jetbrains/kotlin/metadata/ProtoBuf$AnnotationOrBuilder
instanceKlass org/jetbrains/kotlin/metadata/ProtoBuf$TypeOrBuilder
instanceKlass org/jetbrains/kotlin/metadata/ProtoBuf$ClassOrBuilder
instanceKlass org/jetbrains/kotlin/protobuf/Internal$EnumLite
instanceKlass org/jetbrains/kotlin/protobuf/GeneratedMessageLite$ExtensionDescriptor
instanceKlass org/jetbrains/kotlin/protobuf/GeneratedMessageLite$GeneratedExtension
instanceKlass java/lang/Long$LongCache
instanceKlass org/jetbrains/kotlin/metadata/ProtoBuf$VersionRequirementTableOrBuilder
instanceKlass org/jetbrains/kotlin/metadata/ProtoBuf$TypeTableOrBuilder
instanceKlass org/jetbrains/kotlin/protobuf/ByteString$ByteIterator
instanceKlass org/jetbrains/kotlin/protobuf/ByteString
instanceKlass org/jetbrains/kotlin/protobuf/SmallSortedMap$EmptySet$2
instanceKlass org/jetbrains/kotlin/protobuf/SmallSortedMap$EmptySet$1
instanceKlass org/jetbrains/kotlin/protobuf/SmallSortedMap$EmptySet
instanceKlass org/jetbrains/kotlin/protobuf/LazyFieldLite
instanceKlass org/jetbrains/kotlin/protobuf/FieldSet
instanceKlass org/jetbrains/kotlin/protobuf/AbstractParser
instanceKlass org/jetbrains/kotlin/protobuf/MessageLite$Builder
instanceKlass org/jetbrains/kotlin/protobuf/Parser
instanceKlass org/jetbrains/kotlin/protobuf/FieldSet$FieldDescriptorLite
instanceKlass org/jetbrains/kotlin/protobuf/AbstractMessageLite
instanceKlass org/jetbrains/kotlin/metadata/ProtoBuf$PackageOrBuilder
instanceKlass org/jetbrains/kotlin/protobuf/GeneratedMessageLite$ExtendableMessageOrBuilder
instanceKlass org/jetbrains/kotlin/protobuf/MessageLite
instanceKlass org/jetbrains/kotlin/protobuf/MessageLiteOrBuilder
instanceKlass org/jetbrains/kotlin/metadata/builtins/BuiltInsProtoBuf
instanceKlass org/jetbrains/kotlin/protobuf/ExtensionRegistryLite
instanceKlass org/jetbrains/kotlin/serialization/SerializerExtensionProtocol
instanceKlass org/jetbrains/kotlin/storage/LockBasedStorageManager$CacheWithNullableValuesBasedOnMemoizedFunction$1
instanceKlass org/jetbrains/kotlin/types/KotlinTypeFactory
instanceKlass org/jetbrains/kotlin/util/ArrayMap
instanceKlass org/jetbrains/kotlin/util/TypeRegistry
instanceKlass org/jetbrains/kotlin/util/AbstractArrayMapOwner
instanceKlass org/jetbrains/kotlin/descriptors/FieldDescriptor
instanceKlass org/jetbrains/kotlin/descriptors/PropertySetterDescriptor
instanceKlass org/jetbrains/kotlin/descriptors/PropertyGetterDescriptor
instanceKlass org/jetbrains/kotlin/descriptors/PropertyAccessorDescriptor
instanceKlass org/jetbrains/kotlin/descriptors/VariableAccessorDescriptor
instanceKlass org/jetbrains/kotlin/types/error/ErrorPropertyDescriptor
instanceKlass org/jetbrains/kotlin/descriptors/PropertyDescriptor
instanceKlass org/jetbrains/kotlin/mpp/PropertySymbolMarker
instanceKlass org/jetbrains/kotlin/descriptors/VariableDescriptorWithAccessors
instanceKlass org/jetbrains/kotlin/descriptors/VariableDescriptor
instanceKlass kotlin/jvm/internal/StringCompanionObject
instanceKlass org/jetbrains/kotlin/types/error/ErrorTypeConstructor
instanceKlass org/jetbrains/kotlin/types/error/ErrorScope
instanceKlass org/jetbrains/kotlin/cli/common/ModuleVisibilityHelperImpl
instanceKlass org/jetbrains/kotlin/descriptors/DescriptorVisibilities$12
instanceKlass org/jetbrains/kotlin/descriptors/DescriptorVisibilities$11
instanceKlass org/jetbrains/kotlin/descriptors/DescriptorVisibilities$10
instanceKlass org/jetbrains/kotlin/util/ModuleVisibilityHelper
instanceKlass org/jetbrains/kotlin/descriptors/DescriptorVisibility
instanceKlass org/jetbrains/kotlin/descriptors/Visibility
instanceKlass org/jetbrains/kotlin/descriptors/DescriptorVisibilities
instanceKlass org/jetbrains/kotlin/name/SpecialNames
instanceKlass org/jetbrains/kotlin/resolve/scopes/receivers/ReceiverValue
instanceKlass org/jetbrains/kotlin/resolve/scopes/receivers/Receiver
instanceKlass org/jetbrains/kotlin/descriptors/FunctionDescriptor$CopyBuilder
instanceKlass org/jetbrains/kotlin/descriptors/CallableMemberDescriptor$CopyBuilder
instanceKlass org/jetbrains/kotlin/descriptors/ClassConstructorDescriptor
instanceKlass org/jetbrains/kotlin/mpp/ConstructorSymbolMarker
instanceKlass org/jetbrains/kotlin/descriptors/ConstructorDescriptor
instanceKlass java/util/Formattable
instanceKlass java/util/Formatter$Flags
instanceKlass java/util/Formatter$FormatSpecifier
instanceKlass java/util/Formatter$Conversion
instanceKlass java/util/Formatter$FixedString
instanceKlass java/util/Formatter$FormatString
instanceKlass sun/util/locale/LocaleObjectCache
instanceKlass sun/util/locale/BaseLocale$Key
instanceKlass java/util/Formatter
instanceKlass org/jetbrains/kotlin/types/error/ErrorModuleDescriptor
instanceKlass org/jetbrains/kotlin/types/error/ErrorUtils
instanceKlass org/jetbrains/kotlin/types/TypeProjection
instanceKlass org/jetbrains/kotlin/types/model/TypeArgumentMarker
instanceKlass org/jetbrains/kotlin/types/TypeUtils
instanceKlass org/jetbrains/kotlin/descriptors/impl/AbstractClassDescriptor$1$1
instanceKlass org/jetbrains/kotlin/types/AbstractTypeRefiner
instanceKlass org/jetbrains/kotlin/types/checker/KotlinTypeRefinerKt
instanceKlass org/jetbrains/kotlin/resolve/descriptorUtil/DescriptorUtilsKt
instanceKlass org/jetbrains/kotlin/descriptors/FunctionDescriptor
instanceKlass org/jetbrains/kotlin/mpp/FunctionSymbolMarker
instanceKlass org/jetbrains/kotlin/descriptors/CallableMemberDescriptor
instanceKlass org/jetbrains/kotlin/resolve/DescriptorUtils
instanceKlass org/jetbrains/kotlin/resolve/scopes/MemberScopeImpl
instanceKlass org/jetbrains/kotlin/descriptors/SupertypeLoopChecker
instanceKlass org/jetbrains/kotlin/types/ClassifierBasedTypeConstructor
instanceKlass org/jetbrains/kotlin/descriptors/ReceiverParameterDescriptor
instanceKlass org/jetbrains/kotlin/descriptors/ParameterDescriptor
instanceKlass org/jetbrains/kotlin/descriptors/ValueDescriptor
instanceKlass org/jetbrains/kotlin/descriptors/CallableDescriptor
instanceKlass org/jetbrains/kotlin/mpp/CallableSymbolMarker
instanceKlass org/jetbrains/kotlin/descriptors/impl/AbstractClassDescriptor$3
instanceKlass org/jetbrains/kotlin/descriptors/impl/AbstractClassDescriptor$2
instanceKlass org/jetbrains/kotlin/descriptors/impl/AbstractClassDescriptor$1
instanceKlass org/jetbrains/kotlin/descriptors/Modality$Companion
instanceKlass org/jetbrains/kotlin/descriptors/impl/ModuleAwareClassDescriptor$Companion
instanceKlass org/jetbrains/kotlin/types/TypeConstructor
instanceKlass org/jetbrains/kotlin/types/model/TypeConstructorMarker
instanceKlass org/jetbrains/kotlin/resolve/scopes/MemberScope
instanceKlass org/jetbrains/kotlin/resolve/scopes/ResolutionScope
instanceKlass org/jetbrains/kotlin/descriptors/impl/ModuleAwareClassDescriptor
instanceKlass org/jetbrains/kotlin/descriptors/ClassDescriptor
instanceKlass org/jetbrains/kotlin/mpp/RegularClassSymbolMarker
instanceKlass org/jetbrains/kotlin/descriptors/ClassifierDescriptorWithTypeParameters
instanceKlass org/jetbrains/kotlin/mpp/ClassLikeSymbolMarker
instanceKlass org/jetbrains/kotlin/descriptors/Substitutable
instanceKlass org/jetbrains/kotlin/descriptors/MemberDescriptor
instanceKlass org/jetbrains/kotlin/descriptors/DeclarationDescriptorWithVisibility
instanceKlass org/jetbrains/kotlin/descriptors/PackageViewDescriptor
instanceKlass org/jetbrains/kotlin/renderer/KeywordStringsGenerated
instanceKlass org/jetbrains/kotlin/renderer/RenderingUtilsKt
instanceKlass org/jetbrains/kotlin/descriptors/ModuleDescriptor$DefaultImpls
instanceKlass org/jetbrains/kotlin/renderer/DescriptorRendererImpl$RenderDeclarationDescriptorVisitor
instanceKlass org/jetbrains/kotlin/descriptors/DeclarationDescriptorVisitor
instanceKlass org/jetbrains/kotlin/renderer/ClassifierNamePolicy$FULLY_QUALIFIED
instanceKlass org/jetbrains/kotlin/renderer/ClassifierNamePolicy$SHORT
instanceKlass org/jetbrains/kotlin/renderer/ExcludedTypeAnnotations
instanceKlass org/jetbrains/kotlin/renderer/DescriptorRenderer$ValueParametersHandler$DEFAULT
instanceKlass org/jetbrains/kotlin/renderer/DescriptorRenderer$ValueParametersHandler
instanceKlass org/jetbrains/kotlin/renderer/DescriptorRendererModifier$Companion
instanceKlass kotlin/properties/ObservableProperty
instanceKlass kotlin/properties/ReadWriteProperty
instanceKlass kotlin/properties/Delegates
instanceKlass org/jetbrains/kotlin/renderer/ClassifierNamePolicy$SOURCE_CODE_QUALIFIED
instanceKlass org/jetbrains/kotlin/renderer/ClassifierNamePolicy
instanceKlass org/jetbrains/kotlin/renderer/DescriptorRendererOptionsImpl
instanceKlass org/jetbrains/kotlin/renderer/DescriptorRendererOptions
instanceKlass org/jetbrains/kotlin/renderer/DescriptorRenderer$Companion
instanceKlass org/jetbrains/kotlin/renderer/DescriptorRenderer
instanceKlass org/jetbrains/kotlin/descriptors/SourceElement$1
instanceKlass org/jetbrains/kotlin/descriptors/SourceElement
instanceKlass org/jetbrains/kotlin/descriptors/PackageFragmentDescriptor
instanceKlass org/jetbrains/kotlin/descriptors/ClassOrPackageFragmentDescriptor
instanceKlass org/jetbrains/kotlin/builtins/jvm/JavaToKotlinClassMapper
instanceKlass org/jetbrains/kotlin/builtins/PlatformToKotlinClassMapper
instanceKlass org/jetbrains/kotlin/builtins/jvm/JvmBuiltInsCustomizer
instanceKlass org/jetbrains/kotlin/storage/StorageKt
instanceKlass org/jetbrains/kotlin/utils/CollectionsKt
instanceKlass org/jetbrains/kotlin/builtins/StandardNames$FqNames
instanceKlass org/jetbrains/kotlin/builtins/StandardNames
instanceKlass org/jetbrains/kotlin/builtins/jvm/JvmBuiltInClassDescriptorFactory$Companion
instanceKlass org/jetbrains/kotlin/builtins/jvm/JvmBuiltInClassDescriptorFactory
instanceKlass org/jetbrains/kotlin/builtins/functions/BuiltInFictitiousFunctionClassFactory
instanceKlass org/jetbrains/kotlin/descriptors/deserialization/ClassDescriptorFactory
instanceKlass org/jetbrains/kotlin/serialization/deserialization/builtins/BuiltInsResourceLoader
instanceKlass org/jetbrains/kotlin/serialization/deserialization/builtins/BuiltInsLoaderImpl
instanceKlass org/jetbrains/kotlin/builtins/BuiltInsLoader$Companion
instanceKlass org/jetbrains/kotlin/builtins/BuiltInsLoader
instanceKlass org/jetbrains/kotlin/cli/jvm/compiler/TopDownAnalyzerFacadeForJVM$SourceOrBinaryModuleClassResolver
instanceKlass org/jetbrains/kotlin/load/java/lazy/ModuleClassResolver
instanceKlass org/jetbrains/kotlin/modules/TargetId
instanceKlass org/jetbrains/kotlin/modules/TargetIdKt
instanceKlass org/jetbrains/kotlin/incremental/components/EnumWhenTracker$DoNothing
instanceKlass org/jetbrains/kotlin/incremental/components/EnumWhenTracker
instanceKlass org/jetbrains/kotlin/incremental/components/InlineConstTracker$DoNothing
instanceKlass org/jetbrains/kotlin/incremental/components/InlineConstTracker
instanceKlass org/jetbrains/kotlin/incremental/components/ExpectActualTracker$DoNothing
instanceKlass org/jetbrains/kotlin/incremental/components/ExpectActualTracker
instanceKlass org/jetbrains/kotlin/builtins/KotlinBuiltIns$4
instanceKlass org/jetbrains/kotlin/context/MutableModuleContextImpl
instanceKlass org/jetbrains/kotlin/context/MutableModuleContext
instanceKlass org/jetbrains/kotlin/context/ModuleContext
instanceKlass org/jetbrains/kotlin/descriptors/impl/PackageViewDescriptorFactory$Default
instanceKlass org/jetbrains/kotlin/descriptors/ModuleCapability
instanceKlass org/jetbrains/kotlin/descriptors/impl/PackageViewDescriptorFactory$Companion
instanceKlass org/jetbrains/kotlin/descriptors/impl/PackageViewDescriptorFactory
instanceKlass org/jetbrains/kotlin/descriptors/annotations/Annotations$Companion$EMPTY$1
instanceKlass org/jetbrains/kotlin/descriptors/annotations/Annotations$Companion
instanceKlass org/jetbrains/kotlin/descriptors/annotations/Annotations
instanceKlass org/jetbrains/kotlin/descriptors/annotations/AnnotatedImpl
instanceKlass org/jetbrains/kotlin/builtins/jvm/JvmBuiltIns$WhenMappings
instanceKlass org/jetbrains/kotlin/builtins/KotlinBuiltIns$3
instanceKlass org/jetbrains/kotlin/builtins/KotlinBuiltIns$2
instanceKlass org/jetbrains/kotlin/storage/LockBasedStorageManager$LockBasedLazyValue
instanceKlass org/jetbrains/kotlin/builtins/KotlinBuiltIns$1
instanceKlass org/jetbrains/kotlin/incremental/components/LookupLocation
instanceKlass org/jetbrains/kotlin/types/model/TypeArgumentListMarker
instanceKlass org/jetbrains/kotlin/types/model/SimpleTypeMarker
instanceKlass org/jetbrains/kotlin/types/KotlinType
instanceKlass org/jetbrains/kotlin/descriptors/ModuleDescriptor
instanceKlass org/jetbrains/kotlin/descriptors/deserialization/AdditionalClassPartsProvider
instanceKlass org/jetbrains/kotlin/descriptors/deserialization/PlatformDependentDeclarationFilter
instanceKlass org/jetbrains/kotlin/descriptors/ClassifierDescriptor
instanceKlass org/jetbrains/kotlin/mpp/ClassifierSymbolMarker
instanceKlass org/jetbrains/kotlin/descriptors/DeclarationDescriptorNonRoot
instanceKlass org/jetbrains/kotlin/descriptors/DeclarationDescriptorWithSource
instanceKlass org/jetbrains/kotlin/descriptors/DeclarationDescriptor
instanceKlass org/jetbrains/kotlin/mpp/DeclarationSymbolMarker
instanceKlass org/jetbrains/kotlin/descriptors/annotations/Annotated
instanceKlass org/jetbrains/kotlin/descriptors/ValidateableDescriptor
instanceKlass org/jetbrains/kotlin/descriptors/Named
instanceKlass org/jetbrains/kotlin/builtins/KotlinBuiltIns
instanceKlass org/jetbrains/kotlin/context/SimpleGlobalContext
instanceKlass org/jetbrains/kotlin/storage/ExceptionTracker
instanceKlass org/jetbrains/kotlin/context/ProjectContextImpl
instanceKlass org/jetbrains/kotlin/context/ProjectContext
instanceKlass org/jetbrains/kotlin/context/GlobalContext
instanceKlass org/jetbrains/kotlin/context/ContextKt
instanceKlass org/jetbrains/kotlin/platform/TargetPlatform
instanceKlass org/jetbrains/kotlin/platform/TargetPlatformKt
instanceKlass org/jetbrains/kotlin/platform/TargetPlatformVersion$NoVersion
instanceKlass org/jetbrains/kotlin/platform/SimplePlatform
instanceKlass org/jetbrains/kotlin/platform/jvm/JvmPlatforms
instanceKlass org/jetbrains/kotlin/resolve/TargetEnvironment$Companion
instanceKlass org/jetbrains/kotlin/resolve/TargetEnvironment
instanceKlass org/jetbrains/kotlin/com/intellij/psi/util/CachedValueProvider$Result
instanceKlass org/jetbrains/kotlin/com/intellij/util/CachedValueBase
instanceKlass org/jetbrains/kotlin/resolve/diagnostics/DiagnosticSuppressor$Companion
instanceKlass org/jetbrains/kotlin/resolve/diagnostics/DiagnosticSuppressor
instanceKlass org/jetbrains/kotlin/util/ExtensionProvider$Companion
instanceKlass org/jetbrains/kotlin/util/MappedExtensionProvider
instanceKlass org/jetbrains/kotlin/resolve/diagnostics/KotlinSuppressCache$Companion
instanceKlass org/jetbrains/kotlin/diagnostics/AbstractKotlinSuppressCache$Companion
instanceKlass org/jetbrains/kotlin/resolve/diagnostics/Diagnostics$Companion$EMPTY$1
instanceKlass org/jetbrains/kotlin/resolve/diagnostics/Diagnostics$Companion
instanceKlass org/jetbrains/kotlin/resolve/diagnostics/MutableDiagnosticsWithSuppression
instanceKlass org/jetbrains/kotlin/resolve/diagnostics/Diagnostics
instanceKlass org/jetbrains/kotlin/diagnostics/GenericDiagnostics
instanceKlass org/jetbrains/kotlin/util/slicedMap/WritableSlice
instanceKlass org/jetbrains/kotlin/resolve/BindingTraceContext$1
instanceKlass org/jetbrains/kotlin/resolve/CleanableBindingContext
instanceKlass org/jetbrains/kotlin/util/slicedMap/SlicedMapImpl
instanceKlass org/jetbrains/kotlin/resolve/BindingTraceFilter$Companion
instanceKlass org/jetbrains/kotlin/resolve/BindingTraceFilter
instanceKlass org/jetbrains/kotlin/diagnostics/DiagnosticSink$2
instanceKlass org/jetbrains/kotlin/diagnostics/DiagnosticSink$1
instanceKlass org/jetbrains/kotlin/util/slicedMap/ReadOnlySlice
instanceKlass org/jetbrains/kotlin/util/slicedMap/MutableSlicedMap
instanceKlass org/jetbrains/kotlin/util/slicedMap/SlicedMap
instanceKlass org/jetbrains/kotlin/diagnostics/AbstractKotlinSuppressCache
instanceKlass org/jetbrains/kotlin/resolve/BindingContext
instanceKlass org/jetbrains/kotlin/resolve/BindingTraceContext
instanceKlass org/jetbrains/kotlin/resolve/BindingTrace
instanceKlass org/jetbrains/kotlin/diagnostics/DiagnosticSink
instanceKlass org/jetbrains/kotlin/com/intellij/openapi/vfs/VirtualFileWithId
instanceKlass org/jetbrains/kotlin/com/intellij/openapi/vfs/VirtualFileSet
instanceKlass org/jetbrains/kotlin/com/intellij/openapi/vfs/VirtualFileVisitor
instanceKlass org/jetbrains/kotlin/com/intellij/openapi/vfs/VfsUtilCore
instanceKlass org/jetbrains/kotlin/cli/jvm/compiler/TopDownAnalyzerFacadeForJVM
instanceKlass org/jetbrains/kotlin/psi/KtOperationExpression
instanceKlass org/jetbrains/kotlin/BlockExpressionElementType$Companion
instanceKlass org/jetbrains/kotlin/com/intellij/psi/tree/IReparseableElementTypeBase
instanceKlass org/jetbrains/kotlin/com/intellij/psi/tree/ICompositeElementType
instanceKlass org/jetbrains/kotlin/KtNodeTypes
instanceKlass org/jetbrains/kotlin/com/intellij/lang/PsiParser
instanceKlass org/jetbrains/kotlin/kdoc/lexer/KDocTokens
instanceKlass org/jetbrains/kotlin/lexer/KtTokens
instanceKlass org/jetbrains/kotlin/diagnostics/PositioningStrategy
instanceKlass org/jetbrains/kotlin/diagnostics/PositioningStrategies
instanceKlass org/jetbrains/kotlin/diagnostics/DiagnosticFactory$Companion
instanceKlass org/jetbrains/kotlin/diagnostics/DiagnosticMarker
instanceKlass org/jetbrains/kotlin/diagnostics/UnboundDiagnostic
instanceKlass org/jetbrains/kotlin/diagnostics/DiagnosticFactory
instanceKlass org/jetbrains/kotlin/cli/common/messages/AnalyzerWithCompilerReport$Companion
instanceKlass org/jetbrains/kotlin/cli/common/messages/AnalyzerWithCompilerReport
instanceKlass org/jetbrains/kotlin/analyzer/AbstractAnalyzerWithCompilerReport
instanceKlass org/jetbrains/kotlin/load/kotlin/ModuleVisibilityManager$SERVICE
instanceKlass org/jetbrains/kotlin/cli/jvm/compiler/KotlinToJVMBytecodeCompiler
instanceKlass org/jetbrains/kotlin/com/intellij/injected/editor/DocumentWindow
instanceKlass org/jetbrains/kotlin/com/intellij/openapi/editor/impl/FrozenDocument
instanceKlass org/jetbrains/kotlin/com/intellij/util/text/ByteArrayCharSequence
instanceKlass org/jetbrains/kotlin/com/intellij/openapi/editor/impl/DocumentImpl$1
instanceKlass java/beans/PropertyChangeListener
instanceKlass java/beans/ChangeListenerMap
instanceKlass java/beans/PropertyChangeSupport
instanceKlass org/jetbrains/kotlin/com/intellij/openapi/editor/impl/IntervalTreeImpl$IntervalTreeGuide
instanceKlass org/jetbrains/kotlin/com/intellij/util/WalkingState$TreeGuide
instanceKlass org/jetbrains/kotlin/it/unimi/dsi/fastutil/longs/LongSet
instanceKlass org/jetbrains/kotlin/it/unimi/dsi/fastutil/longs/LongCollection
instanceKlass org/jetbrains/kotlin/it/unimi/dsi/fastutil/longs/LongIterable
instanceKlass org/jetbrains/kotlin/com/intellij/openapi/editor/impl/RedBlackTree$Node
instanceKlass org/jetbrains/kotlin/com/intellij/openapi/editor/ex/PrioritizedDocumentListener$1
instanceKlass org/jetbrains/kotlin/com/intellij/openapi/editor/ex/PrioritizedDocumentListener
instanceKlass org/jetbrains/kotlin/com/intellij/openapi/editor/ex/DocumentEx$1
instanceKlass org/jetbrains/kotlin/com/intellij/util/keyFMap/ArrayBackedFMap
instanceKlass org/jetbrains/kotlin/com/intellij/openapi/fileEditor/impl/LoadTextUtil$ConvertResult
instanceKlass sun/nio/cs/ThreadLocalCoders$Cache
instanceKlass sun/nio/cs/ThreadLocalCoders
instanceKlass org/jetbrains/kotlin/com/intellij/openapi/fileEditor/impl/LoadTextUtil$DetectResult
instanceKlass org/jetbrains/kotlin/com/intellij/openapi/vfs/CharsetToolkit
instanceKlass org/jetbrains/kotlin/com/intellij/openapi/fileEditor/impl/LoadTextUtil
instanceKlass org/jetbrains/kotlin/cli/jvm/compiler/JavaLanguageLevelKt
instanceKlass org/jetbrains/kotlin/config/AppendJavaSourceRootsHandlerKeyKt
instanceKlass org/jetbrains/kotlin/cli/jvm/compiler/CliVirtualFileFinderFactory
instanceKlass org/jetbrains/kotlin/load/kotlin/VirtualFileFinderFactory
instanceKlass org/jetbrains/kotlin/load/kotlin/MetadataFinderFactory
instanceKlass org/jetbrains/kotlin/cli/jvm/modules/CliJavaModuleResolver$Companion
instanceKlass org/jetbrains/kotlin/cli/jvm/modules/CliJavaModuleResolver
instanceKlass org/jetbrains/kotlin/resolve/jvm/modules/JavaModuleResolver
instanceKlass org/jetbrains/kotlin/load/java/JavaModuleAnnotationsProvider
instanceKlass org/jetbrains/kotlin/cli/jvm/index/SingleJavaFileRootsIndex
instanceKlass org/jetbrains/kotlin/cli/jvm/index/JvmDependenciesIndexImpl
instanceKlass java/util/concurrent/locks/ReentrantReadWriteLock$WriteLock
instanceKlass java/util/concurrent/locks/ReentrantReadWriteLock$ReadLock
instanceKlass java/util/concurrent/locks/ReentrantReadWriteLock
instanceKlass java/util/concurrent/locks/ReadWriteLock
instanceKlass org/jetbrains/kotlin/cli/jvm/index/JvmDependenciesDynamicCompoundIndex
instanceKlass org/jetbrains/kotlin/cli/jvm/index/JvmDependenciesIndex
instanceKlass org/jetbrains/kotlin/cli/jvm/compiler/ClasspathRootsResolver$RootsAndModules
instanceKlass kotlin/sequences/TransformingSequence$iterator$1
instanceKlass kotlin/sequences/FilteringSequence$iterator$1
instanceKlass kotlin/jvm/internal/ArrayIterator
instanceKlass kotlin/jvm/internal/ArrayIteratorKt
instanceKlass kotlin/sequences/FlatteningSequence$iterator$1
instanceKlass kotlin/sequences/FlatteningSequence
instanceKlass kotlin/collections/ArraysKt___ArraysKt$asSequence$$inlined$Sequence$1
instanceKlass kotlin/collections/CollectionsKt___CollectionsKt$asSequence$$inlined$Sequence$1
instanceKlass kotlin/sequences/FilteringSequence
instanceKlass kotlin/sequences/TransformingSequence
instanceKlass kotlin/sequences/EmptySequence
instanceKlass kotlin/sequences/DropTakeSequence
instanceKlass org/jetbrains/kotlin/cli/jvm/index/JavaRoot$RootTypes
instanceKlass org/jetbrains/kotlin/cli/jvm/index/JavaRoot
instanceKlass java/util/AbstractMap$SimpleEntry
instanceKlass org/jetbrains/kotlin/com/intellij/util/text/CharArrayExternalizable
instanceKlass org/jetbrains/kotlin/com/intellij/util/text/ImmutableCharSequence
instanceKlass org/jetbrains/kotlin/com/intellij/util/text/CharArrayUtil
instanceKlass org/jetbrains/kotlin/com/intellij/util/containers/FactoryMap
instanceKlass java/lang/invoke/MethodHandle$1
instanceKlass java/util/zip/ZipFile$ZipEntryIterator
instanceKlass org/jetbrains/kotlin/com/intellij/openapi/vfs/impl/ArchiveHandler$EntryInfo
instanceKlass org/jetbrains/kotlin/com/intellij/util/containers/ShareableKey
instanceKlass org/jetbrains/kotlin/com/intellij/util/containers/hash/LinkedHashMap$Entry
instanceKlass java/util/DualPivotQuicksort
instanceKlass org/jetbrains/kotlin/com/intellij/util/containers/hash/HashUtil
instanceKlass org/jetbrains/kotlin/com/intellij/util/containers/SLRUMap
instanceKlass org/jetbrains/kotlin/com/intellij/openapi/util/io/FileAttributes
instanceKlass org/jetbrains/kotlin/com/intellij/util/io/ResourceHandle
instanceKlass org/jetbrains/kotlin/com/intellij/util/io/FileAccessorCache
instanceKlass org/jetbrains/kotlin/com/intellij/util/containers/hash/EqualityPolicy
instanceKlass org/jetbrains/kotlin/com/intellij/openapi/vfs/impl/AddonlyKeylessHash$KeyValueMapper
instanceKlass org/jetbrains/kotlin/com/intellij/openapi/util/Pair
instanceKlass org/jetbrains/kotlin/cli/jvm/modules/JavaModuleGraph
instanceKlass org/jetbrains/kotlin/cli/jvm/compiler/ClasspathRootsResolver$Companion
instanceKlass org/jetbrains/kotlin/cli/jvm/compiler/ClasspathRootsResolver
instanceKlass org/jetbrains/kotlin/cli/jvm/modules/CliJavaModuleFinder
instanceKlass org/jetbrains/kotlin/resolve/jvm/modules/JavaModuleFinder
instanceKlass kotlin/comparisons/ComparisonsKt__ComparisonsKt
instanceKlass org/jetbrains/kotlin/com/intellij/openapi/util/io/FileUtil$2
instanceKlass org/jetbrains/kotlin/com/intellij/openapi/util/io/FileUtil$1
instanceKlass org/jetbrains/kotlin/com/intellij/util/text/CaseInsensitiveStringHashingStrategy
instanceKlass org/jetbrains/kotlin/com/intellij/openapi/util/io/FileUtilRt$SymlinkResolver
instanceKlass org/jetbrains/kotlin/com/intellij/util/indexing/IndexingDataKeys
instanceKlass org/jetbrains/kotlin/cli/jvm/compiler/KotlinCoreEnvironment$special$$inlined$sortBy$1
instanceKlass org/jetbrains/kotlin/psi/UserDataProperty
instanceKlass kotlin/reflect/jvm/internal/KPropertyImpl$Companion
instanceKlass kotlin/reflect/jvm/internal/KCallableImpl
instanceKlass kotlin/reflect/KMutableProperty$Setter
instanceKlass org/jetbrains/kotlin/resolve/multiplatform/IsCommonSourceKt
instanceKlass org/jetbrains/kotlin/com/intellij/psi/util/PsiUtilCore$NullPsiElement
instanceKlass org/jetbrains/kotlin/com/intellij/psi/util/PsiUtilCore
instanceKlass org/jetbrains/kotlin/com/intellij/psi/impl/source/FileTrees
instanceKlass org/jetbrains/kotlin/psi/stubs/KotlinScriptStub
instanceKlass org/jetbrains/kotlin/psi/stubs/KotlinPlaceHolderWithTextStub
instanceKlass org/jetbrains/kotlin/com/intellij/psi/tree/IReparseableLeafElementType
instanceKlass org/jetbrains/kotlin/com/intellij/psi/TokenType
instanceKlass org/jetbrains/kotlin/com/intellij/psi/LiteralTextEscaper
instanceKlass org/jetbrains/kotlin/com/intellij/psi/ContributedReferenceHost
instanceKlass org/jetbrains/kotlin/psi/stubs/KotlinCollectionLiteralExpressionStub
instanceKlass org/jetbrains/kotlin/psi/stubs/KotlinClassLiteralExpressionStub
instanceKlass org/jetbrains/kotlin/psi/KtDoubleColonExpression
instanceKlass org/jetbrains/kotlin/psi/stubs/KotlinConstantExpressionStub
instanceKlass org/jetbrains/kotlin/psi/stubs/elements/KtConstantExpressionElementType$Companion
instanceKlass org/jetbrains/kotlin/psi/stubs/KotlinContextReceiverStub
instanceKlass org/jetbrains/kotlin/psi/LambdaArgument
instanceKlass org/jetbrains/kotlin/psi/stubs/KotlinContractEffectStub
instanceKlass org/jetbrains/kotlin/psi/ValueArgumentName
instanceKlass org/jetbrains/kotlin/psi/stubs/KotlinValueArgumentStub
instanceKlass org/jetbrains/kotlin/psi/ValueArgument
instanceKlass org/jetbrains/kotlin/psi/stubs/KotlinEnumEntrySuperclassReferenceExpressionStub
instanceKlass org/jetbrains/kotlin/psi/KtQualifiedExpression
instanceKlass org/jetbrains/kotlin/psi/stubs/KotlinNameReferenceExpressionStub
instanceKlass org/jetbrains/kotlin/psi/stubs/KotlinTypeProjectionStub
instanceKlass org/jetbrains/kotlin/psi/KtSimpleNameExpression
instanceKlass org/jetbrains/kotlin/psi/KtReferenceExpression
instanceKlass org/jetbrains/kotlin/psi/stubs/impl/KotlinTypeBean
instanceKlass org/jetbrains/kotlin/types/model/KotlinTypeMarker
instanceKlass org/jetbrains/kotlin/psi/stubs/KotlinUserTypeStub
instanceKlass org/jetbrains/kotlin/psi/KtTypeElement
instanceKlass org/jetbrains/kotlin/psi/stubs/KotlinModifierListStub
instanceKlass org/jetbrains/kotlin/psi/stubs/KotlinImportAliasStub
instanceKlass org/jetbrains/kotlin/psi/KtImportInfo$ImportContent
instanceKlass org/jetbrains/kotlin/psi/KtImportInfo
instanceKlass org/jetbrains/kotlin/psi/stubs/KotlinImportDirectiveStub
instanceKlass org/jetbrains/kotlin/psi/KtAnnotationsContainer
instanceKlass org/jetbrains/kotlin/psi/stubs/KotlinAnnotationUseSiteTargetStub
instanceKlass org/jetbrains/kotlin/psi/KtCallElement
instanceKlass org/jetbrains/kotlin/psi/stubs/KotlinAnnotationEntryStub
instanceKlass org/jetbrains/kotlin/psi/stubs/KotlinTypeParameterStub
instanceKlass org/jetbrains/kotlin/psi/stubs/KotlinParameterStub
instanceKlass org/jetbrains/kotlin/psi/stubs/KotlinConstructorStub
instanceKlass org/jetbrains/kotlin/psi/KtAnonymousInitializer
instanceKlass org/jetbrains/kotlin/psi/stubs/KotlinPlaceHolderStub
instanceKlass org/jetbrains/kotlin/psi/stubs/KotlinObjectStub
instanceKlass org/jetbrains/kotlin/psi/stubs/KotlinTypeAliasStub
instanceKlass org/jetbrains/kotlin/psi/stubs/KotlinBackingFieldStub
instanceKlass org/jetbrains/kotlin/psi/stubs/KotlinPropertyAccessorStub
instanceKlass org/jetbrains/kotlin/psi/KtVariableDeclaration
instanceKlass org/jetbrains/kotlin/psi/KtValVarKeywordOwner
instanceKlass org/jetbrains/kotlin/psi/stubs/KotlinPropertyStub
instanceKlass org/jetbrains/kotlin/psi/KtFunction
instanceKlass org/jetbrains/kotlin/psi/KtDeclarationWithBody
instanceKlass org/jetbrains/kotlin/psi/KtCallableDeclaration
instanceKlass org/jetbrains/kotlin/psi/KtDeclarationWithInitializer
instanceKlass org/jetbrains/kotlin/psi/stubs/KotlinFunctionStub
instanceKlass org/jetbrains/kotlin/psi/stubs/KotlinCallableStubBase
instanceKlass org/jetbrains/kotlin/com/intellij/psi/impl/source/SubstrateRef
instanceKlass org/jetbrains/kotlin/psi/stubs/KotlinClassStub
instanceKlass org/jetbrains/kotlin/psi/stubs/KotlinClassOrObjectStub
instanceKlass org/jetbrains/kotlin/psi/stubs/KotlinStubWithFqName
instanceKlass org/jetbrains/kotlin/com/intellij/psi/stubs/NamedStub
instanceKlass org/jetbrains/kotlin/psi/stubs/KotlinClassifierStub
instanceKlass org/jetbrains/kotlin/com/intellij/psi/StubBasedPsiElement
instanceKlass org/jetbrains/kotlin/psi/KtTypeParameterListOwner
instanceKlass org/jetbrains/kotlin/psi/KtPureClassOrObject
instanceKlass org/jetbrains/kotlin/psi/KtClassLikeDeclaration
instanceKlass org/jetbrains/kotlin/psi/KtNamedDeclaration
instanceKlass org/jetbrains/kotlin/psi/KtStatementExpression
instanceKlass org/jetbrains/kotlin/psi/KtNamed
instanceKlass org/jetbrains/kotlin/psi/KtDeclaration
instanceKlass org/jetbrains/kotlin/psi/KtModifierListOwner
instanceKlass org/jetbrains/kotlin/psi/KtExpression
instanceKlass org/jetbrains/kotlin/psi/stubs/elements/KtStubElementTypes
instanceKlass org/jetbrains/kotlin/psi/stubs/elements/KtTokenSets
instanceKlass org/jetbrains/kotlin/com/intellij/psi/tree/TokenSet
instanceKlass org/jetbrains/kotlin/psi/KtFile$Companion
instanceKlass org/jetbrains/kotlin/com/intellij/psi/impl/source/StubbedSpine
instanceKlass org/jetbrains/kotlin/psi/KtDeclarationContainer
instanceKlass org/jetbrains/kotlin/psi/KtAnnotated
instanceKlass org/jetbrains/kotlin/psi/KtElement
instanceKlass org/jetbrains/kotlin/psi/KtPureElement
instanceKlass org/jetbrains/kotlin/com/intellij/psi/PsiModifiableCodeBlock
instanceKlass org/jetbrains/kotlin/com/intellij/psi/PsiClassOwner
instanceKlass org/jetbrains/kotlin/com/intellij/util/keyFMap/PairElementsFMap
instanceKlass java/util/function/UnaryOperator
instanceKlass org/jetbrains/kotlin/com/intellij/psi/AbstractFileViewProvider$VirtualFileContent
instanceKlass org/jetbrains/kotlin/com/intellij/psi/PsiLock
instanceKlass org/jetbrains/kotlin/com/intellij/psi/PsiLargeBinaryFile
instanceKlass org/jetbrains/kotlin/com/intellij/psi/PsiLargeFile
instanceKlass org/jetbrains/kotlin/com/intellij/psi/PsiBinaryFile
instanceKlass org/jetbrains/kotlin/com/intellij/psi/AbstractFileViewProvider$Content
instanceKlass org/jetbrains/kotlin/com/intellij/util/containers/ContainerUtilRt
instanceKlass org/jetbrains/kotlin/com/intellij/model/ModelBranch
instanceKlass org/jetbrains/kotlin/com/intellij/injected/editor/VirtualFileWindow
instanceKlass kotlin/collections/AbstractIterator$WhenMappings
instanceKlass kotlin/io/FileTreeWalk$WalkState
instanceKlass kotlin/collections/AbstractIterator
instanceKlass kotlin/io/FileTreeWalk
instanceKlass kotlin/io/FilePathComponents
instanceKlass org/jetbrains/kotlin/extensions/PreprocessedFileCreator
instanceKlass java/util/AbstractList$Itr
instanceKlass org/jetbrains/kotlin/com/intellij/openapi/util/KeyedExtensionCollector$MyExtensionPointListener
instanceKlass org/jetbrains/kotlin/cli/jvm/compiler/CoreEnvironmentUtilsKt
instanceKlass org/jetbrains/kotlin/resolve/lazy/declarations/DeclarationProviderFactoryService$Companion
instanceKlass org/jetbrains/kotlin/resolve/lazy/declarations/DeclarationProviderFactoryService
instanceKlass org/jetbrains/kotlin/com/intellij/diagnostic/Activity
instanceKlass org/jetbrains/kotlin/com/intellij/diagnostic/StartUpMeasurer
instanceKlass org/jetbrains/kotlin/cli/jvm/compiler/CliModuleAnnotationsResolver
instanceKlass org/jetbrains/kotlin/resolve/ModuleAnnotationsResolver
instanceKlass org/jetbrains/kotlin/resolve/jvm/KotlinJavaPsiFacade$2
instanceKlass org/jetbrains/kotlin/resolve/jvm/KotlinJavaPsiFacade$1
instanceKlass org/jetbrains/kotlin/com/intellij/psi/PsiModifierList
instanceKlass org/jetbrains/kotlin/resolve/jvm/NotFoundPackagesCachingStrategy$Default
instanceKlass org/jetbrains/kotlin/com/intellij/psi/impl/ElementBase$ElementIconRequest
instanceKlass org/jetbrains/kotlin/load/java/structure/JavaClass
instanceKlass org/jetbrains/kotlin/load/java/structure/JavaTypeParameterListOwner
instanceKlass org/jetbrains/kotlin/load/java/structure/JavaModifierListOwner
instanceKlass org/jetbrains/kotlin/load/java/structure/JavaClassifier
instanceKlass org/jetbrains/kotlin/load/java/structure/JavaNamedElement
instanceKlass org/jetbrains/kotlin/load/java/structure/JavaAnnotationOwner
instanceKlass org/jetbrains/kotlin/load/java/structure/JavaElement
instanceKlass org/jetbrains/kotlin/resolve/jvm/KotlinJavaPsiFacade$KotlinPsiElementFinderWrapperImpl
instanceKlass org/jetbrains/kotlin/resolve/jvm/KotlinJavaPsiFacade$KotlinPsiElementFinderWrapper
instanceKlass org/jetbrains/kotlin/resolve/jvm/NotFoundPackagesCachingStrategy
instanceKlass org/jetbrains/kotlin/resolve/jvm/KotlinJavaPsiFacade
instanceKlass org/jetbrains/kotlin/load/java/structure/impl/source/JavaElementSourceFactory
instanceKlass org/jetbrains/kotlin/cli/common/CliModuleVisibilityManagerImpl
instanceKlass org/jetbrains/kotlin/load/kotlin/ModuleVisibilityManager
instanceKlass org/jetbrains/kotlin/compiler/plugin/CompilerPluginRegistrarKt
instanceKlass org/jetbrains/kotlin/compiler/plugin/CompilerPluginRegistrar$ExtensionStorage
instanceKlass org/jetbrains/kotlin/com/intellij/psi/PsiTreeChangeAdapter
instanceKlass org/jetbrains/kotlin/com/intellij/psi/PsiTreeChangeListener
instanceKlass org/jetbrains/kotlin/incremental/components/LookupTracker$DO_NOTHING
instanceKlass org/jetbrains/kotlin/incremental/LookupTrackerImpl
instanceKlass com/google/devtools/ksp/DualLookupTracker
instanceKlass org/jetbrains/kotlin/incremental/components/LookupTracker
instanceKlass com/google/devtools/ksp/AbstractKotlinSymbolProcessingExtension$Companion
instanceKlass com/google/devtools/ksp/AbstractKotlinSymbolProcessingExtension
instanceKlass com/google/devtools/ksp/processing/impl/MessageCollectorBasedKSPLogger$Companion
instanceKlass com/google/devtools/ksp/processing/impl/MessageCollectorBasedKSPLogger
instanceKlass com/google/devtools/ksp/processing/KSPLogger
instanceKlass com/google/devtools/ksp/KspOptions
instanceKlass sun/net/www/protocol/jar/JarFileFactory
instanceKlass sun/net/www/protocol/jar/URLJarFile$URLJarFileCloseController
instanceKlass org/jetbrains/kotlin/config/KotlinCompilerVersion
instanceKlass org/jetbrains/kotlin/cli/jvm/config/JavaSourceRoot
instanceKlass java/util/Collections$UnmodifiableCollection$1
instanceKlass org/jetbrains/kotlin/fir/extensions/FirAnalysisHandlerExtension
instanceKlass org/jetbrains/kotlin/resolve/extensions/AssignResolutionAltererExtension
instanceKlass org/jetbrains/kotlin/extensions/AnnotationBasedExtension
instanceKlass org/jetbrains/kotlin/types/DefaultTypeAttributeTranslator
instanceKlass org/jetbrains/kotlin/types/extensions/TypeAttributeTranslators
instanceKlass org/jetbrains/kotlin/extensions/TypeAttributeTranslatorExtension
instanceKlass org/jetbrains/kotlin/types/TypeAttributeTranslator
instanceKlass org/jetbrains/kotlin/fir/extensions/FirExtensionRegistrarAdapter
instanceKlass org/jetbrains/kotlin/serialization/DescriptorSerializerPlugin
instanceKlass org/jetbrains/kotlin/extensions/internal/CallResolutionInterceptorExtension
instanceKlass org/jetbrains/kotlin/extensions/internal/CandidateInterceptor
instanceKlass org/jetbrains/kotlin/extensions/internal/TypeResolutionInterceptorExtension
instanceKlass org/jetbrains/kotlin/extensions/internal/TypeResolutionInterceptor
instanceKlass org/jetbrains/kotlin/cli/common/extensions/ShellExtension
instanceKlass org/jetbrains/kotlin/cli/common/extensions/ScriptEvaluationExtension
instanceKlass org/jetbrains/kotlin/backend/common/extensions/IrGenerationExtension
instanceKlass org/jetbrains/kotlin/ir/linkage/IrDeserializer$IrLinkerExtension
instanceKlass org/jetbrains/kotlin/resolve/extensions/ExtraImportsProviderExtension
instanceKlass org/jetbrains/kotlin/extensions/ProcessSourcesBeforeCompilingExtension
instanceKlass org/jetbrains/kotlin/extensions/CollectAdditionalSourcesExtension
instanceKlass org/jetbrains/kotlin/extensions/CompilerConfigurationExtension
instanceKlass org/jetbrains/kotlin/js/translate/extensions/JsSyntheticTranslateExtension
instanceKlass org/jetbrains/kotlin/extensions/PreprocessedVirtualFileFactoryExtension
instanceKlass org/jetbrains/kotlin/extensions/DeclarationAttributeAltererExtension
instanceKlass org/jetbrains/kotlin/extensions/StorageComponentContainerContributor
instanceKlass org/jetbrains/kotlin/resolve/jvm/extensions/PackageFragmentProviderExtension
instanceKlass org/jetbrains/kotlin/resolve/jvm/extensions/AnalysisHandlerExtension
instanceKlass org/jetbrains/kotlin/resolve/extensions/AnalysisHandlerExtension
instanceKlass org/jetbrains/kotlin/codegen/extensions/ClassFileFactoryFinalizerExtension
instanceKlass org/jetbrains/kotlin/backend/jvm/extensions/ClassGeneratorExtension
instanceKlass org/jetbrains/kotlin/codegen/extensions/ClassBuilderInterceptorExtension
instanceKlass org/jetbrains/kotlin/resolve/jvm/extensions/SyntheticJavaResolveExtension
instanceKlass org/jetbrains/kotlin/resolve/extensions/SyntheticResolveExtension
instanceKlass org/jetbrains/kotlin/extensions/ProjectExtensionDescriptor
instanceKlass org/jetbrains/kotlin/codegen/extensions/ExpressionCodegenExtension
instanceKlass org/jetbrains/kotlin/com/intellij/openapi/util/io/FileUtilRt$2
instanceKlass java/util/Random
instanceKlass java/util/random/RandomGenerator
instanceKlass org/jetbrains/kotlin/com/intellij/openapi/util/io/FileUtilRt$RepeatableIOOperation
instanceKlass java/nio/channels/WritableByteChannel
instanceKlass java/nio/channels/Channel
instanceKlass java/io/FileFilter
instanceKlass org/jetbrains/kotlin/com/intellij/openapi/util/io/FileUtilRt
instanceKlass org/jetbrains/kotlin/com/intellij/openapi/vfs/PersistentFSConstants
instanceKlass org/jetbrains/kotlin/com/intellij/psi/impl/source/DummyHolderFactory$DefaultFactory
instanceKlass org/jetbrains/kotlin/com/intellij/psi/impl/source/DummyHolderFactory
instanceKlass org/jetbrains/kotlin/com/intellij/psi/PsiImportHolder
instanceKlass org/jetbrains/kotlin/com/intellij/psi/impl/source/PsiFileWithStubSupport
instanceKlass org/jetbrains/kotlin/com/intellij/psi/impl/PsiFileEx
instanceKlass org/jetbrains/kotlin/com/intellij/openapi/ui/Queryable
instanceKlass org/jetbrains/kotlin/com/intellij/psi/impl/source/JavaDummyHolderFactory
instanceKlass org/jetbrains/kotlin/com/intellij/lang/jvm/facade/JvmFacadeImpl
instanceKlass org/jetbrains/kotlin/com/intellij/lang/jvm/facade/JvmFacade
instanceKlass org/jetbrains/kotlin/com/intellij/psi/impl/source/HolderFactory
instanceKlass org/jetbrains/kotlin/com/intellij/psi/PsiConstantEvaluationHelper
instanceKlass org/jetbrains/kotlin/com/intellij/psi/JavaPsiFacade
instanceKlass org/jetbrains/kotlin/cli/jvm/compiler/MockInferredAnnotationsManager$Companion
instanceKlass org/jetbrains/kotlin/com/intellij/codeInsight/InferredAnnotationsManager
instanceKlass org/jetbrains/kotlin/com/intellij/codeInsight/ExternalAnnotationsListener
instanceKlass org/jetbrains/kotlin/com/intellij/codeInsight/ExternalAnnotationsManager
instanceKlass org/jetbrains/kotlin/com/intellij/util/Processor
instanceKlass org/jetbrains/kotlin/asJava/finder/JavaElementFinder$Companion
instanceKlass org/jetbrains/kotlin/resolve/jvm/KotlinFinderMarker
instanceKlass org/jetbrains/kotlin/asJava/KotlinAsJavaSupport$Companion
instanceKlass org/jetbrains/kotlin/asJava/KotlinAsJavaSupport
instanceKlass org/jetbrains/kotlin/asJava/classes/ImplUtilsKt
instanceKlass org/jetbrains/kotlin/asJava/LightClassGenerationSupport$Companion
instanceKlass org/jetbrains/kotlin/asJava/LightClassGenerationSupport
instanceKlass org/jetbrains/kotlin/resolve/jvm/JvmCodeAnalyzerInitializer
instanceKlass org/jetbrains/kotlin/resolve/CodeAnalyzerInitializer
instanceKlass org/jetbrains/kotlin/com/intellij/psi/impl/JvmPsiConversionHelperImpl
instanceKlass org/jetbrains/kotlin/com/intellij/psi/JvmPsiConversionHelper
instanceKlass org/jetbrains/kotlin/com/intellij/util/containers/Interner
instanceKlass org/jetbrains/kotlin/utils/PlatformUtilsKt
instanceKlass org/jetbrains/kotlin/load/java/structure/impl/classFiles/BinaryClassSignatureParser
instanceKlass org/jetbrains/kotlin/com/intellij/openapi/util/RecursionManager$2
instanceKlass org/jetbrains/kotlin/com/intellij/util/containers/SoftKeySoftValueHashMap
instanceKlass org/jetbrains/kotlin/com/intellij/util/NotNullFunction
instanceKlass org/jetbrains/kotlin/com/intellij/util/NullableFunction
instanceKlass org/jetbrains/kotlin/com/intellij/psi/search/ProjectScope
instanceKlass gnu/trove/TObjectHash$NULL
instanceKlass gnu/trove/TObjectObjectProcedure
instanceKlass gnu/trove/THash
instanceKlass gnu/trove/TObjectHashingStrategy
instanceKlass gnu/trove/Equality
instanceKlass org/jetbrains/kotlin/cli/jvm/compiler/KotlinCliJavaFileManagerImpl$Companion
instanceKlass org/jetbrains/kotlin/com/intellij/core/CoreJavaFileManager
instanceKlass org/jetbrains/kotlin/resolve/jvm/KotlinCliJavaFileManager
instanceKlass org/jetbrains/kotlin/com/intellij/psi/controlFlow/ControlFlowFactory$1
instanceKlass org/jetbrains/kotlin/com/intellij/util/containers/ConcurrentWeakKeySoftValueHashMap$HardKey
instanceKlass org/jetbrains/kotlin/com/intellij/util/containers/ConcurrentWeakKeySoftValueHashMap$KeyReference
instanceKlass org/jetbrains/kotlin/com/intellij/util/containers/ConcurrentWeakKeySoftValueHashMap
instanceKlass org/jetbrains/kotlin/com/intellij/psi/controlFlow/ControlFlow
instanceKlass org/jetbrains/kotlin/com/intellij/psi/controlFlow/ControlFlowFactory
instanceKlass org/jetbrains/kotlin/com/intellij/psi/codeStyle/SuggestedNameInfo
instanceKlass org/jetbrains/kotlin/com/intellij/psi/codeStyle/JavaCodeStyleManager
instanceKlass org/jetbrains/kotlin/com/intellij/psi/codeStyle/JavaCodeStyleSettingsFacade
instanceKlass org/jetbrains/kotlin/com/intellij/psi/impl/source/resolve/JavaResolveCache$1
instanceKlass org/jetbrains/kotlin/com/intellij/psi/impl/source/resolve/JavaResolveCache
instanceKlass org/jetbrains/kotlin/com/intellij/util/lang/JavaVersion
instanceKlass org/jetbrains/kotlin/com/intellij/util/containers/ConcurrentRefValueHashMap$ValueReference
instanceKlass org/jetbrains/kotlin/com/intellij/util/containers/ConcurrentRefValueHashMap
instanceKlass sun/util/locale/LanguageTag
instanceKlass java/util/ResourceBundle$Control
instanceKlass org/jetbrains/kotlin/com/intellij/AbstractBundle
instanceKlass org/jetbrains/kotlin/com/intellij/openapi/roots/LanguageLevelProjectExtension$LanguageLevelChangeListener
instanceKlass org/jetbrains/kotlin/com/intellij/openapi/roots/LanguageLevelProjectExtension
instanceKlass org/jetbrains/kotlin/com/intellij/openapi/util/RecursionManager$CalculationStack
instanceKlass org/jetbrains/kotlin/com/intellij/openapi/util/RecursionGuard
instanceKlass org/jetbrains/kotlin/com/intellij/openapi/util/RecursionGuard$StackStamp
instanceKlass org/jetbrains/kotlin/com/intellij/openapi/util/RecursionManager
instanceKlass org/jetbrains/kotlin/com/intellij/psi/PsiInferenceHelper
instanceKlass org/jetbrains/kotlin/com/intellij/psi/scope/processor/FilterScopeProcessor
instanceKlass org/jetbrains/kotlin/com/intellij/psi/scope/PsiScopeProcessor
instanceKlass org/jetbrains/kotlin/com/intellij/psi/scope/NameHint
instanceKlass org/jetbrains/kotlin/com/intellij/psi/scope/ElementClassHint
instanceKlass org/jetbrains/kotlin/com/intellij/psi/impl/source/resolve/PsiResolveHelperImpl
instanceKlass org/jetbrains/kotlin/com/intellij/psi/PsiResolveHelper
instanceKlass org/jetbrains/kotlin/com/intellij/psi/impl/JavaPsiImplementationHelper
instanceKlass org/jetbrains/kotlin/com/intellij/psi/impl/PsiElementFactoryImpl$1
instanceKlass org/jetbrains/kotlin/com/intellij/psi/TypeAnnotationProvider$1
instanceKlass org/jetbrains/kotlin/com/intellij/psi/TypeAnnotationProvider$Static
instanceKlass org/jetbrains/kotlin/com/intellij/psi/TypeAnnotationProvider
instanceKlass org/jetbrains/kotlin/com/intellij/psi/PsiAnnotation
instanceKlass org/jetbrains/kotlin/com/intellij/lang/jvm/types/JvmPrimitiveTypeKind
instanceKlass org/jetbrains/kotlin/com/intellij/lang/jvm/JvmAnnotation
instanceKlass org/jetbrains/kotlin/com/intellij/lang/java/parser/JavaParserUtil$ParserWrapper
instanceKlass org/jetbrains/kotlin/com/intellij/psi/PsiImportStatementBase
instanceKlass org/jetbrains/kotlin/com/intellij/psi/PsiTypeElement
instanceKlass org/jetbrains/kotlin/com/intellij/psi/PsiReferenceExpression
instanceKlass org/jetbrains/kotlin/com/intellij/psi/PsiExpression
instanceKlass org/jetbrains/kotlin/com/intellij/psi/PsiCaseLabelElement
instanceKlass org/jetbrains/kotlin/com/intellij/psi/PsiAnnotationMemberValue
instanceKlass org/jetbrains/kotlin/com/intellij/psi/PsiJavaCodeReferenceElement
instanceKlass org/jetbrains/kotlin/com/intellij/psi/PsiQualifiedReferenceElement
instanceKlass org/jetbrains/kotlin/com/intellij/psi/PsiQualifiedReference
instanceKlass org/jetbrains/kotlin/com/intellij/psi/PsiJavaReference
instanceKlass org/jetbrains/kotlin/com/intellij/psi/PsiPolyVariantReference
instanceKlass org/jetbrains/kotlin/com/intellij/lang/jvm/types/JvmReferenceType
instanceKlass org/jetbrains/kotlin/com/intellij/lang/jvm/types/JvmPrimitiveType
instanceKlass org/jetbrains/kotlin/com/intellij/psi/PsiType
instanceKlass org/jetbrains/kotlin/com/intellij/psi/PsiAnnotationOwner
instanceKlass org/jetbrains/kotlin/com/intellij/lang/jvm/types/JvmType
instanceKlass org/jetbrains/kotlin/com/intellij/psi/impl/PsiJavaParserFacadeImpl
instanceKlass org/jetbrains/kotlin/com/intellij/psi/PsiElementFactory
instanceKlass org/jetbrains/kotlin/com/intellij/psi/PsiJavaParserFacade
instanceKlass org/jetbrains/kotlin/com/intellij/psi/JVMElementFactory
instanceKlass org/jetbrains/kotlin/com/intellij/lang/injection/InjectedLanguageManager
instanceKlass org/jetbrains/kotlin/com/intellij/mock/MockDumbUtil
instanceKlass org/jetbrains/kotlin/com/intellij/openapi/project/DumbUtil
instanceKlass org/jetbrains/kotlin/com/intellij/psi/search/impl/VirtualFileEnumeration
instanceKlass org/jetbrains/kotlin/com/intellij/psi/search/impl/VirtualFileEnumerationAware
instanceKlass org/jetbrains/kotlin/com/intellij/psi/search/SearchScope
instanceKlass org/jetbrains/kotlin/com/intellij/psi/search/ProjectAwareFileFilter
instanceKlass org/jetbrains/kotlin/com/intellij/psi/PsiDirectory
instanceKlass org/jetbrains/kotlin/com/intellij/psi/impl/file/PsiDirectoryFactory
instanceKlass org/jetbrains/kotlin/com/intellij/psi/util/CachedValue
instanceKlass org/jetbrains/kotlin/com/intellij/psi/util/ParameterizedCachedValue
instanceKlass org/jetbrains/kotlin/com/intellij/psi/impl/PsiCachedValuesFactory
instanceKlass org/jetbrains/kotlin/com/intellij/psi/util/CachedValueProvider
instanceKlass org/jetbrains/kotlin/com/intellij/psi/util/CachedValuesManager
instanceKlass org/jetbrains/kotlin/com/intellij/psi/impl/source/tree/TreeElementVisitor
instanceKlass org/jetbrains/kotlin/com/intellij/psi/PsiFileFactory
instanceKlass org/jetbrains/kotlin/com/intellij/psi/impl/PsiToDocumentSynchronizer
instanceKlass org/jetbrains/kotlin/com/intellij/psi/PsiRecursiveVisitor
instanceKlass org/jetbrains/kotlin/com/intellij/psi/PsiElementVisitor
instanceKlass org/jetbrains/kotlin/com/intellij/openapi/editor/event/DocumentListener
instanceKlass org/jetbrains/kotlin/com/intellij/psi/PsiDocumentManager
instanceKlass org/jetbrains/kotlin/com/intellij/core/MockDocumentCommitProcessor
instanceKlass org/jetbrains/kotlin/com/intellij/psi/impl/DocumentCommitProcessor
instanceKlass org/jetbrains/kotlin/com/intellij/psi/SmartPointerManager
instanceKlass org/jetbrains/kotlin/com/intellij/psi/impl/file/impl/FileManagerImpl$1
instanceKlass org/jetbrains/kotlin/com/intellij/openapi/util/Comparing
instanceKlass org/jetbrains/kotlin/com/intellij/openapi/fileTypes/CharsetUtil
instanceKlass org/jetbrains/kotlin/com/intellij/util/LocalTimeCounter
instanceKlass org/jetbrains/kotlin/com/intellij/openapi/extensions/ExtensionPointPriorityListener
instanceKlass org/jetbrains/kotlin/com/intellij/openapi/extensions/ExtensionPointUtil$1
instanceKlass org/jetbrains/kotlin/com/intellij/openapi/extensions/ExtensionPointUtil
instanceKlass org/jetbrains/kotlin/com/intellij/openapi/vfs/NonPhysicalFileSystem
instanceKlass org/jetbrains/kotlin/com/intellij/psi/impl/file/impl/FileManagerImpl
instanceKlass org/jetbrains/kotlin/com/intellij/psi/util/PsiModificationTracker$SERVICE
instanceKlass org/jetbrains/kotlin/com/intellij/openapi/util/NotNullFactory
instanceKlass org/jetbrains/kotlin/com/intellij/openapi/util/Factory
instanceKlass org/jetbrains/kotlin/com/intellij/openapi/vfs/VirtualFileFilter$2
instanceKlass org/jetbrains/kotlin/com/intellij/openapi/vfs/VirtualFileFilter$1
instanceKlass org/jetbrains/kotlin/com/intellij/openapi/vfs/VirtualFileFilter
instanceKlass org/jetbrains/kotlin/com/intellij/openapi/util/LowMemoryWatcher
instanceKlass org/jetbrains/kotlin/com/intellij/psi/impl/source/resolve/ResolveCache$1
instanceKlass org/jetbrains/kotlin/com/intellij/psi/impl/AnyPsiChangeListener
instanceKlass org/jetbrains/kotlin/com/intellij/psi/impl/file/impl/FileManager
instanceKlass org/jetbrains/kotlin/com/intellij/openapi/wm/ex/ProgressIndicatorEx
instanceKlass java/util/concurrent/atomic/AtomicReferenceArray
instanceKlass org/jetbrains/kotlin/com/intellij/psi/ResolveResult
instanceKlass org/jetbrains/kotlin/com/intellij/psi/impl/source/resolve/ResolveCache$StrongValueReference
instanceKlass org/jetbrains/kotlin/com/intellij/util/containers/ConcurrentWeakKeySoftValueHashMap$ValueReference
instanceKlass org/jetbrains/kotlin/com/intellij/psi/PsiReference
instanceKlass org/jetbrains/kotlin/com/intellij/psi/impl/source/resolve/ResolveCache$AbstractResolver
instanceKlass org/jetbrains/kotlin/com/intellij/psi/impl/source/resolve/ResolveCache
instanceKlass org/jetbrains/kotlin/com/intellij/psi/impl/PsiModificationTrackerImpl$1
instanceKlass org/jetbrains/kotlin/com/intellij/openapi/project/DumbService$DumbModeListener
instanceKlass org/jetbrains/kotlin/com/intellij/openapi/project/DumbService
instanceKlass org/jetbrains/kotlin/com/intellij/psi/util/PsiModificationTracker$Listener
instanceKlass org/jetbrains/kotlin/com/intellij/psi/impl/PsiModificationTrackerImpl
instanceKlass org/jetbrains/kotlin/com/intellij/psi/util/PsiModificationTracker
instanceKlass org/jetbrains/kotlin/com/intellij/lang/jvm/facade/JvmElementProvider
instanceKlass org/jetbrains/kotlin/com/intellij/psi/PsiElementFinder
instanceKlass org/jetbrains/kotlin/com/intellij/psi/impl/PsiTreeChangePreprocessor
instanceKlass org/jetbrains/kotlin/com/intellij/openapi/roots/PackageIndex
instanceKlass org/jetbrains/kotlin/com/intellij/psi/impl/file/impl/JavaFileManager
instanceKlass org/jetbrains/kotlin/com/intellij/psi/impl/ResolveScopeManager
instanceKlass org/jetbrains/kotlin/com/intellij/openapi/roots/FileIndexFacade
instanceKlass org/jetbrains/kotlin/com/intellij/psi/search/ProjectScopeBuilder
instanceKlass org/jetbrains/kotlin/com/intellij/util/CachedValuesFactory
instanceKlass org/jetbrains/kotlin/com/intellij/openapi/project/Project
instanceKlass org/jetbrains/kotlin/com/intellij/core/CoreProjectEnvironment
instanceKlass org/jetbrains/kotlin/cli/jvm/compiler/KotlinCoreEnvironment$Companion$getOrCreateApplicationEnvironment$1$2
instanceKlass org/jetbrains/kotlin/com/intellij/openapi/application/TransactionGuard
instanceKlass org/jetbrains/kotlin/com/intellij/psi/util/JavaClassSupers
instanceKlass org/jetbrains/kotlin/load/kotlin/KotlinBinaryClassCache$Companion
instanceKlass org/jetbrains/kotlin/load/kotlin/KotlinBinaryClassCache
instanceKlass org/jetbrains/kotlin/psi/stubs/KotlinFileStub
instanceKlass org/jetbrains/kotlin/parsing/KotlinParserDefinition$Companion
instanceKlass org/jetbrains/kotlin/parsing/KotlinParserDefinition
instanceKlass sun/invoke/util/VerifyAccess$1
instanceKlass javax/swing/Icon
instanceKlass org/jetbrains/kotlin/com/intellij/util/keyFMap/OneElementFMap
instanceKlass org/jetbrains/kotlin/com/intellij/openapi/extensions/impl/ExtensionProcessingHelper
instanceKlass org/jetbrains/kotlin/com/intellij/openapi/util/BuildNumber
instanceKlass org/jetbrains/kotlin/com/intellij/ide/plugins/PluginContentDescriptor$Companion
instanceKlass org/jetbrains/kotlin/com/intellij/ide/plugins/PluginContentDescriptor
instanceKlass org/jetbrains/kotlin/com/intellij/ide/plugins/IdeaPluginDescriptorImpl$Companion
instanceKlass org/jetbrains/kotlin/com/intellij/ide/plugins/IdeaPluginDescriptorImpl
instanceKlass org/jetbrains/kotlin/com/intellij/ide/plugins/IdeaPluginDescriptor
instanceKlass org/jetbrains/kotlin/org/codehaus/stax2/ri/typed/ValueDecoderFactory
instanceKlass org/jetbrains/kotlin/com/fasterxml/aalto/in/ByteBasedPNameTable$Bucket
instanceKlass org/jetbrains/kotlin/com/intellij/openapi/extensions/ExtensionPointDescriptor
instanceKlass org/jetbrains/kotlin/com/fasterxml/aalto/util/DataUtil
instanceKlass kotlin/_Assertions
instanceKlass org/jetbrains/kotlin/com/fasterxml/aalto/in/ElementScope
instanceKlass org/jetbrains/kotlin/com/fasterxml/aalto/in/ByteBasedPNameFactory
instanceKlass org/jetbrains/kotlin/com/intellij/ide/plugins/ModuleDependenciesDescriptor$Companion
instanceKlass org/jetbrains/kotlin/com/intellij/ide/plugins/ModuleDependenciesDescriptor
instanceKlass org/jetbrains/kotlin/com/intellij/ide/plugins/ContainerDescriptor
instanceKlass org/jetbrains/kotlin/com/intellij/ide/plugins/RawPluginDescriptor
instanceKlass org/jetbrains/kotlin/com/fasterxml/aalto/util/BufferRecycler
instanceKlass org/jetbrains/kotlin/com/fasterxml/aalto/util/NameTable
instanceKlass org/jetbrains/kotlin/com/fasterxml/aalto/util/XmlCharTypes
instanceKlass org/jetbrains/kotlin/com/fasterxml/aalto/in/AttributeCollector
instanceKlass org/jetbrains/kotlin/com/fasterxml/aalto/util/TextBuilder
instanceKlass org/jetbrains/kotlin/com/fasterxml/aalto/in/FixedNsContext
instanceKlass org/jetbrains/kotlin/com/fasterxml/aalto/in/NsBinding
instanceKlass org/jetbrains/kotlin/com/fasterxml/aalto/in/PName
instanceKlass org/jetbrains/kotlin/org/codehaus/stax2/XMLStreamLocation2
instanceKlass org/jetbrains/kotlin/org/codehaus/stax2/typed/TypedValueDecoder
instanceKlass org/jetbrains/kotlin/com/fasterxml/aalto/stax/StreamReaderImpl
instanceKlass org/jetbrains/kotlin/org/codehaus/stax2/XMLStreamReader2
instanceKlass org/jetbrains/kotlin/org/codehaus/stax2/typed/TypedXMLStreamReader
instanceKlass javax/xml/stream/XMLStreamReader
instanceKlass org/jetbrains/kotlin/org/codehaus/stax2/LocationInfo
instanceKlass org/jetbrains/kotlin/com/fasterxml/aalto/in/XmlScanner
instanceKlass javax/xml/stream/XMLStreamConstants
instanceKlass javax/xml/namespace/NamespaceContext
instanceKlass javax/xml/stream/Location
instanceKlass org/jetbrains/kotlin/com/fasterxml/aalto/in/InputBootstrapper
instanceKlass org/jetbrains/kotlin/com/fasterxml/aalto/util/UriCanonicalizer
instanceKlass org/jetbrains/kotlin/com/fasterxml/aalto/in/ReaderConfig$EncodingContext
instanceKlass org/jetbrains/kotlin/com/fasterxml/aalto/impl/CommonConfig
instanceKlass org/jetbrains/kotlin/com/intellij/openapi/util/StaxFactory
instanceKlass org/jetbrains/kotlin/com/intellij/ide/plugins/XmlReader
instanceKlass org/jetbrains/kotlin/com/intellij/ide/plugins/JavaZipFileDataLoader
instanceKlass org/jetbrains/kotlin/com/intellij/platform/util/plugins/DataLoader
instanceKlass org/jetbrains/kotlin/com/intellij/util/lang/ZipFilePool
instanceKlass org/jetbrains/kotlin/com/intellij/ide/plugins/DescriptorListLoadingContext$threadLocalXmlFactory$1
instanceKlass org/jetbrains/kotlin/com/intellij/util/PlatformUtils
instanceKlass org/jetbrains/kotlin/com/intellij/ide/plugins/PluginDescriptorLoader$createPluginLoadingResult$1
instanceKlass org/jetbrains/kotlin/com/intellij/ide/plugins/PluginManagerCore
instanceKlass org/jetbrains/kotlin/com/intellij/ide/plugins/PluginLoadingResult
instanceKlass org/jetbrains/kotlin/com/intellij/ide/plugins/DescriptorListLoadingContext
instanceKlass org/jetbrains/kotlin/com/intellij/ide/plugins/ReadModuleContext
instanceKlass org/jetbrains/kotlin/com/intellij/ide/plugins/PluginXmlPathResolver$Companion
instanceKlass org/jetbrains/kotlin/com/intellij/ide/plugins/PluginXmlPathResolver
instanceKlass org/jetbrains/kotlin/com/intellij/ide/plugins/PathResolver
instanceKlass org/jetbrains/kotlin/com/intellij/ide/plugins/PluginDescriptorLoader
instanceKlass org/jetbrains/kotlin/com/intellij/psi/JavaModuleSystem
instanceKlass org/jetbrains/kotlin/com/intellij/psi/impl/compiled/ClsCustomNavigationPolicy
instanceKlass org/jetbrains/kotlin/cli/jvm/compiler/IdeaExtensionPoints
instanceKlass org/jetbrains/kotlin/com/intellij/psi/impl/smartPointers/SmartPointerAnchorProvider
instanceKlass org/jetbrains/kotlin/com/intellij/codeInsight/runner/JavaMainMethodProvider
instanceKlass org/jetbrains/kotlin/com/intellij/openapi/util/NotNullLazyValue
instanceKlass org/jetbrains/kotlin/com/intellij/psi/augment/PsiAugmentProvider
instanceKlass org/jetbrains/kotlin/com/intellij/psi/meta/MetaDataContributor
instanceKlass org/jetbrains/kotlin/com/intellij/psi/FileContextProvider
instanceKlass org/jetbrains/kotlin/cli/jvm/compiler/DummyJavaFileCodeStyleFacadeFactory
instanceKlass org/jetbrains/kotlin/com/intellij/psi/codeStyle/JavaFileCodeStyleFacadeFactory
instanceKlass org/jetbrains/kotlin/com/intellij/psi/FileViewProvider
instanceKlass org/jetbrains/kotlin/com/intellij/psi/compiled/ClsStubBuilder
instanceKlass org/jetbrains/kotlin/com/intellij/psi/compiled/ClassFileDecompilers$Full
instanceKlass java/util/TimSort
instanceKlass java/util/Arrays$LegacyMergeSort
instanceKlass java/lang/Class$AnnotationData
instanceKlass org/jetbrains/kotlin/com/intellij/openapi/components/Service
instanceKlass org/jetbrains/kotlin/com/intellij/psi/compiled/ClassFileDecompilers
instanceKlass org/jetbrains/kotlin/com/intellij/psi/compiled/ClassFileDecompilers$Decompiler
instanceKlass org/jetbrains/kotlin/com/intellij/psi/util/MethodSignature
instanceKlass org/jetbrains/kotlin/com/intellij/openapi/application/QueryExecutorBase
instanceKlass org/jetbrains/kotlin/com/intellij/util/QueryExecutor
instanceKlass org/jetbrains/kotlin/com/intellij/psi/search/searches/SuperMethodsSearch$1
instanceKlass org/jetbrains/kotlin/com/intellij/openapi/extensions/SmartExtensionPoint
instanceKlass org/jetbrains/kotlin/com/intellij/util/Query
instanceKlass org/jetbrains/kotlin/com/intellij/util/QueryFactory
instanceKlass org/jetbrains/kotlin/com/intellij/openapi/util/registry/RegistryValue
instanceKlass org/jetbrains/kotlin/com/intellij/openapi/util/registry/Registry
instanceKlass org/jetbrains/kotlin/com/intellij/lang/folding/FoldingBuilderEx
instanceKlass org/jetbrains/kotlin/com/intellij/openapi/project/PossiblyDumbAware
instanceKlass org/jetbrains/kotlin/com/intellij/openapi/project/DumbAware
instanceKlass org/jetbrains/kotlin/com/intellij/lang/folding/FoldingBuilder
instanceKlass org/jetbrains/kotlin/com/intellij/codeInsight/folding/JavaCodeFoldingSettings
instanceKlass org/jetbrains/kotlin/com/intellij/psi/PsiParameter
instanceKlass org/jetbrains/kotlin/com/intellij/lang/jvm/JvmParameter
instanceKlass org/jetbrains/kotlin/com/intellij/psi/presentation/java/VariablePresentationProvider
instanceKlass org/jetbrains/kotlin/com/intellij/psi/PsiLocalVariable
instanceKlass org/jetbrains/kotlin/com/intellij/psi/presentation/java/FieldPresentationProvider
instanceKlass org/jetbrains/kotlin/com/intellij/psi/PsiField
instanceKlass org/jetbrains/kotlin/com/intellij/psi/PsiVariable
instanceKlass org/jetbrains/kotlin/com/intellij/lang/jvm/JvmField
instanceKlass org/jetbrains/kotlin/com/intellij/psi/presentation/java/MethodPresentationProvider
instanceKlass org/jetbrains/kotlin/com/intellij/psi/PsiMethod
instanceKlass org/jetbrains/kotlin/com/intellij/psi/PsiParameterListOwner
instanceKlass org/jetbrains/kotlin/com/intellij/lang/jvm/JvmMethod
instanceKlass org/jetbrains/kotlin/com/intellij/psi/presentation/java/ClassPresentationProvider
instanceKlass org/jetbrains/kotlin/com/intellij/psi/PsiClass
instanceKlass org/jetbrains/kotlin/com/intellij/psi/PsiTypeParameterListOwner
instanceKlass org/jetbrains/kotlin/com/intellij/psi/PsiJvmMember
instanceKlass org/jetbrains/kotlin/com/intellij/psi/PsiTarget
instanceKlass org/jetbrains/kotlin/com/intellij/psi/PsiNameIdentifierOwner
instanceKlass org/jetbrains/kotlin/com/intellij/psi/PsiDocCommentOwner
instanceKlass org/jetbrains/kotlin/com/intellij/psi/PsiMember
instanceKlass org/jetbrains/kotlin/com/intellij/psi/PsiJavaDocumentedElement
instanceKlass org/jetbrains/kotlin/com/intellij/pom/PomRenameableTarget
instanceKlass org/jetbrains/kotlin/com/intellij/pom/PomNamedTarget
instanceKlass org/jetbrains/kotlin/com/intellij/pom/PomTarget
instanceKlass org/jetbrains/kotlin/com/intellij/lang/jvm/JvmClass
instanceKlass org/jetbrains/kotlin/com/intellij/lang/jvm/JvmTypeParametersOwner
instanceKlass org/jetbrains/kotlin/com/intellij/lang/jvm/JvmMember
instanceKlass org/jetbrains/kotlin/com/intellij/lang/jvm/JvmTypeDeclaration
instanceKlass org/jetbrains/kotlin/com/intellij/navigation/ItemPresentation
instanceKlass org/jetbrains/kotlin/com/intellij/psi/presentation/java/PackagePresentationProvider
instanceKlass org/jetbrains/kotlin/com/intellij/navigation/ItemPresentationProvider
instanceKlass org/jetbrains/kotlin/com/intellij/psi/PsiPackage
instanceKlass org/jetbrains/kotlin/com/intellij/psi/PsiQualifiedNamedElement
instanceKlass org/jetbrains/kotlin/com/intellij/psi/PsiJvmModifiersOwner
instanceKlass org/jetbrains/kotlin/com/intellij/psi/PsiModifierListOwner
instanceKlass org/jetbrains/kotlin/com/intellij/lang/jvm/JvmModifiersOwner
instanceKlass org/jetbrains/kotlin/com/intellij/psi/PsiDirectoryContainer
instanceKlass org/jetbrains/kotlin/com/intellij/lang/jvm/JvmPackage
instanceKlass org/jetbrains/kotlin/com/intellij/lang/jvm/JvmNamedElement
instanceKlass org/jetbrains/kotlin/com/intellij/lang/jvm/JvmAnnotatedElement
instanceKlass org/jetbrains/kotlin/com/intellij/lang/jvm/JvmElement
instanceKlass org/jetbrains/kotlin/com/intellij/openapi/projectRoots/JavaVersionService
instanceKlass org/jetbrains/kotlin/com/intellij/psi/JavaDirectoryService
instanceKlass org/jetbrains/kotlin/com/intellij/psi/PsiSubstitutor
instanceKlass org/jetbrains/kotlin/com/intellij/psi/PsiSubstitutorFactory
instanceKlass org/jetbrains/kotlin/com/intellij/openapi/util/ModificationTracker$1
instanceKlass org/jetbrains/kotlin/com/intellij/psi/impl/file/PsiPackageImplementationHelper
instanceKlass org/jetbrains/kotlin/com/intellij/util/graph/InboundSemiGraph
instanceKlass org/jetbrains/kotlin/com/intellij/openapi/extensions/LoadingOrder
instanceKlass org/jetbrains/kotlin/com/intellij/codeInsight/JavaContainerProvider
instanceKlass org/jetbrains/kotlin/com/intellij/codeInsight/ContainerProvider
instanceKlass org/jetbrains/kotlin/com/intellij/psi/impl/PsiExpressionEvaluator
instanceKlass org/jetbrains/kotlin/com/intellij/psi/impl/ConstantExpressionEvaluator
instanceKlass org/jetbrains/kotlin/com/intellij/psi/stubs/IndexSink
instanceKlass org/jetbrains/kotlin/com/intellij/util/diff/FlyweightCapableTreeStructure
instanceKlass org/jetbrains/kotlin/com/intellij/psi/impl/java/stubs/PsiJavaFileStub
instanceKlass org/jetbrains/kotlin/com/intellij/psi/stubs/PsiClassHolderFileStub
instanceKlass org/jetbrains/kotlin/com/intellij/psi/stubs/LightStubBuilder
instanceKlass org/jetbrains/kotlin/com/intellij/psi/stubs/PsiFileStub
instanceKlass org/jetbrains/kotlin/com/intellij/psi/stubs/StubElement
instanceKlass org/jetbrains/kotlin/com/intellij/psi/stubs/Stub
instanceKlass org/jetbrains/kotlin/com/intellij/psi/StubBuilder
instanceKlass org/jetbrains/kotlin/com/intellij/openapi/util/ClearableLazyValue
instanceKlass org/jetbrains/kotlin/com/intellij/psi/stubs/StubSerializer
instanceKlass org/jetbrains/kotlin/com/intellij/psi/stubs/ObjectStubSerializer
instanceKlass org/jetbrains/kotlin/com/intellij/lang/java/JavaParserDefinition
instanceKlass org/jetbrains/kotlin/com/intellij/psi/javadoc/PsiDocTagValue
instanceKlass org/jetbrains/kotlin/com/intellij/psi/javadoc/PsiDocToken
instanceKlass org/jetbrains/kotlin/com/intellij/psi/PsiKeyword
instanceKlass org/jetbrains/kotlin/com/intellij/psi/PsiIdentifier
instanceKlass org/jetbrains/kotlin/com/intellij/psi/PsiJavaToken
instanceKlass org/jetbrains/kotlin/com/intellij/psi/impl/compiled/ClassFileStubBuilder
instanceKlass org/jetbrains/kotlin/com/intellij/psi/stubs/BinaryFileStubBuilder$CompositeBinaryFileStubBuilder
instanceKlass org/jetbrains/kotlin/com/intellij/psi/stubs/BinaryFileStubBuilder
instanceKlass org/jetbrains/kotlin/com/intellij/psi/ClassFileViewProviderFactory
instanceKlass org/jetbrains/kotlin/com/intellij/psi/FileViewProviderFactory
instanceKlass org/jetbrains/kotlin/com/intellij/openapi/util/Condition$3
instanceKlass org/jetbrains/kotlin/com/intellij/openapi/util/Condition$2
instanceKlass org/jetbrains/kotlin/com/intellij/openapi/util/Condition$1
instanceKlass org/jetbrains/kotlin/com/intellij/openapi/util/Condition
instanceKlass org/jetbrains/kotlin/com/intellij/openapi/util/Conditions
instanceKlass org/jetbrains/kotlin/com/intellij/psi/tree/IElementType$Predicate
instanceKlass org/jetbrains/kotlin/com/intellij/lexer/Lexer
instanceKlass org/jetbrains/kotlin/com/intellij/openapi/fileTypes/PlainTextParserDefinition
instanceKlass org/jetbrains/kotlin/com/intellij/lang/LanguageUtil
instanceKlass org/jetbrains/kotlin/com/intellij/psi/PsiPlainText
instanceKlass org/jetbrains/kotlin/com/intellij/lang/ASTFactory$DefaultFactoryHolder
instanceKlass org/jetbrains/kotlin/com/intellij/ide/highlighter/ArchiveFileType
instanceKlass java/util/concurrent/BlockingQueue
instanceKlass java/util/concurrent/ExecutorService
instanceKlass org/jetbrains/kotlin/com/intellij/util/ConcurrencyUtil
instanceKlass org/jetbrains/kotlin/com/intellij/openapi/fileTypes/LanguageFileType
instanceKlass org/jetbrains/kotlin/com/intellij/ide/highlighter/JavaClassFileType
instanceKlass org/jetbrains/kotlin/com/intellij/DynamicBundle$LanguageBundleEP
instanceKlass org/jetbrains/kotlin/com/intellij/util/pico/CachingConstructorInjectionComponentAdapter
instanceKlass org/jetbrains/kotlin/com/intellij/openapi/application/ApplicationInfo
instanceKlass org/jetbrains/kotlin/com/intellij/util/graph/GraphAlgorithms
instanceKlass org/jetbrains/kotlin/com/intellij/openapi/command/impl/CoreCommandProcessor$1
instanceKlass org/jetbrains/kotlin/com/intellij/openapi/command/CommandListener
instanceKlass org/jetbrains/kotlin/com/intellij/openapi/command/CommandToken
instanceKlass org/jetbrains/kotlin/com/intellij/openapi/command/CommandProcessor
instanceKlass org/jetbrains/kotlin/com/intellij/codeInsight/folding/CodeFoldingSettings
instanceKlass org/jetbrains/kotlin/com/intellij/util/ObjectUtils$Sentinel
instanceKlass org/jetbrains/kotlin/com/intellij/util/ObjectUtilsRt
instanceKlass org/jetbrains/kotlin/com/intellij/util/containers/ConcurrentIntObjectHashMap$CounterCell
instanceKlass org/jetbrains/kotlin/com/intellij/util/containers/ConcurrentLongObjectHashMap$Node
instanceKlass org/jetbrains/kotlin/com/intellij/util/containers/ConcurrentLongObjectMap$LongEntry
instanceKlass org/jetbrains/kotlin/com/intellij/util/containers/ConcurrentLongObjectHashMap
instanceKlass java/util/concurrent/Future
instanceKlass org/jetbrains/kotlin/com/intellij/openapi/progress/PerformInBackgroundOption
instanceKlass org/jetbrains/kotlin/com/intellij/openapi/progress/ProgressIndicator
instanceKlass org/jetbrains/kotlin/com/intellij/openapi/progress/Task
instanceKlass org/jetbrains/kotlin/com/intellij/openapi/progress/TaskInfo
instanceKlass org/jetbrains/kotlin/com/intellij/openapi/progress/Progressive
instanceKlass org/jetbrains/kotlin/com/intellij/psi/PsiReferenceService
instanceKlass org/jetbrains/kotlin/com/intellij/psi/stubs/ObjectStubTree
instanceKlass org/jetbrains/kotlin/com/intellij/psi/PsiFile
instanceKlass org/jetbrains/kotlin/com/intellij/psi/PsiFileSystemItem
instanceKlass org/jetbrains/kotlin/com/intellij/psi/PsiCheckedRenameElement
instanceKlass org/jetbrains/kotlin/com/intellij/psi/PsiNamedElement
instanceKlass org/jetbrains/kotlin/com/intellij/psi/NavigatablePsiElement
instanceKlass org/jetbrains/kotlin/com/intellij/psi/stubs/StubTreeLoader
instanceKlass org/jetbrains/kotlin/com/intellij/psi/PsiReferenceProviderBean
instanceKlass org/jetbrains/kotlin/com/intellij/psi/PsiReferenceContributor
instanceKlass org/jetbrains/kotlin/it/unimi/dsi/fastutil/doubles/Double2ObjectMap
instanceKlass org/jetbrains/kotlin/it/unimi/dsi/fastutil/doubles/Double2ObjectFunction
instanceKlass java/util/function/DoubleFunction
instanceKlass org/jetbrains/kotlin/com/intellij/psi/PsiReferenceRegistrar
instanceKlass org/jetbrains/kotlin/com/intellij/psi/PsiReferenceProvider
instanceKlass org/jetbrains/kotlin/com/intellij/psi/impl/source/resolve/reference/ReferenceProvidersRegistry
instanceKlass org/jetbrains/kotlin/com/intellij/lang/PsiBuilder
instanceKlass org/jetbrains/kotlin/com/intellij/openapi/util/UserDataHolderUnprotected
instanceKlass org/jetbrains/kotlin/com/intellij/lang/SyntaxTreeBuilder
instanceKlass org/jetbrains/kotlin/com/intellij/lang/PsiBuilderFactory
instanceKlass jdk/internal/reflect/UnsafeFieldAccessorFactory
instanceKlass sun/misc/Unsafe
instanceKlass org/jetbrains/kotlin/com/intellij/util/ReflectionUtil
instanceKlass org/jetbrains/kotlin/com/intellij/psi/CommonClassNames
instanceKlass org/jetbrains/kotlin/com/intellij/util/text/CharArrayCharSequence
instanceKlass org/jetbrains/kotlin/com/intellij/util/text/CharSequenceBackedByArray
instanceKlass org/jetbrains/kotlin/com/intellij/openapi/util/text/CharSequenceWithStringHash
instanceKlass org/jetbrains/kotlin/com/intellij/openapi/util/text/Strings
instanceKlass java/util/regex/ASCII
instanceKlass org/jetbrains/kotlin/com/intellij/openapi/util/text/StringUtilRt
instanceKlass org/jetbrains/kotlin/com/intellij/psi/impl/source/CharTableImpl
instanceKlass org/jetbrains/kotlin/com/intellij/psi/PsiLanguageInjectionHost
instanceKlass org/jetbrains/kotlin/com/intellij/psi/PsiComment
instanceKlass org/jetbrains/kotlin/com/intellij/model/psi/UrlReferenceHost
instanceKlass org/jetbrains/kotlin/com/intellij/model/psi/PsiExternalReferenceHost
instanceKlass org/jetbrains/kotlin/com/intellij/navigation/NavigationItem
instanceKlass org/jetbrains/kotlin/com/intellij/pom/Navigatable
instanceKlass org/jetbrains/kotlin/com/intellij/psi/PsiWhiteSpace
instanceKlass org/jetbrains/kotlin/com/intellij/psi/PsiElement
instanceKlass org/jetbrains/kotlin/com/intellij/psi/tree/ILazyParseableElementTypeBase
instanceKlass org/jetbrains/kotlin/com/intellij/psi/tree/IElementType
instanceKlass org/jetbrains/kotlin/com/intellij/lang/FileASTNode
instanceKlass org/jetbrains/kotlin/com/intellij/openapi/util/Iconable
instanceKlass org/jetbrains/kotlin/com/intellij/psi/impl/ReparseableASTNode
instanceKlass org/jetbrains/kotlin/com/intellij/lang/ASTNode
instanceKlass org/jetbrains/kotlin/com/intellij/util/CharTable
instanceKlass org/jetbrains/kotlin/com/intellij/lang/ASTFactory
instanceKlass org/jetbrains/kotlin/com/intellij/lang/DefaultASTFactory
instanceKlass org/jetbrains/kotlin/com/intellij/openapi/vfs/encoding/EncodingRegistry
instanceKlass java/util/Collections$UnmodifiableMap$UnmodifiableEntrySet$UnmodifiableEntry
instanceKlass java/util/Collections$UnmodifiableMap$UnmodifiableEntrySet$1
instanceKlass org/jetbrains/kotlin/com/intellij/serviceContainer/LazyExtensionInstance
instanceKlass org/jetbrains/kotlin/com/intellij/openapi/extensions/PluginAware
instanceKlass org/jetbrains/kotlin/com/intellij/util/KeyedLazyInstance
instanceKlass org/jetbrains/kotlin/com/intellij/openapi/vfs/impl/BulkVirtualFileListenerAdapter
instanceKlass org/jetbrains/kotlin/com/intellij/util/messages/impl/BaseBusConnection
instanceKlass org/jetbrains/kotlin/com/intellij/util/messages/impl/MessageBusImpl$MessageHandlerHolder
instanceKlass org/jetbrains/kotlin/com/intellij/openapi/vfs/newvfs/CachingVirtualFileSystem
instanceKlass java/util/concurrent/atomic/AtomicBoolean
instanceKlass java/util/concurrent/atomic/AtomicLongFieldUpdater$CASUpdater$1
instanceKlass java/util/concurrent/atomic/AtomicLongFieldUpdater
instanceKlass org/jetbrains/kotlin/com/intellij/openapi/vfs/newvfs/BulkFileListener
instanceKlass org/jetbrains/kotlin/com/intellij/util/messages/Topic
instanceKlass org/jetbrains/kotlin/com/intellij/openapi/vfs/VirtualFileManager
instanceKlass org/jetbrains/kotlin/com/intellij/openapi/util/EmptyRunnable
instanceKlass org/jetbrains/kotlin/com/intellij/openapi/extensions/ExtensionPointAdapter
instanceKlass org/jetbrains/kotlin/com/intellij/openapi/extensions/ExtensionPointAndAreaListener
instanceKlass org/jetbrains/kotlin/com/intellij/openapi/extensions/ExtensionPointListener
instanceKlass org/jetbrains/kotlin/com/intellij/openapi/extensions/impl/ExtensionComponentAdapter
instanceKlass org/jetbrains/kotlin/com/intellij/openapi/extensions/LoadingOrder$Orderable
instanceKlass org/jetbrains/kotlin/com/intellij/openapi/extensions/PluginId
instanceKlass org/jetbrains/kotlin/com/intellij/openapi/extensions/DefaultPluginDescriptor
instanceKlass org/jetbrains/kotlin/com/intellij/openapi/vfs/VirtualFileManagerListener
instanceKlass java/util/EventObject
instanceKlass org/jetbrains/kotlin/com/intellij/openapi/editor/ex/DocumentEx
instanceKlass org/jetbrains/kotlin/com/intellij/openapi/editor/Document
instanceKlass org/jetbrains/kotlin/com/intellij/openapi/fileEditor/FileDocumentManager
instanceKlass org/jetbrains/kotlin/cli/jvm/modules/CoreJrtFileSystem$Companion
instanceKlass org/jetbrains/kotlin/com/intellij/util/containers/ConcurrentFactoryMap
instanceKlass org/jetbrains/kotlin/com/intellij/openapi/vfs/impl/ArchiveHandler
instanceKlass org/jetbrains/kotlin/com/intellij/util/Function
instanceKlass org/jetbrains/kotlin/com/intellij/util/EventDispatcher
instanceKlass org/jetbrains/kotlin/com/intellij/openapi/vfs/VirtualFileListener
instanceKlass org/jetbrains/kotlin/com/intellij/openapi/extensions/BaseExtensionPointName
instanceKlass java/util/EventListener
instanceKlass org/jetbrains/kotlin/com/intellij/openapi/application/CachedSingletonsRegistry
instanceKlass org/jetbrains/kotlin/com/intellij/util/ArrayUtil
instanceKlass org/jetbrains/kotlin/com/intellij/util/ArrayFactory
instanceKlass org/jetbrains/kotlin/com/intellij/openapi/extensions/Extensions
instanceKlass org/jetbrains/kotlin/com/intellij/openapi/util/ObjectNode
instanceKlass org/jetbrains/kotlin/com/intellij/openapi/util/Disposer$CheckedDisposableImpl
instanceKlass org/jetbrains/kotlin/com/intellij/openapi/util/CheckedDisposable
instanceKlass org/jetbrains/kotlin/com/intellij/openapi/extensions/impl/ImplementationClassResolver
instanceKlass org/jetbrains/kotlin/com/intellij/openapi/extensions/impl/ExtensionPointImpl
instanceKlass org/jetbrains/kotlin/com/intellij/openapi/extensions/ExtensionPoint
instanceKlass org/jetbrains/kotlin/com/intellij/openapi/extensions/impl/ExtensionsAreaImpl
instanceKlass org/jetbrains/kotlin/com/intellij/util/pico/DefaultPicoContainer$InstanceComponentAdapter
instanceKlass org/jetbrains/kotlin/com/intellij/util/pico/DefaultPicoContainer$LinkedHashSetWrapper
instanceKlass org/jetbrains/kotlin/org/picocontainer/ComponentAdapter
instanceKlass org/jetbrains/kotlin/com/intellij/util/ArrayUtilRt
instanceKlass java/util/concurrent/ConcurrentLinkedQueue$Node
instanceKlass org/jetbrains/kotlin/com/intellij/util/messages/impl/MessageQueue
instanceKlass java/util/concurrent/Executor
instanceKlass org/jetbrains/kotlin/com/intellij/util/messages/impl/MessageBusImpl$MessagePublisher
instanceKlass org/jetbrains/kotlin/com/intellij/util/messages/MessageBusConnection
instanceKlass org/jetbrains/kotlin/com/intellij/util/messages/SimpleMessageBusConnection
instanceKlass org/jetbrains/kotlin/com/intellij/util/messages/impl/MessageBusImpl
instanceKlass org/jetbrains/kotlin/com/intellij/util/messages/impl/MessageBusEx
instanceKlass org/jetbrains/kotlin/com/intellij/util/messages/MessageBusFactory
instanceKlass org/jetbrains/kotlin/com/intellij/util/keyFMap/DebugFMap
instanceKlass org/jetbrains/kotlin/com/intellij/util/keyFMap/EmptyFMap
instanceKlass org/jetbrains/kotlin/com/intellij/util/keyFMap/KeyFMap
instanceKlass org/jetbrains/kotlin/com/intellij/openapi/application/ModalityState
instanceKlass org/jetbrains/kotlin/com/intellij/openapi/extensions/ExtensionsArea
instanceKlass org/jetbrains/kotlin/com/intellij/util/pico/DefaultPicoContainer
instanceKlass org/jetbrains/kotlin/org/picocontainer/MutablePicoContainer
instanceKlass org/jetbrains/kotlin/org/picocontainer/PicoContainer
instanceKlass org/jetbrains/kotlin/com/intellij/util/messages/MessageBus
instanceKlass org/jetbrains/kotlin/com/intellij/openapi/fileTypes/UnknownFileType
instanceKlass org/jetbrains/kotlin/com/intellij/util/containers/FastUtilCaseInsensitiveStringHashingStrategy
instanceKlass org/jetbrains/kotlin/com/intellij/util/containers/FastUtilHashingStrategies$1
instanceKlass org/jetbrains/kotlin/com/intellij/util/containers/FastUtilHashingStrategies$SerializableHashStrategy
instanceKlass org/jetbrains/kotlin/com/intellij/util/containers/FastUtilCharSequenceHashingStrategy
instanceKlass org/jetbrains/kotlin/com/intellij/util/containers/FastUtilHashingStrategies
instanceKlass org/jetbrains/kotlin/com/intellij/openapi/util/SystemInfoRt
instanceKlass org/jetbrains/kotlin/com/intellij/openapi/util/Getter
instanceKlass org/jetbrains/kotlin/com/intellij/ide/plugins/DisabledPluginsState
instanceKlass org/jetbrains/kotlin/cli/jvm/compiler/KotlinCoreApplicationEnvironment$Companion
instanceKlass org/jetbrains/kotlin/com/intellij/lang/ParserDefinition
instanceKlass org/jetbrains/kotlin/com/intellij/openapi/fileTypes/FileType
instanceKlass org/jetbrains/kotlin/com/intellij/concurrency/JobLauncher
instanceKlass org/jetbrains/kotlin/com/intellij/openapi/util/UserDataHolderEx
instanceKlass org/jetbrains/kotlin/com/intellij/util/messages/MessageBusOwner
instanceKlass org/jetbrains/kotlin/com/intellij/openapi/application/ex/ApplicationEx
instanceKlass org/jetbrains/kotlin/com/intellij/openapi/extensions/PluginDescriptor
instanceKlass org/jetbrains/kotlin/com/intellij/openapi/util/SimpleModificationTracker
instanceKlass org/jetbrains/kotlin/com/intellij/openapi/progress/ProgressIndicatorProvider
instanceKlass org/jetbrains/kotlin/com/intellij/openapi/vfs/VirtualFileSystem
instanceKlass org/jetbrains/kotlin/com/intellij/openapi/util/KeyedExtensionCollector
instanceKlass org/jetbrains/kotlin/com/intellij/openapi/util/ModificationTracker
instanceKlass org/jetbrains/kotlin/com/intellij/openapi/fileTypes/FileTypeRegistry
instanceKlass org/jetbrains/kotlin/com/intellij/openapi/application/Application
instanceKlass org/jetbrains/kotlin/com/intellij/openapi/components/ComponentManager
instanceKlass org/jetbrains/kotlin/com/intellij/openapi/util/UserDataHolder
instanceKlass org/jetbrains/kotlin/com/intellij/openapi/extensions/AreaInstance
instanceKlass org/jetbrains/kotlin/com/intellij/core/CoreApplicationEnvironment
instanceKlass org/jetbrains/kotlin/com/intellij/openapi/util/Disposer$2
instanceKlass org/jetbrains/kotlin/cli/jvm/compiler/KotlinCoreEnvironment$Companion
instanceKlass org/jetbrains/kotlin/cli/jvm/compiler/KotlinCoreEnvironment
instanceKlass org/jetbrains/kotlin/cli/jvm/config/JvmContentRootsKt
instanceKlass org/jetbrains/kotlin/cli/jvm/config/JvmClasspathRoot
instanceKlass org/jetbrains/kotlin/cli/jvm/config/JvmContentRoot
instanceKlass org/jetbrains/kotlin/cli/jvm/config/JvmClasspathRootBase
instanceKlass org/jetbrains/kotlin/cli/jvm/config/JvmContentRootBase
instanceKlass org/jetbrains/kotlin/cli/common/config/KotlinSourceRoot
instanceKlass org/jetbrains/kotlin/cli/common/config/ContentRoot
instanceKlass org/jetbrains/kotlin/cli/common/config/ContentRootsKt
instanceKlass org/jetbrains/kotlin/cli/jvm/compiler/KotlinToJVMBytecodeCompilerKt
instanceKlass org/jetbrains/kotlin/cli/common/modules/ModuleChunk
instanceKlass org/jetbrains/kotlin/cli/jvm/compiler/CliCompilerUtilsKt
instanceKlass org/jetbrains/kotlin/cli/common/modules/ModuleBuilder
instanceKlass org/jetbrains/kotlin/modules/Module
instanceKlass org/jetbrains/kotlin/cli/jvm/K2JVMCompilerKt
instanceKlass org/jetbrains/kotlin/config/JvmSerializeIrMode$Companion
instanceKlass org/jetbrains/kotlin/config/JvmAbiStability$Companion
instanceKlass com/google/devtools/ksp/KspOptionsKt$WhenMappings
instanceKlass com/google/devtools/ksp/KspOptionsKt
instanceKlass com/google/devtools/ksp/KspOptions$Builder
instanceKlass com/google/devtools/ksp/KotlinSymbolProcessingPluginKt
instanceKlass org/jetbrains/kotlin/com/intellij/util/containers/MultiMap
instanceKlass org/jetbrains/kotlin/compiler/plugin/CliOptionValue
instanceKlass java/util/regex/IntHashSet
instanceKlass java/util/regex/Matcher
instanceKlass java/util/regex/MatchResult
instanceKlass org/jetbrains/kotlin/compiler/plugin/CliOptionsKt
instanceKlass org/jetbrains/kotlin/compiler/plugin/AbstractCliOption
instanceKlass com/google/devtools/ksp/KotlinSymbolProcessingCommandLineProcessor
instanceKlass org/jetbrains/kotlin/compiler/plugin/CommandLineProcessor
instanceKlass org/jetbrains/kotlin/compiler/plugin/CompilerPluginRegistrar$Companion
instanceKlass org/jetbrains/kotlin/compiler/plugin/CompilerPluginRegistrar
instanceKlass org/jetbrains/kotlin/compiler/plugin/ComponentRegistrar$Companion
instanceKlass com/google/devtools/ksp/KotlinSymbolProcessingComponentRegistrar
instanceKlass java/io/FilePermissionCollection$1
instanceKlass java/io/FilePermission$1
instanceKlass jdk/internal/access/JavaIOFilePermissionAccess
instanceKlass sun/net/www/MessageHeader
instanceKlass java/net/URLClassLoader$1
instanceKlass java/io/RandomAccessFile$1
instanceKlass kotlin/io/LinesSequence$iterator$1
instanceKlass kotlin/io/LinesSequence
instanceKlass kotlin/io/TextStreamsKt
instanceKlass kotlin/io/FilesKt__FilePathComponentsKt
instanceKlass sun/nio/fs/WindowsUriSupport
instanceKlass org/jetbrains/kotlin/compiler/plugin/ComponentRegistrar
instanceKlass org/jetbrains/kotlin/util/ServiceLoaderLite
instanceKlass org/jetbrains/kotlin/cli/common/CLICompilerKt
instanceKlass org/jetbrains/kotlin/cli/jvm/plugins/PluginCliParser
instanceKlass org/jetbrains/kotlin/cli/plugins/PluginsOptionsParserKt
instanceKlass kotlin/collections/ArrayAsCollection
instanceKlass org/jetbrains/kotlin/backend/common/phaser/PhaseConfig
instanceKlass org/jetbrains/kotlin/backend/common/phaser/PhaseConfigurationService
instanceKlass org/jetbrains/kotlin/backend/common/phaser/PhaseConfigKt
instanceKlass org/jetbrains/kotlin/cli/common/CreatePhaseConfigKt
instanceKlass org/jetbrains/kotlin/backend/jvm/lower/ReflectiveAccessKt
instanceKlass org/jetbrains/kotlin/backend/jvm/lower/FragmentLocalFunctionPatchLoweringKt
instanceKlass org/jetbrains/kotlin/backend/jvm/lower/ResolveInlineCallsKt
instanceKlass org/jetbrains/kotlin/backend/jvm/lower/GenerateMultifileFacadesKt
instanceKlass org/jetbrains/kotlin/backend/jvm/lower/FileClassLoweringKt
instanceKlass org/jetbrains/kotlin/backend/jvm/lower/ScriptLoweringKt
instanceKlass org/jetbrains/kotlin/backend/jvm/lower/SerializeIrPhaseKt
instanceKlass org/jetbrains/kotlin/backend/jvm/lower/ProcessOptionalAnnotationsKt
instanceKlass org/jetbrains/kotlin/backend/jvm/lower/FragmentSharedVariablesLoweringKt
instanceKlass org/jetbrains/kotlin/backend/jvm/lower/ExternalPackageParentPatcherLoweringKt
instanceKlass org/jetbrains/kotlin/backend/jvm/lower/FakeLocalVariablesForIrInlinerLoweringKt
instanceKlass org/jetbrains/kotlin/backend/jvm/lower/FakeLocalVariablesForBytecodeInlinerLoweringKt
instanceKlass org/jetbrains/kotlin/backend/jvm/lower/RenameFieldsLoweringKt
instanceKlass org/jetbrains/kotlin/backend/jvm/lower/ReplaceNumberToCharCallSitesLoweringKt
instanceKlass org/jetbrains/kotlin/backend/jvm/lower/AddSuperQualifierToJavaFieldAccessLoweringKt
instanceKlass org/jetbrains/kotlin/backend/jvm/lower/MakePropertyDelegateMethodsStaticLoweringKt
instanceKlass org/jetbrains/kotlin/backend/jvm/lower/ReplaceKFunctionInvokeWithFunctionInvokeKt
instanceKlass org/jetbrains/kotlin/backend/jvm/lower/TypeOperatorLoweringKt
instanceKlass org/jetbrains/kotlin/backend/jvm/lower/RecordEnclosingMethodsLoweringKt
instanceKlass org/jetbrains/kotlin/backend/jvm/lower/RepeatedAnnotationLoweringKt
instanceKlass org/jetbrains/kotlin/backend/jvm/lower/AdditionalClassAnnotationLoweringKt
instanceKlass org/jetbrains/kotlin/backend/jvm/lower/JvmOptimizationLoweringKt
instanceKlass org/jetbrains/kotlin/backend/jvm/lower/JvmSafeCallChainFoldingLoweringKt
instanceKlass org/jetbrains/kotlin/backend/jvm/lower/ToArrayLoweringKt
instanceKlass org/jetbrains/kotlin/backend/jvm/lower/JvmArgumentNullabilityAssertionsLoweringKt
instanceKlass org/jetbrains/kotlin/backend/jvm/lower/BridgeLoweringKt
instanceKlass org/jetbrains/kotlin/backend/jvm/lower/FunctionNVarargBridgeLoweringKt
instanceKlass org/jetbrains/kotlin/backend/jvm/lower/UniqueLoopLabelsLoweringKt
instanceKlass org/jetbrains/kotlin/backend/jvm/lower/EnumExternalEntriesLoweringKt
instanceKlass org/jetbrains/kotlin/backend/jvm/lower/EnumClassLoweringKt
instanceKlass org/jetbrains/kotlin/backend/jvm/lower/AddContinuationLoweringKt
instanceKlass org/jetbrains/kotlin/backend/jvm/lower/TailCallOptimizationLoweringKt
instanceKlass org/jetbrains/kotlin/backend/jvm/lower/InheritedDefaultMethodsOnClassesLoweringKt
instanceKlass org/jetbrains/kotlin/backend/jvm/lower/JvmStringConcatenationLoweringKt
instanceKlass org/jetbrains/kotlin/backend/common/lower/FlattenStringConcatenationLoweringKt
instanceKlass org/jetbrains/kotlin/backend/jvm/lower/JvmDefaultConstructorLoweringKt
instanceKlass org/jetbrains/kotlin/backend/jvm/lower/StaticCallableReferenceLoweringKt
instanceKlass org/jetbrains/kotlin/backend/jvm/lower/SingletonReferencesLoweringKt
instanceKlass org/jetbrains/kotlin/backend/jvm/lower/MappedEnumWhenLoweringKt
instanceKlass org/jetbrains/kotlin/backend/jvm/lower/JvmInlineClassLoweringKt
instanceKlass org/jetbrains/kotlin/backend/jvm/lower/JvmMultiFieldValueClassLoweringKt
instanceKlass org/jetbrains/kotlin/backend/jvm/lower/JvmSingleAbstractMethodLoweringKt
instanceKlass org/jetbrains/kotlin/backend/jvm/lower/CollectionStubMethodLoweringKt
instanceKlass org/jetbrains/kotlin/backend/common/lower/loops/ForLoopsLoweringKt
instanceKlass org/jetbrains/kotlin/backend/common/lower/RangeContainsLoweringKt
instanceKlass org/jetbrains/kotlin/backend/jvm/lower/JvmBuiltInsLoweringKt
instanceKlass org/jetbrains/kotlin/backend/jvm/lower/AnonymousObjectSuperConstructorLoweringKt
instanceKlass org/jetbrains/kotlin/backend/jvm/lower/MoveCompanionObjectFieldsLoweringKt
instanceKlass org/jetbrains/kotlin/backend/jvm/lower/PropertyReferenceLoweringKt
instanceKlass org/jetbrains/kotlin/backend/jvm/lower/SingletonOrConstantDelegationLoweringKt
instanceKlass org/jetbrains/kotlin/backend/jvm/lower/PropertyReferenceDelegationLoweringKt
instanceKlass org/jetbrains/kotlin/backend/jvm/lower/SuspendLambdaLoweringKt
instanceKlass org/jetbrains/kotlin/backend/jvm/lower/RemoveDuplicatedInlinedLocalClassesLoweringKt
instanceKlass org/jetbrains/kotlin/backend/jvm/lower/JvmInventNamesForLocalClassesKt
instanceKlass org/jetbrains/kotlin/backend/jvm/lower/JvmLateinitLoweringKt
instanceKlass org/jetbrains/kotlin/builtins/PrimitiveType$Companion
instanceKlass sun/reflect/misc/ReflectUtil
instanceKlass java/util/concurrent/atomic/AtomicReferenceFieldUpdater$AtomicReferenceFieldUpdaterImpl$1
instanceKlass java/util/concurrent/atomic/AtomicReferenceFieldUpdater
instanceKlass kotlin/SafePublicationLazyImpl$Companion
instanceKlass kotlin/SafePublicationLazyImpl
instanceKlass kotlin/LazyKt__LazyJVMKt$WhenMappings
instanceKlass org/jetbrains/kotlin/backend/jvm/lower/VarargLoweringKt
instanceKlass org/jetbrains/kotlin/backend/jvm/lower/PolymorphicSignatureLoweringKt
instanceKlass org/jetbrains/kotlin/backend/jvm/lower/JvmAnnotationImplementationTransformerKt
instanceKlass org/jetbrains/kotlin/backend/jvm/lower/AnnotationLoweringKt
instanceKlass org/jetbrains/kotlin/backend/jvm/lower/MainMethodGenerationLoweringKt
instanceKlass org/jetbrains/kotlin/backend/jvm/lower/JvmOverloadsAnnotationLoweringKt
instanceKlass org/jetbrains/kotlin/backend/jvm/lower/TypeAliasAnnotationMethodsLoweringKt
instanceKlass org/jetbrains/kotlin/backend/jvm/lower/CreateSeparateCallForInlinedLambdasLoweringKt
instanceKlass org/jetbrains/kotlin/backend/jvm/lower/MarkNecessaryInlinedClassesAsRegeneratedLoweringKt
instanceKlass org/jetbrains/kotlin/ir/declarations/IrTypeParametersContainer
instanceKlass org/jetbrains/kotlin/ir/declarations/IrReturnTarget
instanceKlass org/jetbrains/kotlin/ir/declarations/IrDeclarationParent
instanceKlass org/jetbrains/kotlin/ir/declarations/IrPossiblyExternalDeclaration
instanceKlass org/jetbrains/kotlin/ir/declarations/IrOverridableDeclaration
instanceKlass org/jetbrains/kotlin/ir/declarations/IrOverridableMember
instanceKlass org/jetbrains/kotlin/ir/declarations/IrDeclarationWithVisibility
instanceKlass org/jetbrains/kotlin/ir/declarations/IrMetadataSourceOwner
instanceKlass org/jetbrains/kotlin/ir/declarations/IrMemberWithContainerSource
instanceKlass org/jetbrains/kotlin/ir/declarations/IrDeclarationWithName
instanceKlass org/jetbrains/kotlin/ir/declarations/IrAttributeContainer
instanceKlass org/jetbrains/kotlin/ir/IrElementBase
instanceKlass org/jetbrains/kotlin/ir/declarations/IrDeclaration
instanceKlass org/jetbrains/kotlin/ir/declarations/IrSymbolOwner
instanceKlass org/jetbrains/kotlin/ir/declarations/IrMutableAnnotationContainer
instanceKlass org/jetbrains/kotlin/ir/declarations/IrAnnotationContainer
instanceKlass org/jetbrains/kotlin/ir/IrStatement
instanceKlass org/jetbrains/kotlin/ir/IrElement
instanceKlass org/jetbrains/kotlin/backend/jvm/lower/JvmStaticAnnotationLoweringKt
instanceKlass org/jetbrains/kotlin/backend/jvm/lower/StaticDefaultFunctionLoweringKt
instanceKlass org/jetbrains/kotlin/backend/jvm/lower/ObjectClassLoweringKt
instanceKlass org/jetbrains/kotlin/backend/jvm/lower/DirectInvokeLoweringKt
instanceKlass org/jetbrains/kotlin/backend/jvm/lower/AssertionLoweringKt
instanceKlass org/jetbrains/kotlin/backend/jvm/lower/InlineCallableReferenceToLambdaKt
instanceKlass org/jetbrains/kotlin/backend/common/lower/SharedVariablesLoweringKt
instanceKlass org/jetbrains/kotlin/backend/jvm/lower/FunctionReferenceLoweringKt
instanceKlass org/jetbrains/kotlin/backend/common/lower/PropertiesLowering$Companion
instanceKlass org/jetbrains/kotlin/backend/common/lower/PropertiesLowering
instanceKlass org/jetbrains/kotlin/backend/common/DeclarationTransformer
instanceKlass org/jetbrains/kotlin/backend/common/FileLoweringPass
instanceKlass org/jetbrains/kotlin/backend/common/phaser/ModuleLoweringPhaseAdapter
instanceKlass org/jetbrains/kotlin/backend/common/phaser/CustomPhaseAdapter
instanceKlass org/jetbrains/kotlin/backend/jvm/JvmLowerKt
instanceKlass org/jetbrains/kotlin/backend/common/phaser/CompositePhase
instanceKlass org/jetbrains/kotlin/backend/common/phaser/PerformByIrFilePhase
instanceKlass org/jetbrains/kotlin/backend/common/phaser/PerformByIrFileKt
instanceKlass org/jetbrains/kotlin/backend/common/phaser/FileLoweringPhaseAdapter
instanceKlass org/jetbrains/kotlin/backend/common/phaser/CompilerPhaseKt
instanceKlass org/jetbrains/kotlin/backend/common/phaser/DumperVerifierKt
instanceKlass kotlin/jvm/functions/Function3
instanceKlass org/jetbrains/kotlin/backend/common/phaser/PhaseBuildersKt
instanceKlass kotlin/collections/SetsKt__SetsJVMKt
instanceKlass org/jetbrains/kotlin/backend/jvm/JvmPhasesKt$generateAdditionalClassesPhase$1
instanceKlass org/jetbrains/kotlin/backend/common/phaser/SameTypeCompilerPhase
instanceKlass org/jetbrains/kotlin/backend/common/phaser/AbstractNamedCompilerPhase
instanceKlass org/jetbrains/kotlin/backend/common/phaser/CompilerPhase
instanceKlass org/jetbrains/kotlin/backend/jvm/JvmPhasesKt
instanceKlass org/jetbrains/kotlin/cli/common/environment/UtilKt
instanceKlass org/jetbrains/kotlin/com/intellij/openapi/util/Disposer$1
instanceKlass org/jetbrains/kotlin/com/intellij/util/containers/CanonicalHashingStrategy
instanceKlass org/jetbrains/kotlin/com/intellij/util/containers/ConcurrentRefHashMap$2
instanceKlass org/jetbrains/kotlin/com/intellij/util/containers/ConcurrentRefHashMap$HardKey
instanceKlass org/jetbrains/kotlin/com/intellij/util/containers/ConcurrentRefHashMap$KeyReference
instanceKlass org/jetbrains/kotlin/it/unimi/dsi/fastutil/objects/Object2ObjectMap$FastEntrySet
instanceKlass org/jetbrains/kotlin/it/unimi/dsi/fastutil/objects/AbstractObject2ObjectFunction
instanceKlass org/jetbrains/kotlin/it/unimi/dsi/fastutil/objects/Object2ObjectMap
instanceKlass org/jetbrains/kotlin/it/unimi/dsi/fastutil/objects/Object2ObjectFunction
instanceKlass org/jetbrains/kotlin/com/intellij/util/containers/RefHashMap$HardKey
instanceKlass org/jetbrains/kotlin/com/intellij/util/containers/RefHashMap$Key
instanceKlass org/jetbrains/kotlin/com/intellij/util/containers/IdentityHashingStrategy
instanceKlass org/jetbrains/kotlin/com/intellij/util/containers/HashingStrategy
instanceKlass org/jetbrains/kotlin/it/unimi/dsi/fastutil/Hash$Strategy
instanceKlass org/jetbrains/kotlin/com/intellij/util/containers/CollectionFactory
instanceKlass org/jetbrains/kotlin/it/unimi/dsi/fastutil/objects/Reference2ObjectMap$FastEntrySet
instanceKlass org/jetbrains/kotlin/it/unimi/dsi/fastutil/objects/AbstractReference2ObjectFunction
instanceKlass org/jetbrains/kotlin/it/unimi/dsi/fastutil/objects/Reference2ObjectMap
instanceKlass org/jetbrains/kotlin/it/unimi/dsi/fastutil/objects/Reference2ObjectFunction
instanceKlass java/util/stream/Collectors$CollectorImpl
instanceKlass java/util/stream/Collectors
instanceKlass java/util/stream/Collector
instanceKlass java/util/function/BinaryOperator
instanceKlass java/util/function/BiConsumer
instanceKlass org/jetbrains/kotlin/it/unimi/dsi/fastutil/objects/ObjectSpliterator
instanceKlass org/jetbrains/kotlin/it/unimi/dsi/fastutil/objects/ObjectIterator
instanceKlass org/jetbrains/kotlin/it/unimi/dsi/fastutil/objects/ReferenceSet
instanceKlass org/jetbrains/kotlin/it/unimi/dsi/fastutil/objects/ReferenceCollection
instanceKlass org/jetbrains/kotlin/com/intellij/openapi/util/ObjectTree
instanceKlass org/jetbrains/kotlin/com/intellij/openapi/util/Disposer
instanceKlass org/jetbrains/kotlin/progress/ProgressIndicatorAndCompilationCanceledStatus
instanceKlass org/jetbrains/kotlin/progress/CompilationCanceledStatus
instanceKlass org/jetbrains/kotlin/com/google/common/collect/LinkedHashMultimap$1
instanceKlass java/util/stream/MatchOps$BooleanTerminalSink
instanceKlass java/util/stream/MatchOps$MatchOp
instanceKlass java/util/stream/MatchOps
instanceKlass java/util/Spliterators$IteratorSpliterator
instanceKlass org/jetbrains/kotlin/utils/KotlinPathsFromBaseDirectory
instanceKlass org/jetbrains/kotlin/com/intellij/openapi/application/PathManager
instanceKlass java/util/regex/Pattern$BitClass
instanceKlass org/jetbrains/kotlin/utils/PathUtil
instanceKlass kotlin/collections/AbstractList$IteratorImpl
instanceKlass org/jetbrains/kotlin/config/JvmTarget$Companion
instanceKlass org/jetbrains/kotlin/platform/TargetPlatformVersion
instanceKlass org/jetbrains/kotlin/config/JVMConfigurationKeys
instanceKlass org/jetbrains/kotlin/cli/jvm/JvmArgumentsKt
instanceKlass org/jetbrains/kotlin/config/CommonConfigurationKeysKt
instanceKlass kotlin/Unit
instanceKlass org/jetbrains/kotlin/utils/WrappedValues$ThrowableWrapper
instanceKlass org/jetbrains/kotlin/config/LanguageVersionSettingsKt
instanceKlass org/jetbrains/kotlin/cli/common/messages/MessageCollector$Companion$NONE$1
instanceKlass org/jetbrains/kotlin/cli/common/messages/MessageCollector$Companion
instanceKlass org/jetbrains/kotlin/cli/common/arguments/JavaTypeEnhancementStateParser$Companion
instanceKlass org/jetbrains/kotlin/cli/common/arguments/JavaTypeEnhancementStateParser
instanceKlass org/jetbrains/kotlin/config/JvmAnalysisFlags$Delegates$JvmDefaultModeDisabledByDefault
instanceKlass org/jetbrains/kotlin/utils/WrappedValues$1
instanceKlass org/jetbrains/kotlin/utils/WrappedValues
instanceKlass kotlin/collections/EmptyIterator
instanceKlass org/jetbrains/kotlin/name/FqNamesUtilKt
instanceKlass org/jetbrains/kotlin/load/java/NullabilityAnnotationStates$Companion
instanceKlass org/jetbrains/kotlin/load/java/Jsr305Settings
instanceKlass org/jetbrains/kotlin/storage/LockBasedStorageManager$MapBasedMemoizedFunction
instanceKlass org/jetbrains/kotlin/storage/DefaultSimpleLock
instanceKlass org/jetbrains/kotlin/storage/SimpleLock$Companion
instanceKlass org/jetbrains/kotlin/storage/EmptySimpleLock
instanceKlass org/jetbrains/kotlin/storage/LockBasedStorageManager$ExceptionHandlingStrategy$1
instanceKlass org/jetbrains/kotlin/storage/LockBasedStorageManager$ExceptionHandlingStrategy
instanceKlass org/jetbrains/kotlin/storage/CacheWithNullableValues
instanceKlass org/jetbrains/kotlin/storage/MemoizedFunctionToNotNull
instanceKlass org/jetbrains/kotlin/storage/CacheWithNotNullValues
instanceKlass org/jetbrains/kotlin/storage/NotNullLazyValue
instanceKlass org/jetbrains/kotlin/storage/NullableLazyValue
instanceKlass org/jetbrains/kotlin/storage/MemoizedFunctionToNullable
instanceKlass org/jetbrains/kotlin/storage/SimpleLock
instanceKlass org/jetbrains/kotlin/storage/LockBasedStorageManager
instanceKlass org/jetbrains/kotlin/storage/StorageManager
instanceKlass kotlin/TuplesKt
instanceKlass kotlin/internal/ProgressionUtilKt
instanceKlass kotlin/ranges/IntRange$Companion
instanceKlass kotlin/ranges/IntProgression$Companion
instanceKlass kotlin/ranges/IntProgression
instanceKlass kotlin/ranges/OpenEndRange
instanceKlass kotlin/ranges/ClosedRange
instanceKlass kotlin/KotlinVersionCurrentValue
instanceKlass kotlin/KotlinVersion$Companion
instanceKlass kotlin/KotlinVersion
instanceKlass org/jetbrains/kotlin/load/java/ReportLevel$Companion
instanceKlass org/jetbrains/kotlin/load/java/JavaNullabilityAnnotationsStatus$Companion
instanceKlass org/jetbrains/kotlin/load/java/JavaNullabilityAnnotationsStatus
instanceKlass kotlin/Pair
instanceKlass org/jetbrains/kotlin/load/java/NullabilityAnnotationStatesImpl
instanceKlass org/jetbrains/kotlin/load/java/NullabilityAnnotationStates
instanceKlass org/jetbrains/kotlin/load/java/JavaNullabilityAnnotationSettingsKt
instanceKlass org/jetbrains/kotlin/load/java/JavaTypeEnhancementState$Companion
instanceKlass org/jetbrains/kotlin/load/java/JavaTypeEnhancementState
instanceKlass org/jetbrains/kotlin/config/JvmAnalysisFlags$Delegates$JavaTypeEnhancementStateWarnByDefault
instanceKlass org/jetbrains/kotlin/config/JvmAnalysisFlags
instanceKlass org/jetbrains/kotlin/config/AnalysisFlag$Delegates$ApiModeDisabledByDefault
instanceKlass org/jetbrains/kotlin/config/AnalysisFlag$Delegates$ListOfStrings
instanceKlass org/jetbrains/kotlin/config/AnalysisFlag
instanceKlass org/jetbrains/kotlin/config/AnalysisFlag$Delegate
instanceKlass kotlin/properties/ReadOnlyProperty
instanceKlass org/jetbrains/kotlin/config/AnalysisFlag$Delegates$Boolean
instanceKlass kotlin/reflect/KProperty$Getter
instanceKlass kotlin/reflect/KProperty$Accessor
instanceKlass org/jetbrains/kotlin/config/AnalysisFlags
instanceKlass org/jetbrains/kotlin/config/LanguageVersionSettingsImpl$Companion
instanceKlass org/jetbrains/kotlin/config/LanguageVersionSettings$Companion
instanceKlass org/jetbrains/kotlin/config/LanguageVersionSettingsImpl
instanceKlass java/math/MutableBigInteger
instanceKlass org/jetbrains/kotlin/config/MavenComparableVersion$IntegerItem
instanceKlass org/jetbrains/kotlin/config/MavenComparableVersion$Item
instanceKlass org/jetbrains/kotlin/config/MavenComparableVersion
instanceKlass org/jetbrains/kotlin/config/ApiVersion$Companion
instanceKlass org/jetbrains/kotlin/config/ApiVersion
instanceKlass org/jetbrains/kotlin/config/LanguageVersion$Companion
instanceKlass org/jetbrains/kotlin/config/IncrementalCompilation
instanceKlass org/jetbrains/kotlin/cli/common/UtilsKt
instanceKlass org/jetbrains/kotlin/config/CommonConfigurationKeys
instanceKlass org/jetbrains/kotlin/cli/common/messages/IrMessageCollector$Companion
instanceKlass org/jetbrains/kotlin/cli/common/messages/IrMessageCollector
instanceKlass org/jetbrains/kotlin/ir/util/IrMessageLogger$Companion
instanceKlass org/jetbrains/kotlin/ir/util/IrMessageLogger
instanceKlass org/jetbrains/kotlin/com/google/common/collect/AbstractMapEntry
instanceKlass org/jetbrains/kotlin/com/google/common/collect/LinkedHashMultimap$ValueSetLink
instanceKlass org/jetbrains/kotlin/com/google/common/collect/CollectPreconditions
instanceKlass org/jetbrains/kotlin/com/google/common/base/Preconditions
instanceKlass org/jetbrains/kotlin/com/google/common/collect/BiMap
instanceKlass org/jetbrains/kotlin/com/google/common/collect/Maps$EntryTransformer
instanceKlass org/jetbrains/kotlin/com/google/common/base/Converter
instanceKlass org/jetbrains/kotlin/com/google/common/collect/ImmutableMap
instanceKlass org/jetbrains/kotlin/com/google/common/base/Function
instanceKlass org/jetbrains/kotlin/com/google/common/collect/UnmodifiableIterator
instanceKlass org/jetbrains/kotlin/com/google/common/collect/SortedMapDifference
instanceKlass org/jetbrains/kotlin/com/google/common/collect/MapDifference
instanceKlass org/jetbrains/kotlin/com/google/common/collect/Maps
instanceKlass jdk/internal/logger/DefaultLoggerFinder$1
instanceKlass java/util/logging/Logger$SystemLoggerHelper$1
instanceKlass java/util/logging/Logger$SystemLoggerHelper
instanceKlass java/util/logging/LogManager$4
instanceKlass jdk/internal/logger/BootstrapLogger$BootstrapExecutors
instanceKlass jdk/internal/logger/BootstrapLogger$RedirectedLoggers
instanceKlass java/util/ServiceLoader$ProviderImpl
instanceKlass java/util/ServiceLoader$Provider
instanceKlass java/util/ServiceLoader$1
instanceKlass java/util/concurrent/CopyOnWriteArrayList$COWIterator
instanceKlass jdk/internal/loader/URLClassPath$1
instanceKlass java/lang/CompoundEnumeration
instanceKlass jdk/internal/loader/BuiltinClassLoader$1
instanceKlass java/util/Collections$EmptyEnumeration
instanceKlass java/util/Collections$EmptyIterator
instanceKlass java/util/ServiceLoader$3
instanceKlass java/util/ServiceLoader$2
instanceKlass java/util/ServiceLoader$LazyClassPathLookupIterator
instanceKlass java/util/Spliterators$1Adapter
instanceKlass java/util/Spliterators$ArraySpliterator
instanceKlass java/util/Spliterator$OfDouble
instanceKlass java/util/Spliterator$OfLong
instanceKlass java/util/Spliterator$OfInt
instanceKlass java/util/Spliterator$OfPrimitive
instanceKlass java/util/Spliterators$EmptySpliterator
instanceKlass java/util/Spliterators
instanceKlass java/util/ServiceLoader$ModuleServicesLookupIterator
instanceKlass java/util/ServiceLoader
instanceKlass jdk/internal/logger/BootstrapLogger$DetectBackend$1
instanceKlass jdk/internal/logger/BootstrapLogger$DetectBackend
instanceKlass jdk/internal/logger/BootstrapLogger
instanceKlass sun/util/logging/PlatformLogger$ConfigurableBridge
instanceKlass sun/util/logging/PlatformLogger$Bridge
instanceKlass java/lang/System$Logger
instanceKlass java/util/stream/Streams
instanceKlass java/util/stream/Stream$Builder
instanceKlass java/util/stream/Streams$AbstractStreamBuilderImpl
instanceKlass java/util/stream/Sink$ChainedReference
instanceKlass java/util/stream/FindOps$FindOp
instanceKlass java/util/stream/TerminalOp
instanceKlass java/util/stream/FindOps$FindSink
instanceKlass java/util/stream/TerminalSink
instanceKlass java/util/stream/Sink
instanceKlass java/util/stream/FindOps
instanceKlass java/util/EnumMap$1
instanceKlass java/util/stream/StreamOpFlag$MaskBuilder
instanceKlass java/util/stream/Stream
instanceKlass java/util/stream/BaseStream
instanceKlass java/util/stream/PipelineHelper
instanceKlass java/util/stream/StreamSupport
instanceKlass java/util/ArrayList$ArrayListSpliterator
instanceKlass java/util/Spliterator
instanceKlass java/util/Hashtable$Enumerator
instanceKlass java/util/Collections$SynchronizedCollection
instanceKlass java/util/Properties$EntrySet
instanceKlass java/util/Collections$3
instanceKlass java/util/logging/LogManager$LoggerContext$1
instanceKlass java/util/logging/LogManager$VisitedLoggers
instanceKlass java/util/function/Predicate
instanceKlass java/util/logging/LogManager$2
instanceKlass java/lang/System$LoggerFinder
instanceKlass java/security/Security$2
instanceKlass jdk/internal/access/JavaSecurityPropertiesAccess
instanceKlass java/util/concurrent/ConcurrentHashMap$MapEntry
instanceKlass java/util/Properties$LineReader
instanceKlass java/security/Security$1
instanceKlass java/security/Security
instanceKlass sun/security/util/SecurityProperties
instanceKlass sun/security/util/FilePermCompat
instanceKlass java/util/logging/LogManager$LoggingProviderAccess
instanceKlass sun/util/logging/internal/LoggingProviderImpl$LogManagerAccess
instanceKlass java/lang/Shutdown$Lock
instanceKlass java/lang/Shutdown
instanceKlass java/lang/ApplicationShutdownHooks$1
instanceKlass java/lang/ApplicationShutdownHooks
instanceKlass java/util/Collections$SynchronizedMap
instanceKlass java/util/logging/LogManager$LogNode
instanceKlass java/util/logging/LogManager$LoggerContext
instanceKlass java/util/logging/LogManager$1
instanceKlass java/util/logging/LogManager
instanceKlass java/util/logging/Logger$ConfigurationData
instanceKlass java/util/logging/Logger$LoggerBundle
instanceKlass java/util/logging/Level
instanceKlass java/util/logging/Handler
instanceKlass java/util/logging/Logger
instanceKlass org/jetbrains/kotlin/com/google/common/collect/Platform
instanceKlass org/jetbrains/kotlin/com/google/common/collect/Multiset
instanceKlass org/jetbrains/kotlin/com/google/common/collect/AbstractMultimap
instanceKlass org/jetbrains/kotlin/com/google/common/collect/SetMultimap
instanceKlass org/jetbrains/kotlin/com/google/common/collect/Multimap
instanceKlass org/jetbrains/kotlin/cli/common/messages/GroupingMessageCollector
instanceKlass java/lang/StrictMath
instanceKlass org/jetbrains/kotlin/it/unimi/dsi/fastutil/HashCommon
instanceKlass org/jetbrains/kotlin/it/unimi/dsi/fastutil/ints/Int2ObjectMap$FastEntrySet
instanceKlass org/jetbrains/kotlin/it/unimi/dsi/fastutil/objects/ObjectSet
instanceKlass org/jetbrains/kotlin/it/unimi/dsi/fastutil/ints/IntSet
instanceKlass org/jetbrains/kotlin/it/unimi/dsi/fastutil/ints/IntCollection
instanceKlass org/jetbrains/kotlin/it/unimi/dsi/fastutil/ints/IntIterable
instanceKlass org/jetbrains/kotlin/it/unimi/dsi/fastutil/objects/ObjectCollection
instanceKlass org/jetbrains/kotlin/it/unimi/dsi/fastutil/objects/ObjectIterable
instanceKlass org/jetbrains/kotlin/it/unimi/dsi/fastutil/ints/AbstractInt2ObjectFunction
instanceKlass org/jetbrains/kotlin/it/unimi/dsi/fastutil/Hash
instanceKlass org/jetbrains/kotlin/it/unimi/dsi/fastutil/ints/Int2ObjectMap
instanceKlass org/jetbrains/kotlin/it/unimi/dsi/fastutil/ints/Int2ObjectFunction
instanceKlass java/util/function/IntFunction
instanceKlass org/jetbrains/kotlin/it/unimi/dsi/fastutil/Function
instanceKlass org/jetbrains/kotlin/com/intellij/util/containers/IntKeyWeakValueHashMap
instanceKlass org/jetbrains/kotlin/com/intellij/util/containers/ConcurrentIntObjectMap
instanceKlass org/jetbrains/kotlin/com/intellij/util/containers/IntObjectMap
instanceKlass org/jetbrains/kotlin/com/intellij/util/containers/ConcurrentList
instanceKlass org/jetbrains/kotlin/com/intellij/util/containers/ConcurrentLongObjectMap
instanceKlass org/jetbrains/kotlin/com/intellij/util/containers/ContainerUtil
instanceKlass org/jetbrains/kotlin/com/intellij/openapi/util/Key
instanceKlass org/jetbrains/kotlin/config/CompilerConfigurationKey
instanceKlass org/jetbrains/kotlin/cli/common/CLIConfigurationKeys
instanceKlass org/jetbrains/kotlin/utils/SmartList$EmptyIterator
instanceKlass org/jetbrains/kotlin/cli/common/ArgumentsKt
instanceKlass java/net/URLConnection
instanceKlass org/jetbrains/kotlin/cli/common/messages/PrintingMessageCollector
instanceKlass kotlin/jvm/internal/CollectionToArray
instanceKlass kotlin/jvm/internal/SpreadBuilder
instanceKlass kotlin/reflect/jvm/internal/pcollections/MapEntry
instanceKlass kotlin/reflect/jvm/internal/ReflectProperties$Val$1
instanceKlass kotlin/reflect/jvm/internal/ReflectProperties$Val
instanceKlass kotlin/reflect/jvm/internal/ReflectProperties
instanceKlass java/util/regex/CharPredicates
instanceKlass kotlin/text/Regex$Companion
instanceKlass kotlin/text/Regex
instanceKlass kotlin/jvm/internal/DefaultConstructorMarker
instanceKlass kotlin/reflect/jvm/internal/KDeclarationContainerImpl$Companion
instanceKlass kotlin/reflect/jvm/internal/KTypeParameterOwnerImpl
instanceKlass kotlin/reflect/jvm/internal/KClassifierImpl
instanceKlass kotlin/reflect/jvm/internal/pcollections/ConsPStack
instanceKlass kotlin/reflect/jvm/internal/pcollections/IntTree
instanceKlass kotlin/reflect/jvm/internal/pcollections/IntTreePMap
instanceKlass kotlin/reflect/jvm/internal/pcollections/HashPMap
instanceKlass kotlin/reflect/jvm/internal/KClassCacheKt
instanceKlass kotlin/reflect/jvm/internal/KDeclarationContainerImpl
instanceKlass kotlin/jvm/internal/ClassBasedDeclarationContainer
instanceKlass kotlin/reflect/KMutableProperty1
instanceKlass kotlin/reflect/KTypeParameter
instanceKlass kotlin/reflect/KMutableProperty0
instanceKlass kotlin/reflect/KProperty0
instanceKlass kotlin/reflect/KMutableProperty2
instanceKlass kotlin/reflect/KMutableProperty
instanceKlass kotlin/reflect/KProperty2
instanceKlass kotlin/reflect/KProperty1
instanceKlass kotlin/reflect/KProperty
instanceKlass kotlin/reflect/KType
instanceKlass kotlin/reflect/KClass
instanceKlass kotlin/jvm/internal/ReflectionFactory
instanceKlass kotlin/reflect/KClassifier
instanceKlass kotlin/jvm/internal/Reflection
instanceKlass kotlin/jvm/JvmClassMappingKt
instanceKlass jdk/internal/reflect/ClassDefiner$1
instanceKlass jdk/internal/reflect/ClassDefiner
instanceKlass jdk/internal/reflect/MethodAccessorGenerator$1
instanceKlass jdk/internal/reflect/Label$PatchInfo
instanceKlass jdk/internal/reflect/Label
instanceKlass jdk/internal/reflect/UTF8
instanceKlass jdk/internal/reflect/ClassFileAssembler
instanceKlass jdk/internal/reflect/ByteVectorImpl
instanceKlass jdk/internal/reflect/ByteVector
instanceKlass jdk/internal/reflect/ByteVectorFactory
instanceKlass jdk/internal/reflect/AccessorGenerator
instanceKlass jdk/internal/reflect/ClassFileConstants
instanceKlass org/jetbrains/kotlin/config/LanguageVersionSettings
instanceKlass org/jetbrains/kotlin/config/LanguageOrApiVersion
instanceKlass org/jetbrains/kotlin/utils/DescriptionAware
instanceKlass org/jetbrains/kotlin/cli/common/messages/MessageCollector
instanceKlass kotlin/collections/builders/MapBuilder$EntryRef
instanceKlass kotlin/jvm/internal/markers/KMutableMap$Entry
instanceKlass kotlin/collections/builders/MapBuilder$Itr
instanceKlass kotlin/jvm/internal/markers/KMutableIterator
instanceKlass org/jetbrains/kotlin/cli/common/arguments/ArgumentField
instanceKlass org/jetbrains/kotlin/util/capitalizeDecapitalize/CapitalizeDecapitalizeKt
instanceKlass org/jetbrains/kotlin/name/ClassId
instanceKlass org/jetbrains/kotlin/name/FqNameUnsafe$1
instanceKlass java/util/regex/Pattern$TreeInfo
instanceKlass java/util/regex/Pattern$BmpCharPredicate
instanceKlass java/util/regex/Pattern$CharPredicate
instanceKlass java/util/regex/Pattern$Node
instanceKlass java/util/regex/Pattern
instanceKlass org/jetbrains/kotlin/name/Name
instanceKlass org/jetbrains/kotlin/name/FqNameUnsafe
instanceKlass org/jetbrains/kotlin/name/FqName
instanceKlass org/jetbrains/kotlin/load/java/JvmAbi
instanceKlass kotlin/Metadata
instanceKlass java/lang/annotation/Target
instanceKlass java/lang/reflect/Proxy$ProxyBuilder$1
instanceKlass jdk/internal/org/objectweb/asm/Edge
instanceKlass java/lang/reflect/ProxyGenerator$PrimitiveTypeInfo
instanceKlass java/util/StringJoiner
instanceKlass java/lang/reflect/ProxyGenerator$ProxyMethod
instanceKlass java/lang/WeakPairMap$Pair$Lookup
instanceKlass java/lang/WeakPairMap$Pair
instanceKlass java/lang/WeakPairMap
instanceKlass java/lang/Module$ReflectionData
instanceKlass java/util/function/Consumer
instanceKlass jdk/internal/module/Checks
instanceKlass java/lang/module/ModuleDescriptor$Builder
instanceKlass java/util/LinkedHashMap$LinkedHashIterator
instanceKlass java/lang/PublicMethods
instanceKlass java/util/Collections$1
instanceKlass java/lang/reflect/Proxy$ProxyBuilder
instanceKlass java/lang/ClassValue$Version
instanceKlass java/lang/ClassValue$Identity
instanceKlass java/lang/ClassValue
instanceKlass java/lang/reflect/Proxy
instanceKlass sun/reflect/annotation/AnnotationInvocationHandler
instanceKlass java/lang/reflect/InvocationHandler
instanceKlass sun/reflect/annotation/AnnotationParser$1
instanceKlass kotlin/annotation/Target
instanceKlass java/lang/annotation/Inherited
instanceKlass java/lang/annotation/Retention
instanceKlass sun/reflect/annotation/ExceptionProxy
instanceKlass sun/reflect/annotation/AnnotationType$1
instanceKlass sun/reflect/annotation/AnnotationType
instanceKlass java/lang/reflect/GenericArrayType
instanceKlass sun/reflect/generics/visitor/Reifier
instanceKlass sun/reflect/generics/visitor/TypeTreeVisitor
instanceKlass sun/reflect/generics/factory/CoreReflectionFactory
instanceKlass sun/reflect/generics/factory/GenericsFactory
instanceKlass sun/reflect/generics/scope/AbstractScope
instanceKlass sun/reflect/generics/scope/Scope
instanceKlass sun/reflect/generics/tree/ClassTypeSignature
instanceKlass sun/reflect/generics/tree/SimpleClassTypeSignature
instanceKlass sun/reflect/generics/tree/FieldTypeSignature
instanceKlass sun/reflect/generics/tree/BaseType
instanceKlass sun/reflect/generics/tree/TypeSignature
instanceKlass sun/reflect/generics/tree/ReturnType
instanceKlass sun/reflect/generics/tree/TypeArgument
instanceKlass sun/reflect/generics/tree/TypeTree
instanceKlass sun/reflect/generics/tree/Tree
instanceKlass sun/reflect/generics/parser/SignatureParser
instanceKlass kotlin/jvm/internal/markers/KMutableSet
instanceKlass kotlin/jvm/internal/markers/KMutableCollection
instanceKlass kotlin/jvm/internal/markers/KMutableIterable
instanceKlass sun/reflect/annotation/AnnotationParser
instanceKlass org/jetbrains/kotlin/cli/common/arguments/Argument
instanceKlass kotlin/collections/EmptySet
instanceKlass kotlin/collections/EmptyMap
instanceKlass kotlin/ranges/RangesKt__RangesKt
instanceKlass kotlin/collections/builders/ListBuilderKt
instanceKlass kotlin/collections/builders/MapBuilder$Companion
instanceKlass kotlin/collections/builders/MapBuilder
instanceKlass kotlin/jvm/internal/markers/KMutableMap
instanceKlass kotlin/collections/MapsKt__MapWithDefaultKt
instanceKlass java/io/FileInputStream$1
instanceKlass kotlin/io/CloseableKt
instanceKlass kotlin/text/CharsKt__CharJVMKt
instanceKlass java/lang/Character$CharacterCache
instanceKlass java/nio/charset/CoderResult
instanceKlass kotlin/sequences/GeneratorSequence$iterator$1
instanceKlass java/lang/invoke/VarHandle$AccessDescriptor
instanceKlass java/lang/invoke/VarForm
instanceKlass java/lang/invoke/VarHandleGuards
instanceKlass jdk/internal/util/Preconditions$1
instanceKlass java/util/function/BiFunction
instanceKlass java/lang/invoke/VarHandle$1
instanceKlass java/lang/invoke/VarHandles
instanceKlass java/util/concurrent/atomic/AtomicReference
instanceKlass kotlin/sequences/ConstrainedOnceSequence
instanceKlass kotlin/sequences/GeneratorSequence
instanceKlass kotlin/sequences/Sequence
instanceKlass kotlin/sequences/SequencesKt__SequenceBuilderKt
instanceKlass java/io/Reader
instanceKlass java/lang/Readable
instanceKlass kotlin/text/Charsets
instanceKlass org/jetbrains/kotlin/cli/common/arguments/ArgumentParseErrors
instanceKlass org/jetbrains/kotlin/cli/common/arguments/PreprocessCommandLineArgumentsKt
instanceKlass kotlin/UNINITIALIZED_VALUE
instanceKlass kotlin/SynchronizedLazyImpl
instanceKlass kotlin/Lazy
instanceKlass kotlin/LazyKt__LazyJVMKt
instanceKlass kotlin/jvm/internal/Lambda
instanceKlass kotlin/jvm/functions/Function0
instanceKlass org/jetbrains/kotlin/cli/common/arguments/ParseCommandLineArgumentsKt
instanceKlass kotlin/collections/ArraysUtilJVM
instanceKlass kotlin/collections/ArraysKt__ArraysJVMKt
instanceKlass java/lang/ProcessEnvironment$CheckedEntry
instanceKlass java/lang/ProcessEnvironment$CheckedEntrySet$1
instanceKlass java/lang/ProcessEnvironment$EntryComparator
instanceKlass java/lang/ProcessEnvironment$NameComparator
instanceKlass org/jetbrains/kotlin/config/JvmDefaultMode$Companion
instanceKlass org/jetbrains/kotlin/config/JVMAssertionsMode$Companion
instanceKlass org/jetbrains/kotlin/config/ExplicitApiMode$Companion
instanceKlass kotlin/collections/EmptyList
instanceKlass kotlin/collections/CollectionsKt__CollectionsJVMKt
instanceKlass org/jetbrains/kotlin/cli/common/arguments/K2JVMCompilerArguments$Companion
instanceKlass org/jetbrains/kotlin/cli/common/arguments/CommonCompilerArguments$Companion
instanceKlass org/jetbrains/kotlin/cli/common/arguments/CommonToolArguments$Companion
instanceKlass org/jetbrains/kotlin/config/Services$Builder
instanceKlass org/jetbrains/kotlin/config/Services$Companion
instanceKlass org/jetbrains/kotlin/cli/common/messages/XcodeStyleMessageRenderer
instanceKlass org/jetbrains/kotlin/cli/common/messages/GradleStyleMessageRenderer
instanceKlass java/lang/Class$3
instanceKlass kotlin/text/StringsKt__AppendableKt
instanceKlass org/jetbrains/kotlin/cli/common/PropertiesKt
instanceKlass org/jetbrains/kotlin/cli/common/messages/PlainTextMessageRenderer
instanceKlass org/jetbrains/kotlin/cli/common/messages/XmlMessageRenderer
instanceKlass org/jetbrains/kotlin/cli/common/messages/MessageRenderer
instanceKlass org/jetbrains/kotlin/com/intellij/openapi/application/ApplicationManager
instanceKlass jdk/internal/org/objectweb/asm/FieldVisitor
instanceKlass java/util/ArrayList$Itr
instanceKlass java/lang/invoke/InvokerBytecodeGenerator$ClassData
instanceKlass jdk/internal/org/objectweb/asm/Frame
instanceKlass java/lang/invoke/LambdaFormBuffer
instanceKlass java/lang/invoke/LambdaFormEditor$TransformKey
instanceKlass java/lang/invoke/LambdaFormEditor
instanceKlass sun/invoke/util/Wrapper$1
instanceKlass java/lang/invoke/DelegatingMethodHandle$Holder
instanceKlass java/lang/invoke/DirectMethodHandle$2
instanceKlass sun/invoke/empty/Empty
instanceKlass sun/invoke/util/VerifyType
instanceKlass java/lang/invoke/ClassSpecializer$Factory
instanceKlass java/lang/invoke/ClassSpecializer$SpeciesData
instanceKlass java/lang/invoke/ClassSpecializer$1
instanceKlass java/lang/invoke/ClassSpecializer
instanceKlass java/lang/invoke/InnerClassLambdaMetafactory$1
instanceKlass java/lang/invoke/MethodHandles$Lookup$ClassDefiner
instanceKlass jdk/internal/org/objectweb/asm/ClassReader
instanceKlass java/lang/invoke/MethodHandles$Lookup$ClassFile
instanceKlass jdk/internal/org/objectweb/asm/AnnotationVisitor
instanceKlass jdk/internal/org/objectweb/asm/Attribute
instanceKlass jdk/internal/org/objectweb/asm/Handler
instanceKlass jdk/internal/org/objectweb/asm/Label
instanceKlass jdk/internal/org/objectweb/asm/MethodVisitor
instanceKlass java/lang/invoke/LambdaProxyClassArchive
instanceKlass jdk/internal/org/objectweb/asm/ByteVector
instanceKlass jdk/internal/org/objectweb/asm/Symbol
instanceKlass jdk/internal/org/objectweb/asm/SymbolTable
instanceKlass jdk/internal/org/objectweb/asm/ClassVisitor
instanceKlass java/lang/invoke/InfoFromMemberName
instanceKlass java/lang/invoke/MethodHandleInfo
instanceKlass jdk/internal/org/objectweb/asm/ConstantDynamic
instanceKlass sun/invoke/util/BytecodeDescriptor
instanceKlass jdk/internal/org/objectweb/asm/Handle
instanceKlass sun/security/action/GetBooleanAction
instanceKlass jdk/internal/org/objectweb/asm/Type
instanceKlass java/lang/invoke/AbstractValidatingLambdaMetafactory
instanceKlass java/lang/invoke/MethodHandleImpl$1
instanceKlass jdk/internal/access/JavaLangInvokeAccess
instanceKlass java/lang/invoke/Invokers$Holder
instanceKlass java/lang/invoke/BootstrapMethodInvoker
instanceKlass org/jetbrains/kotlin/com/intellij/openapi/diagnostic/Attachment
instanceKlass java/lang/invoke/InvokerBytecodeGenerator$2
instanceKlass java/lang/invoke/InvokerBytecodeGenerator
instanceKlass java/lang/invoke/LambdaForm$Holder
instanceKlass java/lang/invoke/LambdaForm$Name
instanceKlass java/lang/invoke/Invokers
instanceKlass java/lang/invoke/MethodHandleImpl
instanceKlass sun/invoke/util/ValueConversions
instanceKlass java/lang/invoke/DirectMethodHandle$Holder
instanceKlass java/lang/invoke/LambdaForm$NamedFunction
instanceKlass sun/invoke/util/Wrapper$Format
instanceKlass java/lang/invoke/MethodTypeForm
instanceKlass java/lang/invoke/MethodType$ConcurrentWeakInternSet
instanceKlass java/lang/invoke/LambdaMetafactory
instanceKlass org/jetbrains/kotlin/com/intellij/openapi/diagnostic/Logger$DefaultFactory
instanceKlass org/jetbrains/kotlin/com/intellij/openapi/diagnostic/Logger$Factory
instanceKlass org/jetbrains/kotlin/com/intellij/openapi/diagnostic/Logger
instanceKlass org/jetbrains/kotlin/cli/jvm/compiler/IdeaStandaloneExecutionSetup
instanceKlass org/jetbrains/kotlin/cli/jvm/compiler/CompatKt
instanceKlass kotlin/jvm/functions/Function2
instanceKlass kotlin/jvm/internal/CallableReference$NoReceiver
instanceKlass kotlin/reflect/KDeclarationContainer
instanceKlass kotlin/jvm/internal/CallableReference
instanceKlass kotlin/reflect/KFunction
instanceKlass kotlin/reflect/KCallable
instanceKlass kotlin/reflect/KAnnotatedElement
instanceKlass kotlin/jvm/internal/FunctionBase
instanceKlass kotlin/jvm/functions/Function1
instanceKlass kotlin/Function
instanceKlass org/jetbrains/kotlin/cli/common/CompilerSystemProperties$Companion
instanceKlass kotlin/collections/AbstractList$Companion
instanceKlass kotlin/collections/AbstractCollection
instanceKlass kotlin/enums/EnumEntries
instanceKlass kotlin/jvm/internal/markers/KMappedMarker
instanceKlass kotlin/enums/EnumEntriesKt
instanceKlass org/jetbrains/kotlin/util/PerformanceCounter$Companion
instanceKlass org/jetbrains/kotlin/util/PerformanceCounter
instanceKlass jdk/internal/jimage/ImageLocation
instanceKlass jdk/internal/jimage/decompressor/Decompressor
instanceKlass jdk/internal/jimage/ImageStringsReader
instanceKlass jdk/internal/jimage/ImageStrings
instanceKlass jdk/internal/jimage/ImageHeader
instanceKlass jdk/internal/jimage/NativeImageBuffer$1
instanceKlass jdk/internal/jimage/NativeImageBuffer
instanceKlass jdk/internal/jimage/BasicImageReader$1
instanceKlass jdk/internal/jimage/BasicImageReader
instanceKlass jdk/internal/jimage/ImageReader
instanceKlass jdk/internal/jimage/ImageReaderFactory$1
instanceKlass java/net/URI$Parser
instanceKlass java/nio/file/FileSystems$DefaultFileSystemHolder$1
instanceKlass java/nio/file/FileSystems$DefaultFileSystemHolder
instanceKlass java/nio/file/FileSystems
instanceKlass java/nio/file/Paths
instanceKlass jdk/internal/jimage/ImageReaderFactory
instanceKlass jdk/internal/module/SystemModuleFinders$SystemImage
instanceKlass jdk/internal/module/SystemModuleFinders$SystemModuleReader
instanceKlass java/lang/module/ModuleReader
instanceKlass jdk/internal/loader/BuiltinClassLoader$5
instanceKlass jdk/internal/loader/BuiltinClassLoader$2
instanceKlass jdk/internal/module/Resources
instanceKlass kotlin/jvm/internal/Intrinsics
instanceKlass java/util/TreeMap$PrivateEntryIterator
instanceKlass java/util/TreeMap$Entry
instanceKlass java/util/NavigableMap
instanceKlass java/util/SortedMap
instanceKlass java/util/NavigableSet
instanceKlass java/util/SortedSet
instanceKlass org/jetbrains/kotlin/cli/jvm/K2JVMCompiler$Companion
instanceKlass org/jetbrains/kotlin/cli/common/CLICompiler$Companion
instanceKlass org/jetbrains/kotlin/cli/common/CLITool$Companion
instanceKlass java/lang/Void
instanceKlass java/lang/PublicMethods$Key
instanceKlass java/lang/PublicMethods$MethodList
instanceKlass org/jetbrains/kotlin/utils/KotlinPaths
instanceKlass org/jetbrains/kotlin/com/intellij/openapi/Disposable
instanceKlass org/jetbrains/kotlin/cli/common/CommonCompilerPerformanceManager
instanceKlass org/jetbrains/kotlin/config/Services
instanceKlass org/jetbrains/kotlin/cli/common/arguments/Freezable
instanceKlass org/jetbrains/kotlin/config/CompilerConfiguration
instanceKlass org/jetbrains/kotlin/utils/exceptions/KotlinExceptionWithAttachments
instanceKlass org/jetbrains/kotlin/com/intellij/openapi/diagnostic/ExceptionWithAttachments
instanceKlass org/jetbrains/kotlin/com/intellij/openapi/diagnostic/ControlFlowException
instanceKlass org/jetbrains/kotlin/cli/common/CLITool
instanceKlass java/security/SecureClassLoader$DebugHolder
instanceKlass java/security/PermissionCollection
instanceKlass java/security/SecureClassLoader$1
instanceKlass java/security/SecureClassLoader$CodeSourceKey
instanceKlass java/util/zip/Checksum$1
instanceKlass java/util/zip/CRC32
instanceKlass java/util/zip/Checksum
instanceKlass sun/nio/ByteBuffered
instanceKlass java/lang/Package$VersionInfo
instanceKlass java/lang/NamedPackage
instanceKlass java/util/jar/Attributes$Name
instanceKlass java/util/jar/Attributes
instanceKlass jdk/internal/loader/Resource
instanceKlass sun/security/action/GetIntegerAction
instanceKlass sun/security/util/Debug
instanceKlass sun/security/util/SignatureFileVerifier
instanceKlass java/util/zip/ZipFile$InflaterCleanupAction
instanceKlass java/util/zip/Inflater$InflaterZStreamRef
instanceKlass java/util/zip/Inflater
instanceKlass java/util/zip/ZipEntry
instanceKlass jdk/internal/util/jar/JarIndex
instanceKlass java/nio/Bits$1
instanceKlass jdk/internal/misc/VM$BufferPool
instanceKlass java/nio/Bits
instanceKlass sun/nio/ch/DirectBuffer
instanceKlass jdk/internal/perf/PerfCounter$CoreCounters
instanceKlass jdk/internal/perf/Perf
instanceKlass jdk/internal/perf/Perf$GetPerfAction
instanceKlass jdk/internal/perf/PerfCounter
instanceKlass java/nio/file/attribute/FileTime
instanceKlass java/util/zip/ZipUtils
instanceKlass java/util/zip/ZipFile$Source$End
instanceKlass java/io/RandomAccessFile$2
instanceKlass jdk/internal/access/JavaIORandomAccessFileAccess
instanceKlass java/io/RandomAccessFile
instanceKlass java/io/DataInput
instanceKlass java/io/DataOutput
instanceKlass sun/nio/fs/WindowsNativeDispatcher$CompletionStatus
instanceKlass sun/nio/fs/WindowsNativeDispatcher$AclInformation
instanceKlass sun/nio/fs/WindowsNativeDispatcher$Account
instanceKlass sun/nio/fs/WindowsNativeDispatcher$DiskFreeSpace
instanceKlass sun/nio/fs/WindowsNativeDispatcher$VolumeInformation
instanceKlass sun/nio/fs/WindowsNativeDispatcher$FirstStream
instanceKlass sun/nio/fs/WindowsNativeDispatcher$FirstFile
instanceKlass java/util/Enumeration
instanceKlass java/util/concurrent/ConcurrentHashMap$Traverser
instanceKlass java/util/concurrent/ConcurrentHashMap$CollectionView
instanceKlass jdk/internal/loader/NativeLibraries$NativeLibraryImpl
instanceKlass jdk/internal/loader/NativeLibrary
instanceKlass java/util/ArrayDeque$DeqIterator
instanceKlass jdk/internal/loader/NativeLibraries$1
instanceKlass jdk/internal/loader/NativeLibraries$LibraryPaths
instanceKlass sun/nio/fs/WindowsNativeDispatcher
instanceKlass sun/nio/fs/NativeBuffer$Deallocator
instanceKlass sun/nio/fs/NativeBuffer
instanceKlass java/lang/ThreadLocal$ThreadLocalMap
instanceKlass sun/nio/fs/NativeBuffers
instanceKlass sun/nio/fs/WindowsFileAttributes
instanceKlass java/nio/file/attribute/DosFileAttributes
instanceKlass sun/nio/fs/AbstractBasicFileAttributeView
instanceKlass sun/nio/fs/DynamicFileAttributeView
instanceKlass sun/nio/fs/WindowsFileAttributeViews
instanceKlass sun/nio/fs/Util
instanceKlass java/nio/file/attribute/BasicFileAttributeView
instanceKlass java/nio/file/attribute/FileAttributeView
instanceKlass java/nio/file/attribute/AttributeView
instanceKlass java/nio/file/Files
instanceKlass java/nio/file/CopyOption
instanceKlass java/nio/file/attribute/BasicFileAttributes
instanceKlass sun/nio/fs/WindowsPath
instanceKlass java/nio/file/Path
instanceKlass java/nio/file/Watchable
instanceKlass java/util/zip/ZipFile$Source$Key
instanceKlass sun/nio/fs/WindowsPathParser$Result
instanceKlass sun/nio/fs/WindowsPathParser
instanceKlass java/util/Collections$UnmodifiableCollection
instanceKlass java/util/Arrays$ArrayItr
instanceKlass java/nio/file/FileSystem
instanceKlass java/nio/file/OpenOption
instanceKlass java/nio/file/spi/FileSystemProvider
instanceKlass sun/nio/fs/DefaultFileSystemProvider
instanceKlass java/util/zip/ZipFile$Source
instanceKlass java/lang/ref/Cleaner$Cleanable
instanceKlass jdk/internal/ref/CleanerImpl
instanceKlass java/lang/ref/Cleaner$1
instanceKlass java/lang/ref/Cleaner
instanceKlass jdk/internal/ref/CleanerFactory$1
instanceKlass java/util/concurrent/ThreadFactory
instanceKlass jdk/internal/ref/CleanerFactory
instanceKlass java/util/zip/ZipCoder
instanceKlass java/util/zip/ZipFile$CleanableResource
instanceKlass java/lang/Runtime$Version
instanceKlass java/util/jar/JavaUtilJarAccessImpl
instanceKlass jdk/internal/access/JavaUtilJarAccess
instanceKlass jdk/internal/loader/FileURLMapper
instanceKlass jdk/internal/loader/URLClassPath$JarLoader$1
instanceKlass java/util/zip/ZipFile$1
instanceKlass jdk/internal/access/JavaUtilZipFileAccess
instanceKlass java/util/zip/ZipFile
instanceKlass java/util/zip/ZipConstants
instanceKlass jdk/internal/loader/URLClassPath$Loader
instanceKlass jdk/internal/loader/URLClassPath$3
instanceKlass java/security/PrivilegedExceptionAction
instanceKlass sun/util/locale/LocaleUtils
instanceKlass sun/util/locale/BaseLocale
instanceKlass java/util/Locale
instanceKlass sun/net/util/URLUtil
instanceKlass java/lang/StringCoding
instanceKlass sun/nio/cs/ArrayDecoder
instanceKlass java/nio/charset/CharsetDecoder
instanceKlass sun/launcher/LauncherHelper
instanceKlass java/lang/reflect/Array
instanceKlass java/lang/invoke/StringConcatFactory$3
instanceKlass java/lang/invoke/StringConcatFactory$2
instanceKlass java/lang/invoke/StringConcatFactory$1
instanceKlass java/lang/invoke/StringConcatFactory
instanceKlass java/lang/ModuleLayer$Controller
instanceKlass java/util/concurrent/CopyOnWriteArrayList
instanceKlass jdk/internal/module/ServicesCatalog$ServiceProvider
instanceKlass jdk/internal/loader/AbstractClassLoaderValue$Memoizer
instanceKlass java/util/ImmutableCollections$ListItr
instanceKlass java/util/ListIterator
instanceKlass java/lang/ModuleLayer
instanceKlass jdk/internal/module/ModuleLoaderMap$Modules
instanceKlass jdk/internal/module/ModuleLoaderMap$Mapper
instanceKlass java/util/function/Function
instanceKlass jdk/internal/module/ModuleLoaderMap
instanceKlass java/util/AbstractMap$1$1
instanceKlass java/lang/module/ResolvedModule
instanceKlass java/lang/module/Configuration
instanceKlass jdk/internal/loader/BuiltinClassLoader$LoadedModule
instanceKlass jdk/internal/loader/AbstractClassLoaderValue
instanceKlass jdk/internal/module/ServicesCatalog
instanceKlass jdk/internal/util/Preconditions
instanceKlass sun/net/util/IPAddressUtil
instanceKlass java/net/URLStreamHandler
instanceKlass java/util/HexFormat
instanceKlass sun/net/www/ParseUtil
instanceKlass java/net/URL$3
instanceKlass jdk/internal/access/JavaNetURLAccess
instanceKlass java/net/URL$DefaultFactory
instanceKlass java/net/URLStreamHandlerFactory
instanceKlass jdk/internal/loader/URLClassPath
instanceKlass java/security/Principal
instanceKlass java/security/ProtectionDomain$Key
instanceKlass java/security/ProtectionDomain$JavaSecurityAccessImpl
instanceKlass jdk/internal/access/JavaSecurityAccess
instanceKlass java/lang/ClassLoader$ParallelLoaders
instanceKlass java/security/cert/Certificate
instanceKlass jdk/internal/loader/ArchivedClassLoaders
instanceKlass java/util/Deque
instanceKlass java/util/Queue
instanceKlass jdk/internal/loader/ClassLoaderHelper
instanceKlass jdk/internal/loader/NativeLibraries
instanceKlass jdk/internal/loader/BootLoader
instanceKlass java/util/Optional
instanceKlass jdk/internal/module/SystemModuleFinders$SystemModuleFinder
instanceKlass java/lang/module/ModuleFinder
instanceKlass jdk/internal/module/SystemModuleFinders$3
instanceKlass jdk/internal/module/ModuleHashes$HashSupplier
instanceKlass jdk/internal/module/SystemModuleFinders$2
instanceKlass java/util/function/Supplier
instanceKlass java/lang/module/ModuleReference
instanceKlass jdk/internal/module/ModuleResolution
instanceKlass java/util/Collections$UnmodifiableMap
instanceKlass jdk/internal/module/ModuleHashes$Builder
instanceKlass jdk/internal/module/ModuleHashes
instanceKlass jdk/internal/module/ModuleTarget
instanceKlass java/util/ImmutableCollections$Set12$1
instanceKlass java/lang/Enum
instanceKlass java/lang/module/ModuleDescriptor$Version
instanceKlass java/lang/module/ModuleDescriptor$Provides
instanceKlass java/lang/module/ModuleDescriptor$Opens
instanceKlass java/util/ImmutableCollections$SetN$SetNIterator
instanceKlass java/lang/module/ModuleDescriptor$Exports
instanceKlass java/lang/module/ModuleDescriptor$Requires
instanceKlass jdk/internal/module/Builder
instanceKlass jdk/internal/module/SystemModules$default
instanceKlass jdk/internal/module/SystemModules
instanceKlass jdk/internal/module/SystemModulesMap
instanceKlass java/net/URI$1
instanceKlass jdk/internal/access/JavaNetUriAccess
instanceKlass java/net/URI
instanceKlass jdk/internal/module/SystemModuleFinders
instanceKlass jdk/internal/module/ArchivedModuleGraph
instanceKlass jdk/internal/module/ArchivedBootLayer
instanceKlass jdk/internal/module/ModuleBootstrap$Counters
instanceKlass jdk/internal/module/ModulePatcher
instanceKlass java/io/FileSystem
instanceKlass java/io/DefaultFileSystem
instanceKlass java/io/File
instanceKlass java/lang/module/ModuleDescriptor$1
instanceKlass jdk/internal/access/JavaLangModuleAccess
instanceKlass sun/invoke/util/VerifyAccess
instanceKlass java/lang/module/ModuleDescriptor
instanceKlass jdk/internal/module/ModuleBootstrap
instanceKlass java/lang/invoke/MethodHandleStatics
instanceKlass java/util/Collections
instanceKlass sun/io/Win32ErrorMode
instanceKlass jdk/internal/misc/OSEnvironment
instanceKlass jdk/internal/misc/Signal$NativeHandler
instanceKlass java/util/Hashtable$Entry
instanceKlass jdk/internal/misc/Signal
instanceKlass java/lang/Terminator$1
instanceKlass jdk/internal/misc/Signal$Handler
instanceKlass java/lang/Terminator
instanceKlass java/nio/ByteOrder
instanceKlass java/nio/Buffer$1
instanceKlass jdk/internal/access/JavaNioAccess
instanceKlass jdk/internal/misc/ScopedMemoryAccess
instanceKlass java/nio/charset/CodingErrorAction
instanceKlass sun/nio/cs/SingleByte
instanceKlass java/lang/StringUTF16
instanceKlass sun/nio/cs/MS1252$Holder
instanceKlass sun/nio/cs/ArrayEncoder
instanceKlass java/nio/charset/CharsetEncoder
instanceKlass java/lang/reflect/Modifier
instanceKlass java/lang/Class$1
instanceKlass java/lang/Class$Atomic
instanceKlass java/lang/Class$ReflectionData
instanceKlass jdk/internal/util/ArraysSupport
instanceKlass java/nio/charset/StandardCharsets
instanceKlass sun/nio/cs/HistoricallyNamedCharset
instanceKlass sun/security/action/GetPropertyAction
instanceKlass java/lang/ThreadLocal
instanceKlass java/nio/charset/spi/CharsetProvider
instanceKlass java/nio/charset/Charset
instanceKlass java/io/Writer
instanceKlass java/io/OutputStream
instanceKlass java/io/Flushable
instanceKlass java/io/FileDescriptor$1
instanceKlass jdk/internal/access/JavaIOFileDescriptorAccess
instanceKlass java/io/FileDescriptor
instanceKlass jdk/internal/util/StaticProperty
instanceKlass java/util/HashMap$HashIterator
instanceKlass java/lang/Integer$IntegerCache
instanceKlass java/lang/CharacterData
instanceKlass java/util/Arrays
instanceKlass java/lang/VersionProps
instanceKlass java/lang/StringConcatHelper
instanceKlass jdk/internal/misc/VM
instanceKlass jdk/internal/util/SystemProps$Raw
instanceKlass jdk/internal/util/SystemProps
instanceKlass java/lang/System$2
instanceKlass jdk/internal/access/JavaLangAccess
instanceKlass java/lang/ref/Reference$1
instanceKlass jdk/internal/access/JavaLangRefAccess
instanceKlass java/lang/ref/ReferenceQueue$Lock
instanceKlass java/lang/ref/ReferenceQueue
instanceKlass jdk/internal/reflect/ReflectionFactory
instanceKlass jdk/internal/reflect/ReflectionFactory$GetReflectionFactoryAction
instanceKlass java/security/PrivilegedAction
instanceKlass java/util/concurrent/locks/LockSupport
instanceKlass java/util/concurrent/ConcurrentHashMap$Node
instanceKlass java/util/concurrent/ConcurrentHashMap$CounterCell
instanceKlass java/util/concurrent/locks/ReentrantLock
instanceKlass java/util/concurrent/locks/Lock
instanceKlass java/lang/Runtime
instanceKlass java/util/HashMap$Node
instanceKlass java/util/KeyValueHolder
instanceKlass java/util/Map$Entry
instanceKlass java/util/ImmutableCollections$MapN$MapNIterator
instanceKlass java/lang/Math
instanceKlass jdk/internal/reflect/Reflection
instanceKlass java/lang/invoke/MethodHandles$Lookup
instanceKlass java/lang/StringLatin1
instanceKlass java/security/Permission
instanceKlass java/security/Guard
instanceKlass java/lang/invoke/MemberName$Factory
instanceKlass java/lang/invoke/MethodHandles
instanceKlass jdk/internal/access/SharedSecrets
instanceKlass java/lang/reflect/ReflectAccess
instanceKlass jdk/internal/access/JavaLangReflectAccess
instanceKlass java/util/ImmutableCollections
instanceKlass java/util/Objects
instanceKlass java/util/Set
instanceKlass jdk/internal/misc/CDS
instanceKlass java/lang/Module$ArchivedData
instanceKlass java/lang/String$CaseInsensitiveComparator
instanceKlass java/util/Comparator
instanceKlass java/io/ObjectStreamField
instanceKlass jdk/internal/vm/vector/VectorSupport$VectorPayload
instanceKlass jdk/internal/vm/vector/VectorSupport
instanceKlass java/lang/reflect/RecordComponent
instanceKlass java/util/Iterator
instanceKlass java/lang/Number
instanceKlass java/lang/Character
instanceKlass java/lang/Boolean
instanceKlass java/util/concurrent/locks/AbstractOwnableSynchronizer
instanceKlass java/lang/LiveStackFrame
instanceKlass java/lang/StackFrameInfo
instanceKlass java/lang/StackWalker$StackFrame
instanceKlass java/lang/StackStreamFactory$AbstractStackWalker
instanceKlass java/lang/StackWalker
instanceKlass java/nio/Buffer
instanceKlass java/lang/StackTraceElement
instanceKlass java/util/RandomAccess
instanceKlass java/util/List
instanceKlass java/util/AbstractCollection
instanceKlass java/util/Collection
instanceKlass java/lang/Iterable
instanceKlass java/util/concurrent/ConcurrentMap
instanceKlass java/util/AbstractMap
instanceKlass java/security/CodeSource
instanceKlass jdk/internal/loader/ClassLoaders
instanceKlass java/util/jar/Manifest
instanceKlass java/net/URL
instanceKlass java/io/InputStream
instanceKlass java/io/Closeable
instanceKlass java/lang/AutoCloseable
instanceKlass jdk/internal/module/Modules
instanceKlass jdk/internal/misc/Unsafe
instanceKlass jdk/internal/misc/UnsafeConstants
instanceKlass java/lang/AbstractStringBuilder
instanceKlass java/lang/Appendable
instanceKlass java/lang/AssertionStatusDirectives
instanceKlass java/lang/invoke/MethodHandleNatives$CallSiteContext
instanceKlass jdk/internal/invoke/NativeEntryPoint
instanceKlass java/lang/invoke/CallSite
instanceKlass java/lang/invoke/MethodType
instanceKlass java/lang/invoke/TypeDescriptor$OfMethod
instanceKlass java/lang/invoke/LambdaForm
instanceKlass java/lang/invoke/MethodHandleNatives
instanceKlass java/lang/invoke/ResolvedMethodName
instanceKlass java/lang/invoke/MemberName
instanceKlass java/lang/invoke/VarHandle
instanceKlass java/lang/invoke/MethodHandle
instanceKlass jdk/internal/reflect/CallerSensitive
instanceKlass java/lang/annotation/Annotation
instanceKlass jdk/internal/reflect/FieldAccessor
instanceKlass jdk/internal/reflect/ConstantPool
instanceKlass jdk/internal/reflect/ConstructorAccessor
instanceKlass jdk/internal/reflect/MethodAccessor
instanceKlass jdk/internal/reflect/MagicAccessorImpl
instanceKlass java/lang/reflect/Parameter
instanceKlass java/lang/reflect/Member
instanceKlass java/lang/reflect/AccessibleObject
instanceKlass java/lang/Module
instanceKlass java/util/Map
instanceKlass java/util/Dictionary
instanceKlass java/lang/ThreadGroup
instanceKlass java/lang/Thread$UncaughtExceptionHandler
instanceKlass java/lang/Thread
instanceKlass java/lang/Runnable
instanceKlass java/lang/ref/Reference
instanceKlass java/lang/Record
instanceKlass java/security/AccessController
instanceKlass java/security/AccessControlContext
instanceKlass java/security/ProtectionDomain
instanceKlass java/lang/SecurityManager
instanceKlass java/lang/Throwable
instanceKlass java/lang/System
instanceKlass java/lang/ClassLoader
instanceKlass java/lang/Cloneable
instanceKlass java/lang/Class
instanceKlass java/lang/invoke/TypeDescriptor$OfField
instanceKlass java/lang/invoke/TypeDescriptor
instanceKlass java/lang/reflect/Type
instanceKlass java/lang/reflect/GenericDeclaration
instanceKlass java/lang/reflect/AnnotatedElement
instanceKlass java/lang/String
instanceKlass java/lang/constant/ConstantDesc
instanceKlass java/lang/constant/Constable
instanceKlass java/lang/CharSequence
instanceKlass java/lang/Comparable
instanceKlass java/io/Serializable
ciInstanceKlass java/lang/Object 1 1 92 7 1 10 12 1 1 10 7 12 1 1 1 10 7 12 1 1 1 10 12 1 1 8 1 10 12 1 1 10 7 12 1 1 1 10 12 1 10 12 1 1 100 1 8 1 10 12 1 3 8 1 100 1 5 0 1 1 1 1 1 1 1 1 1 1 1 1 1 1 1 1 100 1 1 1 7 1 1 1 1 1 1 1 100 1 1 1 1 1 1 1
ciMethod java/lang/Object hashCode ()I 256 0 128 0 -1
ciInstanceKlass java/lang/Class 1 1 1600 10 7 12 1 1 1 9 7 12 1 1 1 9 12 1 1 7 1 10 10 12 1 1 8 1 10 12 1 8 1 8 1 10 12 1 1 10 12 1 1 10 12 1 10 10 12 1 10 12 1 1 10 12 1 1 10 7 12 1 1 10 12 1 10 12 1 10 12 1 8 1 10 12 1 8 1 10 12 1 8 1 8 1 10 12 1 1 10 100 12 1 1 1 18 12 1 1 11 100 12 1 1 1 8 1 8 1 8 1 10 100 12 1 1 1 11 12 1 1 7 1 8 1 10 12 1 11 100 12 1 1 1 10 12 1 1 11 8 1 18 8 1 10 12 1 10 7 12 1 1 10 7 12 1 1 1 10 12 1 1 10 7 12 1 1 1 9 100 12 1 1 1 10 100 12 1 1 1 10 7 12 1 1 1 10 12 1 1 18 12 1 1 10 7 12 1 1 1 10 7 12 1 1 10 12 1 1 10 7 1 100 1 10 12 1 1 9 12 1 1 100 1 8 1 10 12 1 10 12 1 1 10 12 1 1 10 7 12 1 1 1 7 1 10 12 1 100 1 100 1 10 10 12 1 1 10 12 1 1 100 1 10 100 12 1 1 1 10 12 1 1 10 12 1 1 9 12 1 1 10 12 1 10 12 1 10 12 1 1 9 12 1 1 9 12 1 1 10 12 1 1 10 7 1 10 12 1 10 12 1 10 12 1 1 10 9 12 1 10 12 1 8 1 10 12 1 1 10 12 1 1 10 12 1 10 12 1 1 10 12 1 1 10 12 1 1 9 7 12 1 1 1 10 7 12 1 1 10 12 10 12 1 10 12 1 1 10 100 12 1 1 10 12 1 10 12 1 1 10 100 12 1 1 1 10 12 1 10 12 1 1 10 12 1 10 12 1 10 12 1 1 10 7 1 10 10 10 12 1 1 10 12 1 1 10 12 10 12 1 1 100 1 8 1 10 10 12 1 1 10 12 1 100 1 11 12 1 10 100 12 1 1 10 12 1 10 12 1 10 100 12 1 1 10 10 12 1 1 8 1 10 12 1 10 12 1 1 8 1 9 12 1 10 12 1 10 12 1 10 12 1 10 12 100 1 9 12 1 10 12 1 9 12 1 10 12 1 10 12 1 10 12 1 10 10 12 1 10 12 1 10 12 1 10 12 1 10 12 1 10 12 1 100 1 10 12 1 10 12 1 1 10 12 1 1 10 12 1 1 10 12 1 1 10 12 1 1 10 12 1 1 7 1 10 10 12 1 1 10 12 1 1 10 12 1 1 10 10 12 1 10 12 1 1 10 12 1 1 10 12 1 1 10 12 1 1 7 1 10 10 12 11 100 12 1 1 10 12 1 1 10 12 1 10 100 12 1 1 1 10 12 1 1 10 10 12 1 1 100 1 10 10 12 1 1 10 100 12 1 1 1 100 1 100 1 10 12 1 1 10 12 1 10 10 12 1 1 10 12 1 10 12 1 10 12 1 10 100 12 1 1 1 11 7 12 1 1 10 12 1 10 12 1 9 12 1 10 12 1 1 10 12 1 9 100 12 1 1 1 9 12 1 10 100 12 1 1 1 10 12 1 10 12 1 10 100 12 1 1 1 10 12 1 10 12 10 12 1 1 100 1 10 8 1 10 12 1 11 11 12 1 1 11 7 12 1 1 11 12 1 8 1 10 12 1 10 12 1 1 9 12 1 9 12 1 1 10 7 12 1 1 9 12 1 10 12 1 1 10 10 12 1 10 7 12 1 1 1 10 100 12 1 1 10 100 12 1 1 9 12 1 1 10 12 1 9 12 1 10 12 1 10 12 1 1 9 12 1 1 9 12 1 10 12 1 10 12 1 1 9 12 1 7 1 10 10 12 1 1 7 1 10 12 1 1 7 11 7 1 9 12 1 1 9 12 1 100 1 10 12 1 9 12 1 1 9 12 1 10 12 1 10 12 1 1 9 12 1 7 1 10 10 12 1 1 10 10 12 1 1 10 12 10 10 12 1 9 12 1 10 12 1 1 10 7 12 1 1 1 10 12 1 1 10 12 1 8 10 7 8 1 18 8 1 8 1 10 12 1 9 12 1 9 12 1 1 10 12 1 7 1 7 1 10 12 1 9 12 1 1 7 1 10 10 12 1 10 7 1 9 12 1 8 1 10 12 1 7 1 10 12 1 10 12 1 1 9 12 1 100 1 8 1 10 7 1 4 10 10 12 11 7 12 1 1 1 10 12 1 100 1 10 12 1 1 10 8 1 8 1 10 12 1 1 9 7 12 1 1 11 12 7 1 11 7 12 1 1 9 12 1 10 100 12 1 1 1 10 7 12 1 1 10 12 1 1 9 12 1 9 10 12 1 1 10 12 1 1 10 12 1 1 10 12 1 1 10 12 1 1 11 12 1 7 1 11 12 1 10 7 12 1 1 1 10 12 1 100 1 11 12 1 10 100 12 1 1 1 10 12 1 10 11 12 1 11 12 1 1 10 12 1 10 12 1 1 9 12 1 1 9 100 12 1 1 10 12 1 10 100 12 1 1 1 10 12 1 1 10 12 1 10 12 1 10 12 1 10 7 12 1 1 1 10 12 1 8 1 10 12 1 10 12 1 10 12 1 10 100 12 1 1 1 11 100 12 1 1 1 10 12 1 1 10 12 1 18 12 1 1 11 12 1 1 18 11 12 1 18 12 1 11 12 1 10 12 1 1 10 12 1 10 12 1 10 12 10 12 1 8 1 10 12 1 7 1 9 12 1 1 100 1 100 1 100 1 100 1 100 1 1 1 3 1 3 1 3 1 1 1 1 1 1 1 5 0 1 1 1 1 1 1 1 1 1 1 1 1 1 1 1 1 1 1 1 1 1 1 1 100 1 1 1 1 1 1 1 100 1 1 1 1 1 1 100 1 1 1 1 1 1 1 1 1 1 1 1 1 1 1 1 1 1 1 1 1 1 1 1 1 1 1 1 1 1 1 1 1 1 1 1 1 1 100 1 1 1 1 1 1 1 1 1 1 1 1 1 1 1 1 1 1 1 1 1 1 1 1 1 1 1 1 100 1 1 1 1 1 1 1 1 1 1 1 1 1 1 1 1 1 1 1 1 1 1 1 1 1 1 1 1 1 1 1 1 1 1 1 1 1 1 1 1 1 1 1 1 1 1 1 1 1 1 1 1 1 100 1 100 1 1 1 1 1 1 1 100 1 1 1 1 1 1 1 1 1 1 1 1 1 1 1 1 1 1 1 1 1 1 1 1 1 1 1 1 1 1 1 1 1 1 1 1 1 1 1 1 1 1 1 1 1 1 1 1 1 1 1 1 1 1 1 100 1 1 1 1 1 1 1 1 1 1 1 1 1 1 1 1 1 1 1 1 1 1 1 1 1 1 1 1 1 1 1 1 1 1 1 1 1 1 1 1 1 1 1 1 1 1 1 1 1 1 1 1 1 1 1 1 1 1 1 1 1 1 1 1 1 1 1 1 15 10 100 12 1 1 1 16 15 10 12 16 15 11 12 16 1 16 15 16 15 10 12 16 16 15 10 12 16 15 16 1 15 10 12 16 1 1 1 1 1 1 1 1 1 100 1 1 100 1 100 1 1 100 1 100 1 1
staticfield java/lang/Class EMPTY_CLASS_ARRAY [Ljava/lang/Class; 0 [Ljava/lang/Class;
staticfield java/lang/Class serialPersistentFields [Ljava/io/ObjectStreamField; 0 [Ljava/io/ObjectStreamField;
ciInstanceKlass java/io/Serializable 1 0 7 100 1 100 1 1 1
instanceKlass jdk/internal/vm/vector/VectorSupport$VectorShuffle
instanceKlass jdk/internal/vm/vector/VectorSupport$VectorMask
instanceKlass jdk/internal/vm/vector/VectorSupport$Vector
ciInstanceKlass jdk/internal/vm/vector/VectorSupport$VectorPayload 0 0 32 10 100 12 1 1 1 9 100 12 1 1 1 10 100 12 1 1 1 1 1 1 1 1 1 1 1 1 1 1 1 1
ciInstanceKlass jdk/internal/vm/vector/VectorSupport$VectorShuffle 0 0 28 10 100 12 1 1 1 100 1 1 1 1 1 1 1 1 1 1 1 1 1 1 1 100 1 1 1 1
ciInstanceKlass jdk/internal/vm/vector/VectorSupport$VectorMask 0 0 28 10 100 12 1 1 1 100 1 1 1 1 1 1 1 1 1 1 1 1 1 1 1 100 1 1 1 1
ciInstanceKlass jdk/internal/vm/vector/VectorSupport$Vector 0 0 28 10 100 12 1 1 1 100 1 1 1 1 1 1 1 1 1 1 1 1 1 1 1 100 1 1 1 1
ciInstanceKlass jdk/internal/vm/vector/VectorSupport 0 0 487 100 1 10 100 12 1 1 1 9 12 1 1 10 12 1 1 100 1 10 12 1 11 100 12 1 1 1 11 100 12 1 1 1 11 100 12 1 1 11 100 12 1 1 1 11 100 1 100 1 10 12 1 1 11 100 12 1 1 11 100 12 1 1 100 1 11 100 12 1 1 11 100 12 1 1 11 100 12 1 1 1 11 100 12 1 1 1 11 100 12 1 1 1 11 100 12 1 1 1 100 1 10 12 1 1 11 100 12 1 1 100 1 11 100 12 1 1 11 100 12 1 1 11 100 12 1 1 11 100 1 100 1 9 12 1 1 10 100 12 1 1 11 100 12 1 1 10 12 1 1 10 100 12 1 1 1 10 12 1 10 12 1 1 10 12 1 1 1 1 1 3 1 3 1 3 1 3 1 3 1 3 1 3 1 3 1 3 1 3 1 3 1 3 1 3 1 3 1 3 1 3 1 3 1 3 1 3 1 3 1 3 1 3 1 3 1 3 1 3 1 3 1 3 1 3 1 3 1 3 1 3 1 3 1 3 1 3 1 3 1 3 1 3 1 3 1 3 1 1 1 1 1 3 1 1 1 1 1 1 3 1 1 1 1 1 1 1 1 1 1 1 1 1 1 1 1 1 1 1 1 1 1 1 1 1 1 1 1 1 1 1 1 1 1 1 1 1 1 1 1 1 1 1 1 1 1 1 1 1 1 1 1 1 1 1 1 1 1 1 1 1 1 1 1 1 1 1 1 1 1 1 1 1 1 1 1 1 1 1 1 1 1 1 1 1 1 1 1 1 1 1 1 1 1 1 1 1 1 1 1 1 1 1 1 1 1 1 1 1 1 1 1 1 1 1 1 1 1 1 1 1 1 1 1 1 1 1 1 1 1 1 1 1 1 1 1 1 1 1 1 1 1 1 1 1 1 1 1 1 1 1 1 1 1 1 1 1 1 1 1 1 1 1 1 1 1 1 1 1 1 1 1 1 1 1 1 1 1 1 1 1 1 1 1 1 1 1 1 1 1 1 1 1 1 1 1 1 1 1 100 1 100 1 1 1 1 1 1 1 1 1 1 1 1 1 1 1 1 1 1 1 1 1 1 1 1
ciInstanceKlass java/lang/reflect/RecordComponent 0 0 196 10 100 12 1 1 1 9 100 12 1 1 1 9 12 1 1 9 12 1 10 12 1 1 10 12 1 1 10 100 12 1 1 1 10 12 1 1 9 12 1 1 10 12 1 1 10 12 1 1 10 12 1 10 100 12 1 1 10 100 12 1 1 9 12 1 1 10 100 12 1 1 1 11 100 12 1 1 1 10 9 100 12 1 1 1 10 100 12 1 1 1 9 12 1 1 10 100 12 1 1 1 10 12 1 1 11 100 12 1 1 10 100 12 1 1 100 1 9 12 1 9 12 1 1 9 12 1 10 100 12 1 1 1 10 12 1 1 10 12 1 1 100 1 10 10 12 1 10 12 1 1 8 1 10 12 1 10 12 1 9 12 1 100 1 1 1 1 1 1 1 1 1 1 1 1 1 1 1 1 1 1 1 1 1 1 100 1 1 1 1 1 1 100 1 1
ciInstanceKlass java/util/Iterator 1 1 53 100 1 8 1 10 12 1 1 10 7 12 1 1 1 11 7 12 1 1 1 11 12 1 1 11 7 12 1 1 1 100 1 1 1 1 1 1 1 1 1 1 1 1 1 1 1 1 1 1 1 1 1
ciInstanceKlass java/lang/System 1 1 803 10 100 12 1 1 1 9 7 12 1 1 1 10 12 1 10 12 1 1 10 12 1 1 10 12 1 9 12 1 1 10 7 12 1 1 1 11 100 12 1 1 1 10 100 12 1 1 1 10 12 1 1 10 12 1 1 100 1 8 1 10 12 1 10 100 12 1 1 1 10 100 12 1 1 1 18 12 1 1 10 100 12 1 1 1 100 1 10 12 1 1 10 100 12 1 1 1 10 12 1 10 7 12 1 1 1 9 100 12 1 1 1 10 100 12 1 1 1 11 7 12 1 1 1 10 12 1 1 10 100 12 1 1 1 100 1 10 10 12 1 1 8 1 10 12 1 8 1 10 12 1 9 12 1 1 8 1 10 7 12 1 1 1 10 12 1 1 100 1 8 1 10 9 12 1 1 8 1 10 12 1 1 10 100 12 1 1 1 8 1 10 12 1 100 1 10 12 1 8 1 10 12 1 10 12 1 1 100 1 10 12 10 12 1 9 12 1 1 9 12 1 1 10 7 12 1 1 1 10 7 12 1 1 1 10 12 1 1 10 12 1 10 12 1 10 7 12 1 1 1 10 12 1 100 1 100 1 8 1 10 12 1 10 12 1 1 7 1 10 12 1 100 1 8 1 10 10 12 1 100 1 8 1 10 8 1 10 7 12 1 1 8 1 10 12 100 1 8 1 10 10 12 1 1 10 100 12 1 1 1 100 1 18 12 1 100 1 9 100 12 1 1 1 10 12 1 100 1 10 12 1 1 10 12 1 1 10 7 12 1 1 1 10 12 1 1 10 12 1 10 12 1 10 12 1 1 10 12 1 7 1 10 12 1 10 12 1 100 1 10 12 1 10 7 12 1 1 1 100 1 8 1 10 9 12 1 9 12 1 10 12 1 10 100 12 1 1 10 12 1 10 12 1 1 8 1 10 12 1 1 8 1 11 12 1 10 12 11 12 1 1 11 7 12 1 1 1 11 7 12 1 1 11 12 1 1 7 1 11 12 1 10 12 1 8 1 10 12 1 1 8 1 8 1 8 1 8 1 11 12 1 10 12 1 10 12 1 10 12 1 10 7 12 1 1 8 1 7 1 9 7 12 1 1 1 10 12 1 7 1 9 12 10 9 12 7 1 10 12 8 1 10 12 1 1 8 1 10 7 12 1 1 10 12 1 10 7 12 1 1 1 10 12 1 1 10 7 12 1 1 1 10 12 10 7 12 1 1 1 9 12 1 1 100 1 8 1 10 12 1 1 10 7 12 1 1 1 7 1 10 12 1 1 8 1 10 8 1 8 1 8 1 8 1 10 10 7 12 1 1 10 12 1 1 10 12 1 1 10 12 1 1 10 12 1 10 100 12 1 1 1 10 100 1 8 1 10 10 10 12 1 1 10 12 1 1 8 1 10 12 1 8 1 10 12 1 10 12 1 1 7 1 10 10 12 1 10 12 1 9 12 1 1 1 3 1 3 1 1 1 1 1 1 1 1 1 1 1 1 100 1 1 100 1 1 1 1 1 1 1 1 1 1 1 100 1 100 1 1 1 1 1 1 1 1 1 1 1 1 1 1 1 1 1 1 1 1 1 1 1 1 1 1 1 1 1 1 1 1 1 1 1 1 1 1 1 1 1 1 1 1 1 1 1 1 1 1 1 1 1 1 1 1 1 1 100 1 1 1 1 1 1 1 1 1 1 1 1 1 1 1 1 1 1 1 1 1 1 1 1 1 1 1 1 1 1 1 1 1 100 1 1 15 10 100 12 1 1 1 16 15 10 12 1 1 16 15 10 12 16 1 1 1 1 1 1 1 100 1 100 1 1
staticfield java/lang/System in Ljava/io/InputStream; java/io/BufferedInputStream
staticfield java/lang/System out Ljava/io/PrintStream; java/io/PrintStream
staticfield java/lang/System err Ljava/io/PrintStream; java/io/PrintStream
instanceKlass jdk/internal/reflect/DelegatingClassLoader
instanceKlass java/security/SecureClassLoader
ciInstanceKlass java/lang/ClassLoader 1 1 1098 9 7 12 1 1 1 10 7 12 1 1 1 9 12 1 1 10 7 12 1 1 1 7 1 10 12 1 1 10 12 1 1 9 12 1 1 10 12 1 1 100 1 10 12 1 10 12 1 1 10 7 12 1 1 1 100 1 8 1 10 12 1 10 7 12 1 1 1 10 100 12 1 10 7 1 10 7 1 7 1 7 1 10 12 1 10 12 1 9 12 1 1 10 10 7 12 1 1 1 9 12 1 1 9 12 1 9 12 1 1 9 12 1 9 12 1 1 9 12 1 1 7 1 10 12 1 9 12 1 1 10 12 1 1 10 7 12 1 1 1 9 12 1 9 12 1 1 9 12 1 10 12 1 1 9 12 10 12 1 1 7 1 10 8 1 10 12 1 1 10 12 1 10 7 1 7 1 10 12 1 1 10 7 12 1 1 1 8 1 10 12 1 10 12 1 10 12 1 1 10 12 1 1 10 12 1 1 10 12 1 1 10 12 1 1 10 12 1 7 1 10 12 1 10 7 12 1 1 1 10 12 1 1 10 12 1 10 12 1 10 12 1 10 12 1 10 12 1 1 10 10 12 1 10 12 1 10 100 12 1 1 10 12 1 1 10 12 1 1 10 12 1 100 1 10 12 1 100 1 10 12 1 10 100 12 1 1 1 10 10 12 1 1 10 12 1 1 100 1 8 1 10 8 1 10 12 1 10 12 1 100 1 8 1 10 12 1 1 10 12 1 1 10 10 12 1 1 10 12 1 1 10 12 1 1 10 7 1 10 12 1 1 10 12 1 1 10 12 1 1 10 12 1 1 10 12 1 1 10 12 1 1 10 12 1 10 7 12 1 1 1 10 12 1 10 12 1 10 12 1 1 10 12 1 10 12 1 10 12 1 10 12 1 1 10 12 1 10 12 1 1 8 1 9 12 1 10 12 1 1 8 1 8 1 10 7 12 1 1 100 1 10 10 12 10 12 1 10 12 1 10 12 1 10 12 1 1 10 7 12 1 1 10 12 1 10 7 1 7 1 10 12 1 1 10 12 1 10 7 1 10 12 1 100 1 18 12 1 10 100 12 1 1 1 10 100 12 1 1 1 10 7 12 1 1 10 12 1 1 10 12 1 10 12 1 1 100 1 10 12 1 10 12 1 1 10 7 12 1 1 10 12 1 8 1 100 1 10 10 12 1 9 12 1 10 7 12 1 1 10 12 1 100 1 8 1 10 12 1 10 8 1 8 1 10 12 1 1 10 12 1 1 10 12 1 1 10 100 12 1 1 1 100 1 100 1 10 12 1 1 100 1 100 1 10 100 12 1 1 10 12 1 10 12 1 1 10 12 1 10 12 1 1 10 12 1 1 9 100 12 1 1 1 10 12 1 1 10 12 1 10 12 1 10 12 1 1 10 12 1 8 1 10 12 1 7 1 18 12 1 1 10 12 1 1 10 12 1 10 12 1 10 12 1 8 1 10 12 1 10 12 1 18 12 1 11 100 12 1 1 1 100 1 10 12 1 1 10 12 1 10 11 12 1 1 10 18 10 12 1 1 11 100 12 1 18 12 1 11 12 1 1 10 12 10 12 1 1 10 12 1 1 100 1 8 1 10 10 12 1 8 1 8 1 10 100 12 1 1 10 12 1 100 1 10 10 12 1 8 1 8 1 8 1 10 12 1 10 12 1 1 10 12 1 10 100 12 1 1 1 11 100 12 1 1 100 1 10 11 10 12 1 10 12 1 10 12 1 1 9 100 12 1 1 9 12 1 1 9 12 9 12 1 9 12 1 9 12 1 8 10 12 1 1 10 7 12 1 1 1 10 12 1 1 10 12 1 1 10 12 1 10 10 12 1 11 12 1 1 10 100 12 1 1 1 100 1 10 12 1 10 12 1 10 12 1 1 1 1 1 1 1 1 1 1 1 1 1 1 1 1 1 1 1 1 1 1 1 1 1 1 1 1 100 1 1 1 1 1 1 1 1 1 1 1 1 1 1 1 1 1 1 1 1 1 100 1 1 1 1 1 1 1 1 1 1 100 1 1 1 1 1 1 1 1 1 1 1 1 1 1 1 1 1 1 1 1 1 1 1 1 1 1 1 1 1 1 1 1 1 1 1 1 1 1 1 1 1 100 1 1 1 1 1 1 1 1 1 1 1 1 1 1 1 1 1 1 100 1 1 1 1 1 1 1 1 1 1 1 1 1 1 1 1 1 1 1 1 1 1 1 1 1 1 1 1 1 1 1 1 1 1 1 1 1 1 1 1 1 1 1 1 1 1 1 1 1 1 1 100 1 1 1 1 1 1 1 1 1 1 1 1 1 1 1 1 1 1 1 1 1 1 1 1 1 1 1 1 1 1 1 1 1 1 1 1 1 1 1 1 1 1 1 1 1 1 15 10 100 12 1 1 1 16 1 15 10 12 16 1 16 15 10 12 16 1 16 1 15 10 12 16 15 10 12 16 15 10 12 16 1 1 100 1 100 1 1
staticfield java/lang/ClassLoader nocerts [Ljava/security/cert/Certificate; 0 [Ljava/security/cert/Certificate;
staticfield java/lang/ClassLoader $assertionsDisabled Z 1
ciInstanceKlass jdk/internal/reflect/DelegatingClassLoader 1 1 18 10 7 12 1 1 1 100 1 1 1 1 1 1 1 1 1 1
instanceKlass java/net/URLClassLoader
instanceKlass jdk/internal/loader/BuiltinClassLoader
ciInstanceKlass java/security/SecureClassLoader 1 1 102 10 7 12 1 1 1 7 1 10 12 1 9 7 12 1 1 1 10 12 1 10 12 1 10 12 1 1 10 12 1 1 10 12 1 7 1 10 7 1 10 12 1 7 1 10 12 1 11 7 12 1 1 1 7 1 11 12 1 10 12 1 1 1 1 1 1 1 1 1 1 1 1 1 1 1 1 1 1 1 1 1 1 1 1 1 1 1 1 1 1 1 1 1 1 1 1 100 1 1 1 1
instanceKlass jdk/internal/loader/ClassLoaders$BootClassLoader
instanceKlass jdk/internal/loader/ClassLoaders$PlatformClassLoader
instanceKlass jdk/internal/loader/ClassLoaders$AppClassLoader
ciInstanceKlass jdk/internal/loader/BuiltinClassLoader 1 1 737 9 7 12 1 1 1 10 7 12 1 1 1 10 7 12 1 1 1 9 12 1 1 9 12 1 1 7 1 10 12 1 9 12 1 10 12 1 9 12 1 10 7 12 1 1 1 10 7 12 1 1 1 10 7 12 1 1 1 11 7 12 1 1 1 100 1 100 1 10 10 12 1 1 8 1 10 12 1 10 12 7 1 10 12 1 10 12 1 1 11 7 12 1 1 1 11 7 12 1 1 1 11 12 1 1 7 1 8 1 8 1 10 9 12 1 1 10 7 12 1 1 11 12 1 1 10 12 1 1 10 12 1 1 10 12 1 1 10 7 12 1 1 1 10 12 1 10 100 12 1 1 1 10 12 1 1 11 7 12 1 1 1 10 7 12 1 1 100 1 10 7 12 1 1 1 10 12 1 100 1 8 1 10 12 1 1 10 8 1 10 12 1 1 10 12 1 1 10 12 1 1 11 7 12 1 1 11 12 1 7 1 10 11 12 1 1 11 10 12 1 1 7 1 10 12 1 10 7 12 1 10 12 1 7 1 10 12 1 10 7 12 1 1 1 100 1 10 12 1 1 11 12 1 100 1 100 1 10 12 1 10 12 1 1 100 1 100 1 10 12 1 10 12 1 18 12 1 1 10 12 1 10 12 1 1 18 100 1 10 7 12 1 1 1 7 1 10 10 12 1 1 10 12 1 1 10 12 1 1 10 12 1 9 12 1 1 100 1 10 10 12 1 1 10 12 1 1 10 12 1 10 12 10 12 1 1 10 12 1 1 10 12 1 1 10 12 1 10 12 1 1 18 12 1 7 1 10 12 1 1 10 12 1 10 12 1 1 10 12 1 100 1 10 12 1 7 1 10 12 1 10 7 12 1 1 1 10 12 1 11 12 1 7 1 10 12 1 7 1 100 1 10 12 1 10 12 1 11 12 1 1 10 12 1 1 10 12 1 1 10 12 1 1 10 12 1 1 10 12 1 10 12 1 10 12 1 10 12 1 8 1 10 12 1 1 10 7 12 1 1 10 12 1 100 1 8 1 8 1 10 10 12 1 8 1 8 1 10 7 12 1 1 1 11 7 12 1 1 1 9 7 12 1 1 1 10 7 12 1 1 1 9 12 1 9 12 1 9 12 1 9 12 1 9 12 1 9 12 1 10 7 12 1 1 1 8 1 10 12 1 7 1 10 12 1 1 10 12 1 7 1 10 11 12 1 1 10 12 10 12 1 10 12 1 100 1 10 12 1 10 12 1 10 10 12 1 10 7 12 1 1 8 1 10 7 12 1 1 10 12 1 1 1 1 1 1 1 1 1 1 1 1 1 1 1 1 1 1 1 1 1 1 1 1 1 1 1 1 1 1 1 1 1 1 1 1 1 1 1 1 1 1 1 1 1 1 1 1 1 1 1 1 1 1 1 1 100 1 1 1 1 1 1 1 1 1 1 1 1 1 1 1 1 1 1 100 1 100 1 1 1 1 1 1 1 1 1 1 1 1 1 1 1 1 1 1 1 1 1 1 1 1 1 1 1 1 1 1 1 1 1 1 1 1 1 1 1 1 1 1 1 1 1 1 1 1 1 1 1 100 1 1 15 10 100 12 1 1 1 16 15 10 12 16 15 10 12 16 15 10 12 16 1 1 1 100 1 1 1 1 1 100 1 100 1 1
staticfield jdk/internal/loader/BuiltinClassLoader packageToModule Ljava/util/Map; java/util/concurrent/ConcurrentHashMap
staticfield jdk/internal/loader/BuiltinClassLoader $assertionsDisabled Z 1
ciInstanceKlass java/security/AccessController 1 1 295 10 100 12 1 1 1 10 7 12 1 1 1 10 7 12 1 1 1 10 12 1 1 10 12 1 1 10 7 12 1 1 1 10 12 1 1 10 12 1 10 12 1 1 10 12 1 100 1 8 1 10 12 1 10 12 1 10 12 1 1 10 12 1 100 1 100 1 10 12 1 1 10 12 1 10 12 1 10 12 1 1 10 7 12 1 1 1 10 12 1 1 9 100 12 1 1 1 10 100 12 1 1 1 10 12 1 10 12 1 9 100 12 1 1 1 10 12 1 10 12 1 1 9 12 1 1 10 100 1 10 11 7 12 1 1 1 10 7 12 1 1 11 7 1 100 1 10 12 1 10 12 1 10 12 1 8 1 10 12 1 1 8 1 10 100 12 1 1 1 8 1 100 1 10 10 12 1 1 10 12 1 10 7 12 1 1 1 10 12 1 8 1 10 100 12 1 1 8 1 8 1 10 12 1 8 1 10 12 1 10 12 1 1 10 12 1 1 1 1 1 1 1 1 1 1 1 1 1 1 1 1 1 1 1 1 1 1 1 1 1 1 1 1 100 1 1 1 1 1 1 1 1 1 1 1 1 1 1 1 1 1 1 1 1 1 1 1 1 1 1 1 1 1 1 1 1 1 1 100 1 100 1 1 1 1 1 1 1 1 1 3 1 1 1
staticfield java/security/AccessController $assertionsDisabled Z 1
instanceKlass jdk/internal/reflect/GeneratedConstructorAccessor32
instanceKlass jdk/internal/reflect/GeneratedConstructorAccessor31
instanceKlass jdk/internal/reflect/GeneratedConstructorAccessor30
instanceKlass jdk/internal/reflect/GeneratedConstructorAccessor29
instanceKlass jdk/internal/reflect/GeneratedConstructorAccessor28
instanceKlass jdk/internal/reflect/GeneratedConstructorAccessor27
instanceKlass jdk/internal/reflect/GeneratedConstructorAccessor26
instanceKlass jdk/internal/reflect/GeneratedConstructorAccessor25
instanceKlass jdk/internal/reflect/GeneratedConstructorAccessor24
instanceKlass jdk/internal/reflect/GeneratedConstructorAccessor23
instanceKlass jdk/internal/reflect/GeneratedConstructorAccessor22
instanceKlass jdk/internal/reflect/GeneratedConstructorAccessor21
instanceKlass jdk/internal/reflect/GeneratedConstructorAccessor20
instanceKlass jdk/internal/reflect/GeneratedConstructorAccessor19
instanceKlass jdk/internal/reflect/GeneratedConstructorAccessor18
instanceKlass jdk/internal/reflect/GeneratedConstructorAccessor17
instanceKlass jdk/internal/reflect/GeneratedConstructorAccessor16
instanceKlass jdk/internal/reflect/GeneratedConstructorAccessor15
instanceKlass jdk/internal/reflect/GeneratedConstructorAccessor14
instanceKlass jdk/internal/reflect/GeneratedConstructorAccessor13
instanceKlass jdk/internal/reflect/GeneratedConstructorAccessor12
instanceKlass jdk/internal/reflect/GeneratedConstructorAccessor11
instanceKlass jdk/internal/reflect/GeneratedConstructorAccessor10
instanceKlass jdk/internal/reflect/GeneratedConstructorAccessor9
instanceKlass jdk/internal/reflect/GeneratedConstructorAccessor8
instanceKlass jdk/internal/reflect/GeneratedConstructorAccessor7
instanceKlass jdk/internal/reflect/GeneratedConstructorAccessor6
instanceKlass jdk/internal/reflect/GeneratedConstructorAccessor5
instanceKlass jdk/internal/reflect/GeneratedConstructorAccessor4
instanceKlass jdk/internal/reflect/GeneratedConstructorAccessor3
instanceKlass jdk/internal/reflect/GeneratedConstructorAccessor2
instanceKlass jdk/internal/reflect/BootstrapConstructorAccessorImpl
instanceKlass jdk/internal/reflect/GeneratedConstructorAccessor1
instanceKlass jdk/internal/reflect/DelegatingConstructorAccessorImpl
instanceKlass jdk/internal/reflect/NativeConstructorAccessorImpl
ciInstanceKlass jdk/internal/reflect/ConstructorAccessorImpl 1 1 27 10 7 12 1 1 1 100 1 100 1 1 1 1 1 1 1 1 1 100 1 100 1 100 1 1 1
instanceKlass jdk/internal/reflect/FieldAccessorImpl
instanceKlass jdk/internal/reflect/ConstructorAccessorImpl
instanceKlass jdk/internal/reflect/MethodAccessorImpl
ciInstanceKlass jdk/internal/reflect/MagicAccessorImpl 1 1 16 10 7 12 1 1 1 100 1 1 1 1 1 1 1 1
instanceKlass jdk/internal/reflect/GeneratedMethodAccessor1
instanceKlass jdk/internal/reflect/DelegatingMethodAccessorImpl
instanceKlass jdk/internal/reflect/NativeMethodAccessorImpl
ciInstanceKlass jdk/internal/reflect/MethodAccessorImpl 1 1 25 10 7 12 1 1 1 100 1 100 1 1 1 1 1 1 1 1 1 100 1 100 1 1 1
ciInstanceKlass java/lang/Module 1 1 959 10 7 12 1 1 1 9 7 12 1 1 1 10 7 12 1 1 1 9 12 1 9 12 1 1 9 12 1 1 10 12 1 1 10 12 1 10 12 1 1 10 7 12 1 1 1 7 1 10 7 12 1 1 1 10 12 1 1 11 7 12 1 1 1 10 12 1 1 10 7 12 1 1 1 10 12 1 1 10 7 12 1 1 1 9 100 12 1 1 1 10 100 12 1 1 1 10 12 1 8 1 10 7 12 1 1 1 10 7 12 1 1 1 9 12 1 1 9 12 1 1 10 12 1 9 12 1 1 11 12 1 9 7 12 1 1 10 7 12 1 1 1 10 7 12 1 1 1 10 12 1 1 100 1 100 1 10 10 12 1 1 8 1 10 12 1 10 12 10 12 1 10 12 1 1 10 12 1 1 10 12 1 1 9 7 12 1 1 1 10 12 1 1 10 12 1 1 9 12 1 10 12 1 10 12 1 9 12 1 1 11 7 12 1 1 10 12 1 1 9 12 1 9 12 1 10 12 1 10 12 1 100 1 8 1 10 10 12 1 1 10 12 1 8 1 10 12 1 1 8 1 8 1 10 12 1 1 10 12 1 10 12 1 1 18 12 1 1 10 12 1 1 11 12 1 9 12 1 11 12 10 100 12 1 1 100 1 8 1 10 7 1 11 12 1 1 10 12 1 10 12 1 10 12 1 1 11 12 1 1 11 7 12 1 1 11 12 1 1 9 12 1 11 12 1 10 12 1 1 10 12 1 1 9 12 1 10 12 10 7 12 1 1 10 7 12 1 1 10 7 1 18 12 1 1 11 100 12 1 1 1 18 12 1 11 12 1 1 10 100 12 1 1 1 11 12 1 1 10 7 12 1 1 4 7 1 11 12 1 7 1 7 1 10 10 7 12 1 1 1 10 11 7 12 1 8 1 10 10 12 1 1 10 7 12 1 1 10 12 1 10 12 1 7 1 10 12 1 10 11 12 1 1 10 12 10 12 1 1 9 12 1 100 1 10 10 12 1 1 11 100 1 10 12 1 1 11 12 1 10 10 12 1 11 10 12 1 1 10 12 1 1 10 12 1 1 10 7 12 1 1 10 12 1 10 12 1 1 10 10 12 1 1 10 12 1 18 12 1 11 12 1 18 12 1 10 12 1 10 12 1 10 12 7 1 10 12 1 10 12 1 10 12 1 9 12 1 7 1 10 10 10 10 12 1 10 12 1 10 12 1 10 12 1 1 10 12 1 1 10 12 1 9 12 1 18 12 1 1 10 100 12 1 1 1 100 1 8 1 10 12 1 1 10 12 1 1 10 100 12 1 1 100 1 10 12 1 1 100 1 8 1 100 1 10 100 1 100 1 3 10 12 1 100 1 10 12 1 10 12 1 1 10 12 1 1 100 1 10 12 1 10 12 1 1 100 1 100 1 10 12 8 1 10 12 1 1 10 12 1 1 10 7 12 1 1 10 12 1 1 10 12 1 10 12 10 12 1 1 100 1 10 10 12 1 1 10 100 12 1 1 1 100 1 8 1 10 12 1 1 10 100 12 1 1 8 1 10 12 1 8 1 10 12 1 10 12 10 12 1 8 1 10 10 100 12 1 1 7 1 10 10 12 1 10 7 12 1 1 9 12 1 9 12 1 9 12 1 9 12 1 10 12 11 12 1 10 12 1 100 1 1 1 1 1 1 1 1 1 1 1 1 1 1 1 1 100 1 1 1 1 1 1 1 1 1 1 1 1 1 1 1 1 1 1 1 1 1 1 1 1 1 1 1 1 1 1 1 1 1 1 1 1 1 1 1 1 1 1 1 1 1 1 1 1 1 1 1 1 1 1 1 1 1 1 1 1 1 1 1 1 1 1 1 1 1 1 1 1 1 1 1 1 1 1 1 1 1 1 1 100 100 1 1 1 1 1 1 1 1 1 1 1 1 1 1 1 1 1 1 1 1 1 1 1 1 1 1 1 1 1 1 1 1 1 1 100 1 100 1 100 1 1 1 1 1 1 1 1 1 1 1 1 1 1 1 1 1 1 1 1 1 1 1 1 1 1 1 1 15 10 7 12 1 1 1 16 15 10 12 16 16 15 10 12 16 16 15 10 16 1 15 10 12 16 1 15 10 12 16 1 16 15 10 12 16 1 1 1 1 1 1 1 100 1 100 1 1
staticfield java/lang/Module ALL_UNNAMED_MODULE Ljava/lang/Module; java/lang/Module
staticfield java/lang/Module ALL_UNNAMED_MODULE_SET Ljava/util/Set; java/util/ImmutableCollections$Set12
staticfield java/lang/Module EVERYONE_MODULE Ljava/lang/Module; java/lang/Module
staticfield java/lang/Module EVERYONE_SET Ljava/util/Set; java/util/ImmutableCollections$Set12
staticfield java/lang/Module $assertionsDisabled Z 1
instanceKlass org/jetbrains/kotlin/com/intellij/util/containers/NotNullList
instanceKlass org/jetbrains/kotlin/com/intellij/util/containers/Stack
instanceKlass org/jetbrains/kotlin/config/MavenComparableVersion$ListItem
ciInstanceKlass java/util/ArrayList 1 1 492 10 7 12 1 1 1 7 1 9 7 12 1 1 1 9 12 1 100 1 100 1 10 8 1 10 12 1 1 10 12 1 10 12 1 1 10 12 1 9 12 1 11 7 12 1 1 1 9 12 1 1 10 12 1 1 7 10 7 12 1 1 1 9 12 1 10 12 1 10 12 1 1 10 7 12 1 1 1 10 7 12 1 1 1 10 12 1 1 10 12 1 1 10 12 1 1 10 12 1 10 12 1 1 100 1 100 1 10 12 1 10 7 12 1 1 1 10 7 12 1 1 10 12 1 10 12 10 12 1 1 10 12 1 1 10 12 1 1 7 1 10 12 1 1 10 12 1 1 10 12 1 100 1 10 11 12 1 1 11 100 12 1 1 1 11 12 1 10 12 1 10 12 1 10 12 1 1 100 1 10 12 1 1 10 10 12 1 1 10 12 1 8 1 8 1 8 1 8 1 10 12 1 1 10 12 1 1 11 12 1 100 1 10 100 12 1 1 10 12 1 10 12 1 1 10 100 12 1 1 10 12 1 10 100 12 1 1 1 11 100 12 1 1 1 10 12 1 100 1 8 1 10 7 1 10 12 1 7 1 10 12 1 10 12 1 1 7 1 10 12 1 10 12 1 1 11 7 12 1 1 7 1 10 12 1 10 12 1 1 11 7 12 1 1 10 12 1 1 10 12 1 1 10 12 1 1 10 12 1 1 11 100 12 1 1 10 12 1 1 100 1 100 1 100 1 1 1 1 5 0 1 3 1 1 1 1 1 1 1 1 1 1 1 1 1 1 1 1 1 1 1 1 1 1 1 1 1 1 1 1 1 1 1 1 1 1 1 1 1 1 1 1 1 1 1 1 1 1 1 1 1 1 1 1 1 1 1 1 1 1 1 1 1 1 1 1 1 1 1 1 1 1 1 1 1 1 1 1 1 1 1 1 1 1 1 1 1 1 1 1 1 1 1 1 1 1 1 1 100 1 1 1 1 100 1 1 1 1 1 1 1 1 1 1 1 1 1 1 1 1 1 1 1 1 1 1 1 1 1 1 1 1 1 100 1 1 1 1 1 1 1 1 1 1 1 1 1 1 1 1 1 1 100 1 100 1 1 1 1 1 1
staticfield java/util/ArrayList EMPTY_ELEMENTDATA [Ljava/lang/Object; 0 [Ljava/lang/Object;
staticfield java/util/ArrayList DEFAULTCAPACITY_EMPTY_ELEMENTDATA [Ljava/lang/Object; 0 [Ljava/lang/Object;
ciInstanceKlass java/util/concurrent/ConcurrentHashMap 1 1 1210 7 1 7 1 3 10 12 1 1 3 100 1 10 7 12 1 1 1 100 1 10 100 12 1 1 1 100 1 11 12 1 1 11 12 1 11 12 1 1 9 12 1 1 9 12 1 1 9 12 1 10 7 12 1 1 1 7 1 10 12 1 1 10 12 1 1 10 7 12 1 1 1 4 10 12 1 9 12 1 10 12 1 1 100 1 10 5 0 10 12 1 10 12 1 1 5 0 10 12 1 1 10 12 1 9 12 1 1 10 12 1 1 9 12 1 9 12 1 1 10 12 1 1 9 12 1 10 12 1 1 9 12 1 1 10 12 1 1 100 1 10 100 1 10 12 1 10 12 1 1 10 12 1 1 10 12 1 1 10 12 1 10 12 1 1 10 12 1 1 100 1 10 12 1 1 7 1 100 1 8 1 10 12 1 10 12 1 1 10 12 1 1 11 7 12 1 1 10 12 1 1 11 12 1 1 11 7 12 1 1 1 11 7 12 1 1 1 11 12 1 7 1 11 12 1 11 12 1 10 12 1 1 10 12 1 1 9 12 1 1 10 100 12 1 1 1 9 10 12 1 1 9 12 1 10 12 1 1 5 0 9 12 1 1 7 1 10 12 1 9 12 1 1 7 1 10 12 1 9 12 1 7 1 10 100 1 10 10 12 1 1 8 1 10 12 1 10 12 1 1 11 100 1 10 12 1 10 100 12 1 1 1 8 1 10 100 12 1 1 1 8 1 10 12 1 8 1 10 12 1 10 12 1 1 10 100 12 1 1 10 12 1 10 12 1 10 12 1 9 12 1 9 10 12 1 9 12 1 1 11 100 12 1 1 1 11 100 12 1 1 1 100 1 10 12 11 100 12 1 1 10 11 7 12 1 10 12 1 100 1 10 12 1 100 1 10 10 9 100 12 1 1 1 10 12 3 10 100 12 1 1 9 12 1 10 12 1 1 9 12 1 1 9 12 1 10 12 1 1 10 100 12 1 1 9 12 1 9 7 12 1 1 10 12 1 1 10 12 1 3 9 12 1 9 12 1 10 12 1 1 7 1 9 3 9 12 1 100 1 10 12 1 9 12 1 10 12 1 9 12 1 10 12 1 9 12 1 10 100 12 1 1 1 100 10 12 1 100 1 5 0 10 100 12 1 1 100 1 10 12 1 1 10 12 1 10 12 1 100 1 10 12 1 10 100 1 100 1 10 10 12 1 10 100 1 10 12 1 10 100 1 10 12 1 10 100 1 10 12 1 1 100 1 10 12 1 10 10 12 1 100 1 10 12 1 10 10 12 1 100 1 10 12 1 10 100 1 10 12 1 10 100 1 10 12 1 10 100 1 10 12 1 10 100 1 10 12 1 10 100 1 10 12 1 10 100 1 10 12 1 10 100 1 10 12 1 10 100 1 10 10 100 1 10 10 100 1 10 10 100 1 10 12 1 10 100 1 10 12 1 10 100 1 10 12 1 10 100 1 10 12 1 10 100 1 10 12 1 10 100 1 10 10 100 1 10 10 100 1 10 10 100 1 10 12 1 10 100 1 10 12 1 10 100 1 10 12 1 10 100 1 10 12 1 10 100 1 10 12 1 10 10 12 1 10 7 12 1 1 1 10 12 1 7 1 7 1 10 12 1 9 12 1 1 9 12 1 1 10 12 1 1 8 10 12 1 1 8 8 8 8 7 10 12 1 1 10 12 1 100 1 8 1 10 7 1 100 1 100 1 1 1 5 0 1 1 3 1 3 1 1 1 1 3 1 3 1 3 1 1 1 1 1 3 1 3 1 3 1 1 1 1 1 1 1 1 1 1 1 1 1 1 1 1 1 1 1 1 1 1 1 1 1 100 1 1 1 1 1 1 1 1 1 1 1 1 1 1 1 1 1 1 1 1 1 1 1 1 1 1 1 1 1 1 1 1 1 1 1 1 1 1 1 1 1 1 1 1 1 1 1 1 1 1 1 1 1 1 1 1 1 1 1 1 1 1 1 1 1 1 1 1 1 1 1 1 1 1 1 1 1 1 1 1 1 1 1 1 100 1 1 1 1 1 1 1 1 1 1 1 100 1 1 1 1 1 1 1 1 1 1 1 1 1 1 1 1 1 1 1 1 1 1 1 1 1 1 1 1 1 1 1 1 1 1 1 1 1 1 1 1 1 1 1 1 1 1 1 1 1 1 1 1 1 1 1 1 1 1 1 1 1 1 1 1 1 1 1 1 1 1 1 1 1 1 1 1 1 1 1 1 1 1 1 1 1 1 1 1 1 1 1 1 1 1 1 1 1 1 1 1 1 1 1 1 1 1 1 1 1 1 1 1 1 1 1 1 1 1 1 1 1 1 1 1 1 1 1 1 1 1 1 1 1 1 1 1 1 1 1 1 1 1 1 1 1 1 1 1 1 1 1 1 1 1 1 1 1 1 1 1 1 1 1 1 1 1 1 1 1 1 1 1 1 1 1 1 1 1 1 1 1 1 1 1 1 1 1 1 1 1 1 1 1 1 1 1 1 1 1 1 1 1 1 1 1 1 1 1 1 1 1 1 1 1 1 1 1 1 1 1 1 1 1 100 1 100 1 100 1 100 1 100 1 100 1 100 1 100 1 100 1 1 1 1 1 1 1 1 1 1 1 1 1 1 1 1 1 1 1 1 1 1 1 1 1 1 1 1 1 1 1 1 1 1 1 1 1 1 1 1 1 1 1 1 1 1 1 1 1 1 1 1 1 1 1 1 1 1
staticfield java/util/concurrent/ConcurrentHashMap NCPU I 12
staticfield java/util/concurrent/ConcurrentHashMap serialPersistentFields [Ljava/io/ObjectStreamField; 3 [Ljava/io/ObjectStreamField;
staticfield java/util/concurrent/ConcurrentHashMap U Ljdk/internal/misc/Unsafe; jdk/internal/misc/Unsafe
staticfield java/util/concurrent/ConcurrentHashMap SIZECTL J 20
staticfield java/util/concurrent/ConcurrentHashMap TRANSFERINDEX J 32
staticfield java/util/concurrent/ConcurrentHashMap BASECOUNT J 24
staticfield java/util/concurrent/ConcurrentHashMap CELLSBUSY J 36
staticfield java/util/concurrent/ConcurrentHashMap CELLVALUE J 144
staticfield java/util/concurrent/ConcurrentHashMap ABASE I 16
staticfield java/util/concurrent/ConcurrentHashMap ASHIFT I 2
ciInstanceKlass java/lang/String 1 1 1396 10 7 12 1 1 1 8 1 9 7 12 1 1 1 9 12 1 1 9 12 1 1 10 12 1 10 12 1 1 10 12 1 1 9 12 1 1 10 7 12 1 1 1 10 7 1 10 7 12 1 1 1 10 12 1 1 10 12 1 1 10 12 1 10 12 1 1 10 12 1 10 7 12 1 1 1 9 7 12 1 1 1 10 7 12 1 1 1 10 12 1 1 10 12 1 1 10 12 1 1 10 12 1 1 10 12 1 1 9 7 12 1 1 10 12 9 7 12 1 1 3 10 7 12 1 1 1 7 1 11 12 1 1 11 12 1 11 12 1 1 10 100 12 1 1 1 10 12 1 1 9 100 12 1 1 1 10 12 1 1 10 12 1 11 12 1 1 10 12 1 1 10 12 10 12 1 1 10 100 12 1 1 1 10 7 12 1 1 1 10 12 1 1 100 1 100 1 10 12 1 10 12 1 10 12 1 1 100 1 10 12 1 1 100 1 10 12 1 1 10 12 1 1 10 10 12 1 100 1 100 1 100 1 10 12 1 10 12 1 1 10 12 1 1 10 12 1 10 12 1 1 10 12 1 1 10 100 12 1 1 100 1 11 11 12 1 11 12 1 10 12 1 1 10 12 1 10 12 10 12 1 1 10 10 100 12 1 1 1 10 100 12 1 1 10 12 1 1 10 100 12 1 1 10 12 1 10 12 1 1 10 12 1 1 10 12 1 10 12 1 10 12 1 1 100 1 10 12 1 1 10 12 10 12 1 10 12 1 1 10 100 12 1 1 1 10 12 1 10 12 1 1 10 12 1 10 12 1 3 3 10 12 1 10 12 1 1 10 12 1 1 10 12 1 1 10 12 1 10 12 1 1 10 12 1 1 10 12 1 10 12 1 10 12 1 10 12 1 1 10 12 1 10 12 1 10 12 1 10 12 1 10 12 1 10 12 1 10 100 1 10 8 1 10 12 1 1 10 12 1 8 1 10 12 1 1 10 12 10 12 1 8 1 10 10 12 1 1 10 12 1 1 10 12 1 10 12 1 1 10 12 10 100 1 10 10 12 1 10 12 1 10 12 1 10 10 12 1 10 12 1 1 10 12 1 100 1 10 10 12 1 100 1 10 10 12 1 10 12 1 1 10 12 1 10 12 1 1 10 10 12 1 1 10 100 1 10 10 12 1 10 12 1 1 10 12 1 1 10 7 1 10 12 1 10 12 1 10 12 1 10 12 1 1 10 12 1 11 7 1 11 12 10 12 1 10 12 1 1 10 12 1 1 10 10 12 1 10 12 1 9 12 1 1 11 7 12 1 1 1 10 10 12 1 10 12 1 1 10 10 12 1 10 12 1 10 12 1 1 9 12 1 10 12 1 1 10 10 12 1 1 10 12 10 10 12 1 10 12 10 10 12 10 10 12 1 10 12 1 10 12 10 10 12 10 12 1 10 12 10 12 10 10 12 1 10 12 1 1 10 12 1 10 10 12 1 10 7 12 1 1 1 10 12 1 1 10 10 7 12 1 1 1 11 10 12 1 10 12 1 1 10 12 1 1 10 100 12 1 1 1 10 12 1 10 10 12 1 10 12 1 10 12 1 10 100 12 1 1 10 12 1 100 1 100 1 8 1 10 10 10 12 1 8 1 10 12 1 3 3 7 1 10 10 12 1 10 12 1 10 12 1 1 10 12 1 1 11 7 12 1 1 1 7 1 10 12 1 1 10 12 1 10 12 1 1 10 12 1 1 8 1 10 12 1 1 10 12 1 11 7 12 1 1 1 11 7 12 1 1 11 12 1 1 10 12 1 10 12 1 1 10 10 7 12 1 1 1 10 12 1 10 12 1 10 10 12 10 12 1 1 10 10 12 1 10 10 12 1 10 10 12 1 10 10 12 1 10 12 1 1 10 10 12 1 8 1 10 12 1 1 18 12 1 1 11 100 12 1 1 1 7 1 3 18 12 1 18 12 1 8 1 10 100 12 1 1 1 11 12 1 1 10 12 10 10 12 1 10 11 12 1 1 10 12 1 1 11 12 1 18 3 11 10 12 1 11 11 10 12 1 10 12 1 1 8 1 10 12 1 10 12 1 10 12 1 1 10 10 12 1 11 100 12 1 100 1 100 1 10 12 1 100 1 10 10 100 12 1 1 1 100 1 10 7 1 10 10 12 1 10 10 12 1 8 1 10 10 12 1 8 1 8 1 10 12 1 10 12 1 10 10 12 10 100 12 1 1 10 100 12 1 1 10 100 12 1 1 8 1 10 12 1 10 12 1 1 10 10 12 8 1 8 1 10 8 1 8 1 8 1 8 1 10 12 1 10 12 1 8 1 10 100 12 1 1 1 10 12 10 12 1 1 10 12 10 10 12 10 12 7 1 9 12 1 1 7 1 10 100 1 100 1 100 1 100 1 1 1 1 1 1 5 0 1 1 1 1 1 3 1 3 1 1 1 1 1 1 1 1 1 1 1 1 1 1 1 100 1 1 1 100 1 1 1 1 1 1 1 1 1 1 1 1 1 1 1 1 1 1 1 1 1 1 1 1 1 1 1 100 1 1 1 1 1 1 1 1 1 100 1 1 1 1 1 1 1 1 1 1 1 1 1 1 1 1 1 1 1 1 1 1 1 1 1 1 1 1 1 1 1 1 1 1 1 1 1 1 1 1 1 1 1 1 1 1 1 1 1 1 1 1 1 1 1 1 1 1 1 1 1 1 1 1 1 1 1 1 1 1 1 1 1 1 1 1 1 1 1 1 1 1 1 1 1 1 1 1 1 1 1 1 1 1 1 1 1 1 1 1 1 1 1 1 1 1 1 1 1 1 1 1 1 1 1 1 1 1 1 1 1 1 1 1 1 1 1 1 1 1 1 1 1 1 1 1 1 1 1 1 1 1 1 1 1 1 1 1 1 1 1 1 1 1 1 1 1 1 1 1 1 1 1 1 1 1 1 1 1 100 1 1 1 1 1 1 1 1 1 1 1 1 1 1 1 1 1 1 1 1 1 1 1 1 100 1 1 1 1 1 1 1 1 1 1 1 1 1 100 1 1 1 1 1 1 1 1 1 1 1 1 1 1 1 15 10 100 12 1 1 1 16 15 10 12 16 15 10 12 15 10 12 15 10 12 1 1 1 1 100 1 100 1 1 1
staticfield java/lang/String COMPACT_STRINGS Z 1
staticfield java/lang/String serialPersistentFields [Ljava/io/ObjectStreamField; 0 [Ljava/io/ObjectStreamField;
staticfield java/lang/String CASE_INSENSITIVE_ORDER Ljava/util/Comparator; java/lang/String$CaseInsensitiveComparator
ciInstanceKlass java/security/ProtectionDomain 1 1 324 10 7 12 1 1 1 9 7 12 1 1 1 7 1 10 9 12 1 1 9 12 1 1 9 12 1 1 10 7 12 1 1 7 1 9 12 1 9 12 1 1 7 1 9 12 1 1 9 12 1 10 100 12 1 1 10 100 12 1 1 1 10 12 1 1 10 12 1 9 12 1 9 100 12 1 1 10 12 1 1 10 100 1 10 12 1 1 8 1 100 1 8 1 10 12 1 10 10 100 12 1 1 1 10 12 1 1 8 1 11 8 1 10 12 1 8 1 8 1 10 12 1 1 10 12 1 10 12 1 1 10 12 1 8 1 10 12 1 8 1 8 1 10 100 12 1 1 1 9 100 12 1 1 1 10 12 1 1 9 100 12 1 1 1 10 100 12 1 1 1 100 1 100 1 10 12 1 10 100 12 1 1 1 10 100 1 10 12 1 10 12 1 1 11 100 12 1 1 11 12 1 100 1 11 100 12 1 1 1 10 12 1 10 11 12 1 1 11 12 1 1 10 12 1 10 7 12 1 1 10 100 12 1 1 11 12 1 10 12 8 1 8 1 10 7 12 1 1 1 7 1 10 10 7 12 1 1 1 1 1 1 1 1 1 1 100 1 1 100 1 1 1 1 1 1 1 1 1 1 1 1 1 1 1 1 1 1 1 1 1 1 1 1 1 1 1 1 1 1 1 1 1 1 1 1 1 1 1 1 1 1 100 1 1 1 1 1 100 1 1 1 1 1
staticfield java/security/ProtectionDomain filePermCompatInPD Z 0
ciInstanceKlass java/security/CodeSource 1 1 395 10 7 12 1 1 1 9 7 12 1 1 1 9 12 1 1 9 12 1 1 9 12 1 1 10 7 12 1 1 1 9 12 1 1 10 100 12 1 1 10 100 10 100 12 1 1 1 10 100 12 1 1 1 10 12 1 1 100 1 10 10 100 12 1 1 1 10 100 12 1 1 1 10 12 1 1 10 12 1 100 1 10 12 1 1 10 12 1 1 10 12 1 1 10 12 1 10 10 10 12 1 1 10 100 12 1 1 1 10 12 1 10 12 1 10 12 1 8 1 10 12 1 10 12 1 10 12 1 1 10 12 1 8 1 10 12 1 1 10 100 1 10 10 12 1 1 8 1 10 12 1 10 12 1 10 12 1 8 1 8 1 9 12 1 1 100 1 8 1 10 12 1 10 12 1 1 8 1 10 12 1 8 1 8 1 8 1 10 100 12 1 1 10 12 1 1 10 12 1 10 12 1 1 10 12 1 1 10 12 1 1 100 1 100 1 10 12 1 10 12 10 12 1 1 10 100 12 1 1 10 12 1 100 1 10 12 10 8 1 10 12 1 10 12 1 10 12 1 1 100 1 10 12 1 1 100 1 100 1 8 1 8 1 10 10 12 1 1 10 100 12 1 1 1 100 1 10 12 10 12 1 1 11 100 12 1 1 10 10 12 1 11 10 12 1 8 1 100 1 10 12 1 10 12 1 1 10 12 1 11 12 1 1 11 100 1 1 1 1 5 0 1 1 1 1 1 1 1 1 1 1 1 1 1 1 1 1 1 1 1 1 1 1 1 1 1 1 1 1 1 1 1 1 1 1 1 1 1 1 1 1 1 1 1 1 1 1 1 1 1 1 1 1 1 1 1 1 1 1 1 1 1 1 1 1 1 100 1 1 1 1 1 1 1
ciInstanceKlass java/lang/StringBuilder 1 1 409 10 7 12 1 1 1 10 12 1 10 12 1 10 12 1 1 10 7 12 1 1 1 10 7 12 1 1 1 10 12 1 10 12 1 10 12 1 10 12 1 10 12 1 10 12 1 10 12 1 10 12 1 10 12 1 10 12 1 10 12 1 10 12 1 10 12 1 10 12 1 1 10 12 1 10 12 1 1 10 12 1 1 10 12 1 10 12 1 10 12 1 10 12 1 10 12 1 10 12 1 10 12 1 10 12 10 12 1 10 12 1 10 12 1 10 12 1 1 10 12 1 10 12 1 10 12 10 12 1 1 10 12 1 1 9 12 1 1 9 12 1 1 10 7 12 1 1 1 10 100 1 10 100 12 1 1 1 10 12 1 10 12 1 1 10 12 1 1 10 10 12 1 1 10 100 12 1 1 10 12 1 10 12 1 1 100 1 100 1 8 1 10 10 12 1 1 10 12 1 1 10 12 1 10 12 1 10 12 1 10 12 1 10 12 1 10 12 1 10 12 1 10 12 1 10 12 1 10 12 1 10 12 1 10 12 1 10 12 1 10 12 1 10 12 1 1 10 12 1 1 10 12 1 10 12 1 10 12 1 10 12 10 12 10 12 1 10 12 1 10 12 1 10 12 10 12 1 10 12 1 10 12 1 10 12 1 10 12 1 10 12 1 10 12 1 10 12 1 10 12 1 1 10 12 1 10 12 1 1 10 12 1 10 12 1 1 10 12 1 10 12 1 1 10 12 1 10 12 1 10 12 1 10 10 12 1 10 12 1 100 1 100 1 100 1 1 1 1 5 0 1 1 1 1 1 1 1 1 1 1 1 1 1 1 1 1 1 1 1 1 1 1 1 1 1 1 1 1 1 1 1 1 1 1 1 1 1 1 1 1 1 1 1 100 1 1 1 100 1 1 1 1 1 1 1 1 1 1
ciInstanceKlass jdk/internal/loader/ClassLoaders 1 1 183 10 100 12 1 1 1 10 7 12 1 1 1 10 12 1 1 10 100 12 1 1 1 9 7 12 1 1 1 9 12 1 1 9 12 1 1 7 1 11 100 12 1 1 1 100 1 11 12 1 1 11 12 1 1 10 100 12 1 1 1 10 100 12 1 1 1 100 1 100 1 10 7 12 1 1 1 9 12 1 1 10 12 1 1 7 1 10 12 1 1 10 12 1 7 1 8 1 10 7 12 1 1 1 10 12 1 1 7 1 10 12 1 10 12 1 10 12 1 8 1 10 7 12 1 1 8 1 8 1 10 12 1 7 1 10 12 1 10 12 1 10 12 1 1 1 1 1 1 1 1 1 1 1 1 1 1 1 1 1 1 1 1 100 1 1 1 1 1 1 1 1 1 1 1 1 1 1 1 1 1 1 1
staticfield jdk/internal/loader/ClassLoaders JLA Ljdk/internal/access/JavaLangAccess; java/lang/System$2
staticfield jdk/internal/loader/ClassLoaders BOOT_LOADER Ljdk/internal/loader/ClassLoaders$BootClassLoader; jdk/internal/loader/ClassLoaders$BootClassLoader
staticfield jdk/internal/loader/ClassLoaders PLATFORM_LOADER Ljdk/internal/loader/ClassLoaders$PlatformClassLoader; jdk/internal/loader/ClassLoaders$PlatformClassLoader
staticfield jdk/internal/loader/ClassLoaders APP_LOADER Ljdk/internal/loader/ClassLoaders$AppClassLoader; jdk/internal/loader/ClassLoaders$AppClassLoader
ciInstanceKlass jdk/internal/misc/Unsafe 1 1 1285 10 7 12 1 1 1 9 7 12 1 1 1 9 12 1 1 10 12 1 1 10 7 12 1 1 1 10 12 1 1 10 12 1 1 10 12 1 1 10 12 1 1 10 12 1 1 10 12 1 1 10 12 1 1 10 12 1 1 10 12 1 1 10 12 1 1 10 12 1 1 10 12 1 1 10 12 1 1 10 12 1 10 12 1 100 1 10 10 12 1 1 10 12 1 1 5 0 10 12 1 1 10 12 1 1 10 7 12 1 1 1 10 12 1 1 10 12 1 10 12 1 10 12 1 1 10 12 1 1 10 12 1 10 12 1 100 1 100 1 10 8 1 10 12 1 1 10 12 1 8 1 10 12 1 1 10 12 1 10 12 1 10 12 1 1 10 12 1 10 12 1 1 10 12 1 1 10 12 1 10 12 1 10 12 1 10 12 1 1 10 12 1 10 12 1 10 12 1 1 10 12 1 5 0 5 0 5 0 10 12 1 10 12 1 10 12 1 10 12 1 10 12 1 10 12 1 10 12 1 10 12 1 10 12 1 1 10 12 1 10 12 1 100 1 8 1 10 100 1 10 10 12 1 1 10 12 1 1 10 12 1 10 12 1 1 10 12 1 1 10 12 1 10 12 1 1 10 12 1 9 7 12 1 1 9 12 1 100 1 10 10 12 1 1 8 1 10 8 1 8 1 10 12 1 1 9 7 12 1 1 1 9 100 1 9 7 1 9 100 1 9 9 100 1 9 100 1 9 100 1 10 12 1 1 10 12 1 1 10 12 1 1 10 12 1 1 5 0 5 0 9 12 1 1 10 12 1 10 12 1 10 12 1 1 10 12 1 1 10 12 1 8 1 3 10 12 1 1 10 12 1 1 10 12 1 10 12 1 1 10 12 1 1 10 12 1 10 12 1 10 12 1 10 12 1 10 12 1 10 12 1 1 10 12 1 1 10 12 1 10 12 1 10 12 1 10 12 1 10 12 1 10 12 1 1 10 12 1 1 10 12 1 10 12 1 10 12 1 10 12 1 10 12 1 10 12 1 1 10 12 1 1 10 12 1 1 10 12 1 1 10 12 1 10 12 1 10 12 1 10 12 1 10 12 1 10 12 1 10 12 1 1 10 12 1 1 10 12 1 10 12 1 10 12 1 10 12 1 10 12 1 10 12 1 10 12 1 1 10 12 1 1 10 12 1 10 12 1 10 12 1 10 12 1 10 12 1 10 12 1 10 12 1 10 12 1 1 10 12 1 10 12 1 10 12 1 10 12 1 10 12 1 1 10 12 1 10 12 1 10 12 1 10 12 1 10 12 1 10 12 1 10 12 1 10 12 1 1 10 12 1 10 12 1 10 12 1 10 12 1 10 12 1 10 12 1 1 10 12 1 10 12 1 10 12 1 1 10 12 1 10 12 1 10 12 1 10 12 1 10 12 1 10 12 1 10 12 1 10 12 1 10 12 1 10 12 1 10 12 1 10 12 1 10 12 1 10 12 1 10 12 1 10 12 1 10 12 1 10 12 1 10 12 1 10 12 1 10 12 1 10 12 1 100 1 10 100 1 10 9 12 1 5 0 10 12 1 1 5 0 10 12 1 5 0 10 12 1 10 12 1 10 12 1 1 10 12 1 1 10 12 1 10 12 1 10 12 1 10 12 1 1 10 12 1 10 12 1 10 12 1 10 12 1 10 12 1 1 10 12 1 10 12 1 10 12 1 10 12 1 1 10 12 1 10 12 1 10 12 1 1 10 12 1 10 12 1 10 12 1 10 12 1 1 10 12 1 10 10 12 1 1 10 12 1 10 12 1 1 10 12 1 10 12 5 0 5 0 5 0 10 12 1 1 10 12 1 10 12 1 10 12 10 100 12 1 1 8 1 100 1 11 12 1 1 8 1 11 12 1 1 10 100 12 1 1 10 12 1 10 12 1 10 12 1 10 12 1 10 12 1 1 10 12 1 10 12 1 10 12 1 10 12 1 10 12 1 10 12 1 10 7 1 10 12 1 9 12 1 7 1 9 12 1 7 1 9 12 1 7 1 9 12 1 7 1 9 12 1 7 1 9 12 1 7 1 9 12 1 7 1 9 12 1 7 1 9 12 1 10 12 1 9 12 1 9 12 1 9 12 1 9 12 1 9 12 1 9 12 1 9 12 1 9 12 1 9 12 1 9 12 1 1 1 3 1 1 1 1 1 1 1 1 1 1 1 1 1 1 1 1 1 1 1 1 1 1 1 1 1 1 1 1 1 1 1 1 1 1 1 1 1 1 1 1 1 1 1 1 1 1 1 1 1 1 1 1 1 1 1 1 1 1 1 1 1 1 1 1 1 1 1 1 1 1 1 1 1 1 1 1 1 1 1 1 1 1 1 1 1 1 1 1 1 100 1 1 1 1 1 1 1 1 1 1 1 1 1 1 1 1 1 1 1 1 1 1 1 1 1 1 1 1 1 1 1 1 1 1 1 1 1 1 1 1 1 1 1 1 1 1 1 1 1 1 1 1 1 1 1 1 1 1 1 1 1 1 1 1 1 1 1 1 1 1 1 1 1 1 1 1 1 1 1 1 1 1 1 1 1 1 1 1 1 1 1 1 1 1 1 1 1 1 1 1 1 1 1 1 1 1 1 1 1 1 1 1 1 1 1 1 1 1 1 1 1 1 1 1 1 1 1 1 1 1 1 1 1 1 1 1 1 1 1 1 1 1 1 1 1 1 1 1 1 1 1 1 1 1 1 1 1 1 1 1 1 1 1 1 1 1 1 1 1 1 1 1 1 1 1 1 1 1 1 1 1 1 1 1 1 1 1 1 1 1 1 1 1 1 1 1 1 1 1 1 1 1 1 1 1 1 1 3 1 1 1 1 1 1 1 1 1 1 1 1 1 1 1 1 1 1 1 1 1
staticfield jdk/internal/misc/Unsafe theUnsafe Ljdk/internal/misc/Unsafe; jdk/internal/misc/Unsafe
staticfield jdk/internal/misc/Unsafe ARRAY_BOOLEAN_BASE_OFFSET I 16
staticfield jdk/internal/misc/Unsafe ARRAY_BYTE_BASE_OFFSET I 16
staticfield jdk/internal/misc/Unsafe ARRAY_SHORT_BASE_OFFSET I 16
staticfield jdk/internal/misc/Unsafe ARRAY_CHAR_BASE_OFFSET I 16
staticfield jdk/internal/misc/Unsafe ARRAY_INT_BASE_OFFSET I 16
staticfield jdk/internal/misc/Unsafe ARRAY_LONG_BASE_OFFSET I 16
staticfield jdk/internal/misc/Unsafe ARRAY_FLOAT_BASE_OFFSET I 16
staticfield jdk/internal/misc/Unsafe ARRAY_DOUBLE_BASE_OFFSET I 16
staticfield jdk/internal/misc/Unsafe ARRAY_OBJECT_BASE_OFFSET I 16
staticfield jdk/internal/misc/Unsafe ARRAY_BOOLEAN_INDEX_SCALE I 1
staticfield jdk/internal/misc/Unsafe ARRAY_BYTE_INDEX_SCALE I 1
staticfield jdk/internal/misc/Unsafe ARRAY_SHORT_INDEX_SCALE I 2
staticfield jdk/internal/misc/Unsafe ARRAY_CHAR_INDEX_SCALE I 2
staticfield jdk/internal/misc/Unsafe ARRAY_INT_INDEX_SCALE I 4
staticfield jdk/internal/misc/Unsafe ARRAY_LONG_INDEX_SCALE I 8
staticfield jdk/internal/misc/Unsafe ARRAY_FLOAT_INDEX_SCALE I 4
staticfield jdk/internal/misc/Unsafe ARRAY_DOUBLE_INDEX_SCALE I 8
staticfield jdk/internal/misc/Unsafe ARRAY_OBJECT_INDEX_SCALE I 4
staticfield jdk/internal/misc/Unsafe ADDRESS_SIZE I 8
ciInstanceKlass java/lang/ThreadGroup 1 1 293 10 7 12 1 1 1 9 7 12 1 1 1 8 1 9 12 1 1 7 1 9 12 1 9 12 1 1 10 12 1 1 10 12 1 1 10 12 1 10 12 1 1 10 12 1 9 12 1 1 10 12 1 1 10 12 1 9 12 1 10 100 12 1 1 1 9 12 1 9 12 1 1 10 7 12 1 1 1 100 10 12 1 1 10 7 12 1 1 1 10 100 12 1 9 12 1 10 12 1 1 10 12 1 1 9 12 1 1 10 12 1 1 10 12 1 10 12 1 10 12 1 1 10 12 1 1 10 12 1 10 12 1 10 10 12 1 10 12 1 10 100 1 10 10 12 1 10 12 1 10 12 1 7 10 12 1 9 12 1 1 10 12 1 1 8 1 10 100 12 1 1 1 10 12 1 1 10 12 1 1 10 12 1 1 11 100 1 100 1 9 12 1 100 1 10 8 1 10 12 1 1 10 12 1 1 8 1 10 12 1 10 100 12 1 1 1 10 12 1 1 10 100 1 8 1 10 8 1 10 12 1 8 1 1 1 1 1 1 1 1 1 1 1 1 1 1 1 1 1 3 1 1 1 1 1 1 1 1 1 1 1 1 1 1 1 1 1 1 1 1 1 1 1 1 1 1 1 1 1 1 1 1 1 1 1 1 1 1 1 1 1 1
ciInstanceKlass java/util/Properties 1 1 651 10 7 12 1 1 1 100 1 10 7 12 1 1 7 1 10 12 1 9 12 1 1 9 12 1 1 9 12 1 1 10 7 12 1 1 1 10 12 1 1 8 1 10 7 12 1 1 1 7 1 10 12 1 10 12 1 1 8 1 10 12 1 7 1 10 12 10 12 1 1 9 12 1 1 10 12 1 1 7 1 10 12 1 10 12 1 10 12 1 1 100 1 8 1 10 12 1 10 12 1 10 12 1 1 10 12 1 100 1 3 10 10 100 12 1 1 1 10 12 1 10 12 1 1 8 1 10 12 1 10 12 1 1 8 1 10 100 12 1 1 10 12 1 1 10 12 1 10 12 1 1 100 1 10 12 1 10 12 1 1 100 1 9 100 12 1 1 1 10 12 1 10 12 1 1 100 1 10 10 10 12 1 1 11 7 12 1 1 1 11 7 12 1 1 1 11 12 1 1 7 1 11 12 1 11 12 1 10 12 1 1 8 1 10 12 1 10 12 1 100 1 10 10 12 1 1 10 100 12 1 1 9 100 12 1 1 10 12 1 1 10 100 12 1 1 1 100 1 100 1 100 1 10 8 1 8 1 10 12 1 10 12 1 10 12 1 1 10 10 12 1 1 10 12 1 1 100 1 10 10 12 1 11 7 12 1 1 10 7 12 1 1 1 8 1 10 100 12 1 1 11 8 1 10 100 1 11 10 12 1 10 12 1 10 12 1 10 12 1 1 10 12 1 1 10 12 1 1 10 12 1 10 12 1 10 10 12 1 10 12 1 10 12 1 10 10 12 1 1 10 12 1 1 7 1 10 10 12 1 10 12 1 10 12 1 10 12 1 10 12 1 1 10 12 1 1 10 12 1 10 12 1 10 12 1 1 10 12 10 12 1 1 10 12 1 1 10 12 1 10 12 1 1 10 12 1 1 10 12 100 1 10 11 100 12 1 1 4 11 10 12 1 1 10 100 12 1 1 11 12 1 10 12 1 1 10 100 12 1 1 10 12 1 100 1 8 1 10 12 1 10 10 100 12 1 1 1 100 1 6 0 10 12 1 1 11 100 12 1 1 1 10 12 1 10 12 1 1 1 1 1 5 0 1 1 1 1 1 1 1 1 1 1 1 1 1 1 1 1 1 1 1 1 1 1 1 1 1 1 1 1 1 1 1 1 1 1 1 1 1 1 1 1 100 1 1 1 1 1 1 1 1 1 1 1 1 1 1 1 1 1 1 1 1 100 1 1 1 1 1 1 1 100 1 100 1 1 1 1 100 1 1 1 1 1 1 1 1 1 1 1 1 1 1 1 1 1 1 1 1 1 1 1 1 1 1 1 1 1 1 1 1 1 1 1 1 1 1 1 1 1 1 1 1 1 1 1 1 1 1 1 1 1 1 1 1 1 1 1 1 1 1 1 1 1 1 1 1 1 1 1 1 1 1 1 1 100 1 1 1 1 1 1 1 1 1 100 1 1 1
staticfield java/util/Properties UNSAFE Ljdk/internal/misc/Unsafe; jdk/internal/misc/Unsafe
instanceKlass java/util/Hashtable
ciInstanceKlass java/util/Dictionary 1 1 36 10 7 12 1 1 1 100 1 1 1 1 1 1 1 1 1 1 1 1 1 1 1 1 1 1 1 1 1 1 1 1 1 1 1 1
instanceKlass java/util/Properties
ciInstanceKlass java/util/Hashtable 1 1 512 100 1 10 7 12 1 1 1 9 7 12 1 1 1 100 1 100 1 10 8 1 10 12 1 1 10 12 1 10 12 1 1 10 12 1 10 7 12 1 1 1 8 1 10 12 1 9 12 1 1 7 1 9 12 1 1 4 10 7 12 1 1 1 9 12 1 4 10 12 1 11 100 12 1 1 1 10 12 1 1 10 12 1 1 9 12 1 10 12 1 1 100 1 10 9 12 1 1 10 7 12 1 1 1 9 12 1 1 10 12 1 10 12 1 3 9 12 1 9 12 1 3 10 12 1 10 12 1 10 12 1 1 11 12 1 1 11 100 12 1 1 1 11 100 12 1 1 1 11 12 1 100 1 11 12 1 11 12 1 10 12 1 1 10 12 1 1 10 12 1 9 12 1 1 9 12 9 12 1 1 10 100 1 100 1 10 12 1 10 8 1 10 10 12 1 8 1 10 8 1 10 100 12 1 1 1 7 1 10 12 1 10 12 1 100 1 10 12 1 10 12 1 1 100 1 10 100 1 10 10 12 1 1 11 12 1 1 11 12 1 100 1 10 10 10 100 12 1 1 11 100 12 1 1 1 100 1 10 11 100 12 1 1 11 100 12 1 10 12 1 10 12 1 1 10 100 12 1 1 10 12 1 1 10 12 1 1 10 12 1 1 10 100 12 1 1 1 8 10 100 12 1 1 100 1 8 1 10 4 10 12 4 10 12 1 8 1 10 12 10 100 12 1 1 1 100 1 11 100 12 1 1 1 10 100 12 1 1 1 10 12 1 10 12 1 1 10 100 1 100 1 1 1 1 1 1 5 0 1 1 1 1 1 3 1 3 1 3 1 1 1 1 1 1 1 1 1 1 1 1 1 1 1 1 1 1 1 1 1 1 1 1 1 100 1 1 1 1 1 1 1 1 1 1 1 1 1 1 1 1 1 1 1 1 1 1 1 1 1 1 1 1 1 100 1 1 1 1 1 1 1 1 1 1 1 1 1 1 1 1 1 1 1 1 1 1 1 1 1 1 1 1 1 1 1 1 1 1 1 1 1 1 1 1 1 1 1 1 1 1 1 1 1 1 1 1 1 1 1 1 1 1 100 1 1 1 100 1 1 1 1 1 100 1 1 1 1 1 1 1 1 1 1 1 1 1 1 1 1 1 1
instanceKlass org/jetbrains/kotlin/com/intellij/util/io/CompressedAppendableFile$SegmentedChunkInputStream
instanceKlass org/jetbrains/kotlin/com/intellij/util/io/keyStorage/AppendableStorageBackedByResizableMappedFile$4
instanceKlass org/jetbrains/kotlin/protobuf/RopeByteString$RopeInputStream
instanceKlass org/jetbrains/kotlin/com/intellij/util/io/UnsyncByteArrayInputStream
instanceKlass org/jetbrains/kotlin/com/fasterxml/aalto/in/MergedStream
instanceKlass java/util/zip/ZipFile$ZipFileInputStream
instanceKlass java/io/FilterInputStream
instanceKlass java/io/FileInputStream
instanceKlass java/io/ByteArrayInputStream
ciInstanceKlass java/io/InputStream 1 1 184 100 1 10 7 12 1 1 1 100 1 10 10 7 12 1 1 1 10 7 12 1 1 1 10 12 1 100 1 3 10 12 1 1 100 1 8 1 10 12 1 10 100 12 1 1 1 3 100 1 8 1 10 10 100 12 1 1 1 100 1 10 11 100 12 1 1 1 10 12 1 1 11 12 1 1 11 100 12 1 1 1 11 12 1 1 100 1 10 100 12 1 1 1 5 0 10 12 1 10 12 1 1 100 1 10 8 1 10 8 1 8 1 10 12 1 1 10 100 12 1 1 1 100 1 1 1 1 3 1 3 1 1 1 1 1 1 1 1 1 1 1 1 1 1 1 1 1 1 1 1 1 1 1 1 1 1 1 1 1 1 1 1 1 1 1 1 1 1 1 1 1 1 1 1 1 1 1 1 1 1 1 1 1
ciInstanceKlass java/io/ByteArrayInputStream 1 1 117 10 7 12 1 1 1 9 7 12 1 1 1 9 12 1 1 9 12 1 9 12 1 10 100 12 1 1 1 10 7 12 1 1 1 10 7 12 1 1 1 10 100 12 1 1 1 10 12 1 1 3 10 100 1 10 100 12 1 1 1 9 12 1 1 100 1 10 10 7 12 1 1 1 1 1 1 1 1 1 1 1 1 1 1 1 1 1 1 1 1 1 1 1 1 1 1 1 1 1 1 1 100 1 1 1 1 1 1 1 1 1 1 1 1 1 1
staticfield java/io/ByteArrayInputStream $assertionsDisabled Z 1
instanceKlass java/util/logging/LogManager$Cleaner
instanceKlass jdk/internal/misc/InnocuousThread
instanceKlass java/lang/ref/Finalizer$FinalizerThread
instanceKlass java/lang/ref/Reference$ReferenceHandler
ciInstanceKlass java/lang/Thread 1 1 612 9 7 12 1 1 1 9 12 1 1 10 12 1 1 9 12 1 1 9 12 1 1 100 1 8 1 10 12 1 1 3 8 1 100 1 5 0 10 12 1 1 10 7 12 1 1 9 12 1 1 9 12 1 9 12 1 1 9 12 1 100 1 8 1 10 9 12 1 1 10 7 12 1 1 1 10 100 12 1 1 1 10 10 7 12 1 1 10 12 1 1 10 12 1 1 9 100 12 1 1 1 10 12 1 1 10 12 1 9 12 1 1 10 12 1 1 10 12 1 1 9 12 1 10 12 1 1 9 12 1 1 10 7 12 1 1 1 9 12 1 1 9 12 1 1 10 12 1 1 10 100 12 1 1 1 9 12 1 10 12 1 1 9 12 1 100 1 10 100 1 10 8 1 10 12 1 1 10 12 1 10 12 1 10 12 1 1 10 12 1 10 12 1 9 12 1 100 1 10 10 12 1 1 10 12 1 10 12 1 100 1 11 7 12 1 1 9 100 12 1 1 1 10 12 1 10 12 1 10 12 9 12 1 1 10 9 12 1 10 12 1 100 1 10 10 12 1 1 9 12 1 10 12 1 11 100 12 1 1 10 12 1 9 12 1 10 12 1 10 12 1 10 10 12 1 10 12 1 10 12 1 10 12 1 10 12 1 1 100 1 10 10 12 1 10 12 1 10 12 1 9 100 12 1 1 1 10 12 1 1 10 12 1 100 1 8 1 10 10 12 1 10 12 8 1 10 12 1 8 1 10 8 1 8 1 10 100 12 1 1 10 100 12 1 1 1 100 1 8 1 10 9 12 1 9 12 1 1 10 12 1 1 10 10 12 1 1 9 12 1 10 12 1 1 100 1 10 12 11 100 12 1 1 1 9 100 12 1 1 1 9 12 1 1 10 12 1 1 100 1 10 12 1 11 100 12 1 1 1 100 1 10 12 1 10 12 1 1 11 12 1 10 12 1 100 1 10 12 1 10 12 1 1 10 100 12 1 1 1 8 1 9 12 1 10 12 1 1 11 100 12 1 1 1 10 100 12 1 1 1 11 12 1 10 12 1 7 1 1 1 1 3 1 3 1 3 1 1 1 1 1 1 1 1 1 1 1 1 1 1 1 1 1 1 1 100 1 1 1 1 1 1 1 1 1 1 1 1 100 1 100 1 1 1 1 1 1 1 1 1 1 1 1 1 1 1 1 1 1 1 1 1 1 1 1 1 1 1 1 1 1 1 1 1 1 1 1 1 1 1 1 1 1 1 100 100 1 1 1 1 1 1 1 1 1 100 1 1 1 1 1 1 1 1 1 1 1 1 1 1 1 1 1 1 1 1 1 1 1 1 1 1 1 1 100 1 1 1 1 1 1 100 1 1 100 1 1 1 1 1 1
staticfield java/lang/Thread EMPTY_STACK_TRACE [Ljava/lang/StackTraceElement; 0 [Ljava/lang/StackTraceElement;
instanceKlass org/jetbrains/kotlin/load/java/structure/impl/classFiles/BinaryClassSignatureParser$ClsFormatException
instanceKlass java/lang/Exception
instanceKlass java/lang/Error
ciInstanceKlass java/lang/Throwable 1 1 393 10 7 12 1 1 1 9 7 12 1 1 1 9 12 1 1 9 12 1 9 12 1 1 9 12 1 10 12 1 1 9 12 1 1 10 12 1 1 10 12 1 100 1 7 1 10 8 1 10 12 1 1 8 1 10 100 12 1 1 10 10 12 1 100 1 8 1 10 10 12 1 1 10 7 12 1 1 10 12 1 8 1 9 100 12 1 1 1 10 12 1 1 100 1 10 12 10 12 1 100 1 10 10 7 12 1 1 1 11 100 12 1 1 1 10 100 12 1 1 1 10 12 1 1 10 12 1 1 8 1 10 12 1 10 12 1 1 8 1 8 1 10 12 1 1 10 12 1 8 1 8 1 9 12 1 1 10 100 12 1 1 100 1 10 11 12 1 8 1 8 1 10 7 12 1 1 8 1 10 12 1 8 1 100 1 10 12 1 9 12 1 1 10 12 1 10 100 12 1 9 12 1 1 10 12 1 1 100 1 8 1 10 12 1 10 100 12 1 1 10 12 1 1 100 1 10 100 12 1 1 1 10 12 1 11 100 12 1 1 1 11 100 12 1 1 1 11 12 1 8 1 10 12 1 1 8 1 10 10 9 100 12 1 1 1 8 1 10 12 1 1 10 100 1 8 1 10 11 12 1 1 8 1 9 12 1 10 100 12 1 1 11 9 12 1 1 11 12 1 1 100 10 12 1 10 12 1 1 100 1 1 1 1 5 0 1 1 1 1 1 1 1 1 1 1 1 1 1 100 1 1 1 1 1 1 1 1 1 1 1 1 1 1 1 1 1 1 1 1 1 1 1 1 1 1 1 1 1 1 1 1 1 1 1 1 1 1 1 1 1 1 100 1 100 1 1 1 1 1 1 1 1 1 1 1 1 1 1 1 1 1 1
staticfield java/lang/Throwable UNASSIGNED_STACK [Ljava/lang/StackTraceElement; 0 [Ljava/lang/StackTraceElement;
staticfield java/lang/Throwable SUPPRESSED_SENTINEL Ljava/util/List; java/util/Collections$EmptyList
staticfield java/lang/Throwable EMPTY_THROWABLE_ARRAY [Ljava/lang/Throwable; 0 [Ljava/lang/Throwable;
staticfield java/lang/Throwable $assertionsDisabled Z 1
instanceKlass com/google/common/collect/RegularImmutableMap$BucketOverflowException
instanceKlass dagger/hilt/processor/internal/root/ir/InvalidRootsException
instanceKlass dagger/internal/codegen/base/SourceFileGenerationException
instanceKlass org/jetbrains/kotlin/types/TypeSubstitutor$SubstitutionException
instanceKlass com/google/devtools/ksp/common/impl/KSPCompilationError
instanceKlass org/jetbrains/kotlin/com/intellij/util/AstLoadingException
instanceKlass java/util/concurrent/ExecutionException
instanceKlass sun/nio/fs/WindowsException
instanceKlass org/jetbrains/kotlin/container/UnresolvedDependenciesException
instanceKlass org/jetbrains/kotlin/container/InvalidCardinalityException
instanceKlass org/jetbrains/kotlin/container/ContainerConsistencyException
instanceKlass kotlin/reflect/full/IllegalPropertyDelegateAccessException
instanceKlass kotlin/reflect/full/IllegalCallableAccessException
instanceKlass org/jetbrains/kotlin/com/intellij/psi/scope/MethodProcessorSetupFailedException
instanceKlass java/text/ParseException
instanceKlass javax/xml/stream/XMLStreamException
instanceKlass org/jetbrains/kotlin/com/intellij/util/cls/ClsFormatException
instanceKlass java/net/URISyntaxException
instanceKlass java/lang/CloneNotSupportedException
instanceKlass java/lang/InterruptedException
instanceKlass java/io/IOException
instanceKlass java/lang/ReflectiveOperationException
instanceKlass java/lang/RuntimeException
ciInstanceKlass java/lang/Exception 1 1 40 10 7 12 1 1 1 10 12 1 10 12 1 10 12 1 10 12 1 100 1 1 1 1 5 0 1 1 1 1 1 1 1 1 1 1 1 1 1 1
instanceKlass java/lang/reflect/InvocationTargetException
instanceKlass java/lang/InstantiationException
instanceKlass java/lang/IllegalAccessException
instanceKlass java/lang/NoSuchFieldException
instanceKlass java/lang/NoSuchMethodException
instanceKlass java/lang/ClassNotFoundException
ciInstanceKlass java/lang/ReflectiveOperationException 1 1 34 10 7 12 1 1 1 10 12 1 10 12 1 10 12 1 100 1 1 1 1 5 0 1 1 1 1 1 1 1 1 1 1 1
instanceKlass java/io/IOError
instanceKlass kotlin/reflect/jvm/internal/KotlinReflectionInternalError
instanceKlass kotlin/NotImplementedError
instanceKlass kotlin/jvm/KotlinReflectionNotSupportedError
instanceKlass java/lang/AssertionError
instanceKlass java/lang/VirtualMachineError
instanceKlass java/lang/LinkageError
instanceKlass java/lang/ThreadDeath
ciInstanceKlass java/lang/Error 1 1 40 10 7 12 1 1 1 10 12 1 10 12 1 10 12 1 10 12 1 100 1 1 1 1 5 0 1 1 1 1 1 1 1 1 1 1 1 1 1 1
ciInstanceKlass java/lang/ThreadDeath 0 0 21 10 100 12 1 1 1 100 1 1 1 1 5 0 1 1 1 1 1 1 1
ciInstanceKlass java/lang/ClassNotFoundException 1 1 96 7 1 10 7 12 1 1 1 10 12 1 10 12 1 1 10 100 12 1 1 1 8 1 10 100 12 1 1 1 10 7 12 1 1 10 100 12 1 1 1 10 100 12 1 1 1 10 12 1 1 7 1 10 12 1 9 12 1 1 1 1 1 5 0 1 1 1 1 1 1 1 1 1 1 1 1 1 1 1 1 1 1 100 1 1 1 1 1 1 1 1 1 1 1 1
staticfield java/lang/ClassNotFoundException serialPersistentFields [Ljava/io/ObjectStreamField; 1 [Ljava/io/ObjectStreamField;
instanceKlass java/lang/IncompatibleClassChangeError
instanceKlass java/lang/UnsatisfiedLinkError
instanceKlass java/lang/BootstrapMethodError
instanceKlass java/lang/NoClassDefFoundError
ciInstanceKlass java/lang/LinkageError 1 1 31 10 7 12 1 1 1 10 12 1 10 12 1 100 1 1 1 1 5 0 1 1 1 1 1 1 1 1 1 1 1
ciInstanceKlass java/lang/Record 0 0 22 10 100 12 1 1 1 100 1 1 1 1 1 1 1 1 1 1 1 1 1 1
ciInstanceKlass java/lang/StringLatin1 1 1 380 7 1 10 100 12 1 1 1 100 1 10 12 1 10 7 12 1 1 1 10 7 12 1 1 1 10 12 1 10 7 12 1 1 1 10 12 1 1 10 7 12 1 1 1 10 12 1 1 10 12 1 1 10 10 12 1 10 12 1 1 10 9 7 12 1 1 1 10 12 1 1 10 7 12 1 1 1 10 12 10 12 1 1 10 12 1 1 10 12 1 1 10 7 12 1 1 1 10 12 1 10 12 1 1 9 12 1 1 100 1 10 10 100 12 1 1 1 10 7 12 1 1 1 10 12 1 10 12 1 100 1 100 1 8 1 10 12 1 8 1 10 12 100 1 10 10 10 7 12 1 1 1 8 1 8 1 8 1 10 12 1 1 10 100 12 1 1 10 12 1 10 12 1 1 10 12 1 1 10 12 1 1 10 12 1 10 12 10 12 10 12 1 10 12 10 10 12 1 10 12 1 10 12 1 10 100 12 1 1 1 10 100 12 1 1 1 10 12 1 1 10 12 1 1 10 10 7 12 1 1 1 1 1 1 1 1 1 1 1 1 1 1 1 1 1 1 1 1 1 1 1 1 1 1 1 1 1 1 1 1 1 1 1 1 1 1 1 1 1 1 1 1 1 1 1 1 1 1 1 1 100 1 1 1 1 1 1 1 1 1 1 1 1 1 1 1 1 1 1 1 1 1 1 1 1 1 1 1 1 1 1 1 1 1 1 1 1 1 1 1 1 1 1 1 1 100 1 1 1 1 1 1 1 1 1 1 1 1 1 1 1 1 1 1 1 1 1 100 1 1 1 1 1 1 1 1 1 1 1 1 1 1 1 1 1 1 1 1 1 1 1 1 1 1 100 1 1 1 1
staticfield java/lang/StringLatin1 $assertionsDisabled Z 1
ciInstanceKlass java/lang/Math 1 1 395 10 100 12 1 1 1 10 7 12 1 1 1 10 12 1 10 12 1 10 12 1 10 12 1 10 12 1 7 1 6 0 6 0 10 12 1 10 12 1 10 12 1 10 12 1 10 12 1 10 12 1 1 10 12 1 10 12 1 10 12 1 10 12 1 10 12 1 10 7 12 1 1 1 100 1 3 3 3 10 7 12 1 1 1 100 1 5 0 5 0 5 0 5 0 5 0 9 100 12 1 1 1 10 100 12 1 1 1 100 1 8 1 10 12 1 8 1 10 12 1 1 10 12 1 1 100 1 5 0 5 0 100 1 3 5 0 3 5 0 10 12 1 10 12 1 8 1 10 12 1 8 1 9 12 1 1 9 12 1 10 12 1 1 6 0 10 12 1 9 12 1 1 100 1 10 10 12 1 100 1 10 12 1 10 12 1 1 10 12 1 10 12 1 10 12 1 10 12 1 1 10 12 1 1 10 12 1 1 10 12 6 0 10 12 1 1 10 12 1 1 10 12 10 12 1 4 10 12 1 1 10 12 1 10 12 1 10 12 10 12 1 10 12 1 10 12 1 10 12 1 10 12 1 10 12 1 10 12 1 5 0 6 0 4 6 0 4 6 0 4 10 12 1 1 9 12 1 1 10 12 1 9 12 1 10 7 12 1 1 1 4 6 0 1 1 6 0 1 6 0 1 1 1 1 1 1 1 1 1 1 1 1 1 1 1 1 1 1 1 1 1 1 1 1 1 1 1 1 1 1 1 1 1 1 1 1 1 1 1 1 1 1 1 1 1 1 1 1 1 1 1 1 1 1 1 1 1 1 1 1 1 1 1 1 1 1 1 1 1 1 1 1 1 1 1 1 1 1 1 1 1 1 1 1 1 1 1 1 1 1 1 1 1 1
staticfield java/lang/Math negativeZeroFloatBits J -2147483648
staticfield java/lang/Math negativeZeroDoubleBits J -9223372036854775808
staticfield java/lang/Math $assertionsDisabled Z 1
ciMethod java/lang/StringLatin1 charAt ([BI)C 748 0 849161 0 128
ciMethod java/lang/StringLatin1 newString ([BII)Ljava/lang/String; 308 0 5337 0 -1
ciInstanceKlass java/lang/StringUTF16 1 1 598 100 1 7 1 10 100 12 1 1 1 100 1 10 7 1 3 100 1 100 1 10 8 1 10 12 1 1 10 12 1 8 1 10 12 1 1 10 12 1 9 12 1 1 10 12 1 1 100 1 8 1 10 12 1 9 12 1 1 9 12 1 10 10 12 1 1 10 12 1 1 10 100 12 1 1 1 10 12 1 10 12 1 1 10 12 1 1 10 12 1 1 10 12 1 1 10 12 1 10 12 1 1 10 12 1 1 10 12 1 1 10 12 1 1 10 12 1 10 12 1 10 12 1 1 10 12 1 100 1 10 12 1 10 10 12 1 1 10 12 1 10 12 1 1 10 12 1 10 7 12 1 1 1 10 7 12 1 1 1 10 12 10 12 1 1 10 12 1 10 12 1 1 10 12 1 1 10 12 1 10 12 1 10 12 1 3 10 12 1 1 10 12 1 10 12 1 10 12 1 10 12 1 10 12 1 10 12 1 1 9 12 1 10 12 1 10 12 1 10 12 1 10 12 1 10 12 1 10 10 12 10 12 10 10 100 12 1 1 1 10 7 12 1 1 1 10 12 1 10 12 1 100 1 8 1 8 1 10 12 1 1 100 1 10 10 100 12 1 1 1 10 100 12 1 1 8 1 8 1 8 1 10 12 1 1 10 12 1 1 10 12 10 12 1 10 100 12 1 1 10 12 1 1 10 12 1 1 10 12 1 10 12 10 12 10 12 1 10 12 10 12 1 10 12 1 10 12 1 10 12 1 10 12 1 10 100 12 1 1 1 10 100 12 1 1 1 10 12 1 1 10 12 1 1 11 100 12 1 1 10 12 1 10 12 1 10 12 1 1 9 12 1 1 9 12 1 5 0 5 0 10 12 1 10 12 10 12 10 7 12 1 1 1 10 12 1 1 1 1 1 1 1 1 1 1 1 1 1 1 1 1 1 1 1 1 1 1 1 1 1 1 1 1 1 1 1 100 1 1 1 1 1 1 1 1 1 1 1 1 1 1 1 1 1 1 1 1 1 1 1 1 1 1 1 1 1 1 1 1 1 1 1 1 1 1 1 1 1 1 1 1 1 1 1 1 1 1 1 1 1 1 1 1 1 1 1 1 1 1 1 1 1 1 1 1 1 1 1 1 1 1 1 1 1 1 1 1 1 1 100 1 1 1 1 1 1 1 1 1 1 1 1 1 1 1 1 1 100 1 1 1 1 1 1 1 1 1 1 1 1 1 1 1 1 1 1 1 1 1 1 1 1 1 1 1 1 1 1 1 1 1 1 1 1 1 1 1 1 1 1 1 1 1 1 1 1 1 1 1 1 1 1 1 1 1 1 1 1 1 100 1 100 1 1 1 1 1
staticfield java/lang/StringUTF16 HI_BYTE_SHIFT I 0
staticfield java/lang/StringUTF16 LO_BYTE_SHIFT I 8
staticfield java/lang/StringUTF16 $assertionsDisabled Z 1
ciMethod java/lang/StringUTF16 length ([B)I 2 0 24806 0 96
ciMethod java/lang/StringUTF16 checkIndex (I[B)V 0 0 24804 0 0
ciMethod java/lang/StringUTF16 getChar ([BI)C 1024 0 11550 0 -1
ciMethod java/lang/StringUTF16 charAt ([BI)C 0 0 24804 0 128
ciMethod java/lang/StringUTF16 newString ([BII)Ljava/lang/String; 0 0 138 0 -1
ciInstanceKlass java/lang/Boolean 1 1 151 10 7 12 1 1 1 9 7 12 1 1 1 10 12 1 1 10 12 1 8 1 10 7 12 1 1 9 12 1 1 9 12 1 8 1 10 12 1 1 10 12 1 1 10 7 12 1 1 1 100 1 100 1 10 12 1 1 9 100 12 1 1 9 12 10 100 12 1 1 1 10 12 1 1 8 1 10 7 12 1 1 1 9 12 1 1 100 1 100 1 100 1 1 1 1 1 1 5 0 1 1 1 1 1 1 1 1 1 1 3 1 1 1 1 1 1 1 1 1 1 1 1 1 1 1 1 1 1 1 1 100 1 1 1 1 1 1 1 1 1 1 100 1 1 1 1 1 1 1 1
staticfield java/lang/Boolean TRUE Ljava/lang/Boolean; java/lang/Boolean
staticfield java/lang/Boolean FALSE Ljava/lang/Boolean; java/lang/Boolean
staticfield java/lang/Boolean TYPE Ljava/lang/Class; java/lang/Class
instanceKlass java/util/concurrent/locks/AbstractQueuedSynchronizer
ciInstanceKlass java/util/concurrent/locks/AbstractOwnableSynchronizer 1 1 32 10 7 12 1 1 1 9 7 12 1 1 1 100 1 1 1 1 5 0 1 1 1 1 1 1 1 1 1 1 1 1
instanceKlass java/math/BigInteger
instanceKlass java/util/concurrent/atomic/AtomicLong
instanceKlass java/util/concurrent/atomic/AtomicInteger
instanceKlass java/lang/Long
instanceKlass java/lang/Integer
instanceKlass java/lang/Short
instanceKlass java/lang/Byte
instanceKlass java/lang/Double
instanceKlass java/lang/Float
ciInstanceKlass java/lang/Number 1 1 37 10 7 12 1 1 1 10 100 12 1 1 1 100 1 1 1 1 5 0 1 1 1 1 1 1 1 1 1 1 1 1 1 1 1 1 1
instanceKlass java/lang/LiveStackFrameInfo
ciInstanceKlass java/lang/StackFrameInfo 0 0 132 10 100 12 1 1 1 9 100 12 1 1 1 9 100 1 9 12 1 1 11 100 12 1 1 1 9 12 1 1 11 12 1 1 10 12 1 1 10 100 12 1 1 1 10 12 1 11 12 1 11 12 1 1 11 12 1 10 12 1 1 9 12 1 1 10 12 1 1 10 100 12 1 1 10 12 1 1 11 12 1 1 10 12 1 9 12 1 1 10 12 1 1 100 1 8 1 10 12 1 10 100 12 1 1 1 100 1 1 1 1 1 1 1 1 1 1 1 1 1 1 1 1 1 1 100 1 1 1 1 1 1
ciInstanceKlass java/lang/LiveStackFrameInfo 0 0 97 10 100 12 1 1 1 9 100 12 1 1 1 9 12 1 9 12 1 9 12 1 9 12 1 1 100 1 10 12 1 1 10 12 1 8 1 10 12 1 1 8 1 8 1 8 1 10 100 1 10 12 1 100 1 10 12 1 100 1 100 1 1 1 3 1 3 1 1 1 1 1 1 1 1 1 1 1 1 1 1 1 1 1 1 1 1 1 1 1 1 1 1 1 100 1 1
ciInstanceKlass java/lang/Character 1 1 576 7 1 100 1 100 1 9 12 1 1 8 1 9 12 1 1 100 1 9 12 1 1 10 100 12 1 1 1 10 100 12 1 1 1 10 100 12 1 1 1 10 7 12 1 1 1 9 7 12 1 1 1 10 12 1 10 12 1 1 10 12 1 1 10 7 12 1 1 10 12 1 1 3 3 3 3 3 10 12 1 1 10 12 1 3 11 7 12 1 1 1 11 12 1 1 10 12 1 1 10 12 1 1 100 1 10 10 12 1 3 10 12 1 1 10 12 1 10 12 1 1 100 1 8 1 10 12 1 1 10 12 1 10 12 1 10 12 1 10 12 1 10 12 1 1 10 12 1 10 7 12 1 1 10 10 12 1 10 10 12 1 10 12 1 1 10 12 1 10 10 12 1 10 12 1 10 12 1 10 12 1 10 12 1 10 12 1 10 12 1 10 12 10 10 12 10 10 12 1 10 10 12 1 10 10 12 1 10 10 12 1 10 10 12 1 10 10 12 1 10 10 12 1 1 10 10 12 1 10 5 0 10 12 1 10 12 1 10 10 12 1 10 10 12 1 1 10 10 12 1 10 10 12 1 9 12 1 1 100 1 10 10 12 1 10 12 1 1 3 10 100 12 1 1 1 10 12 1 10 100 12 1 1 100 1 10 10 12 1 1 10 12 1 1 10 12 1 1 8 1 10 12 1 9 100 12 1 1 1 10 12 1 10 10 12 1 10 12 1 1 10 12 1 10 10 12 1 1 10 10 12 1 1 100 1 8 1 10 12 1 1 10 7 12 1 1 1 8 1 10 12 1 1 9 12 1 1 100 1 100 1 100 1 1 1 1 3 1 3 1 3 1 3 1 1 1 1 1 3 1 1 3 1 3 1 3 1 3 1 3 1 3 1 3 1 3 1 3 1 3 1 3 1 3 1 3 1 3 1 3 1 3 1 3 1 3 1 3 1 3 1 3 1 3 1 3 1 3 1 3 1 3 1 3 1 3 1 1 1 1 1 1 1 1 1 1 1 1 1 1 1 1 1 1 1 3 1 1 1 1 1 1 1 3 1 1 3 1 1 1 1 1 3 1 1 5 0 1 1 1 1 1 1 1 1 1 1 1 1 1 1 1 1 1 1 1 1 1 1 1 1 1 1 1 1 1 1 1 1 1 1 1 1 1 1 1 1 1 1 1 1 1 1 1 1 1 1 1 1 1 1 1 1 1 1 1 1 1 1 1 1 1 1 1 1 1 1 1 1 1 1 1 1 1 1 1 1 1 1 1 1 1 1 1 1 1 100 1 100 1 1 1 1 1 1
staticfield java/lang/Character TYPE Ljava/lang/Class; java/lang/Class
staticfield java/lang/Character $assertionsDisabled Z 1
ciInstanceKlass java/lang/Float 1 1 223 7 1 100 1 10 100 12 1 1 1 10 100 12 1 1 1 4 100 1 10 12 1 1 10 12 1 1 8 1 8 1 10 100 12 1 1 1 10 12 1 1 10 12 1 1 10 4 4 4 10 7 12 1 1 9 12 1 1 10 12 1 1 10 12 1 10 12 1 10 12 1 1 10 12 1 10 12 1 3 10 12 1 1 10 12 1 1 10 12 1 10 100 12 1 1 1 10 12 1 1 10 12 1 1 8 1 10 7 12 1 1 1 9 12 1 1 100 1 100 1 100 1 1 1 1 1 4 1 1 1 4 1 1 3 1 3 1 3 1 3 1 1 1 1 5 0 1 1 1 1 1 1 1 1 1 1 100 1 1 1 1 1 1 1 1 1 1 1 1 1 3 1 1 1 1 1 1 1 1 1 1 1 1 1 1 1 1 1 1 1 1 1 1 1 1 1 1 1 1 1 1 1 1 1 1 1 1 1 1 100 1 1 1 1 1 1 1 100 1 100 1 1
staticfield java/lang/Float TYPE Ljava/lang/Class; java/lang/Class
ciInstanceKlass java/lang/Double 1 1 285 7 1 100 1 10 100 12 1 1 1 10 12 1 1 10 12 1 100 1 10 12 1 1 10 100 12 1 1 1 6 0 8 1 10 12 1 1 8 1 10 12 1 1 8 1 6 0 10 12 1 1 100 1 5 0 5 0 8 1 8 1 10 100 12 1 1 1 10 100 12 1 1 1 8 1 10 12 1 1 8 1 8 1 8 1 10 12 1 1 10 12 1 10 12 1 1 10 12 1 10 12 1 10 12 1 1 10 12 1 10 6 0 6 0 6 0 10 7 12 1 1 9 12 1 1 10 12 1 10 12 1 10 12 1 10 12 1 5 0 10 12 1 1 10 12 1 10 12 1 10 100 12 1 1 1 10 12 1 1 10 12 1 1 8 1 10 7 12 1 1 1 9 12 1 1 100 1 100 1 100 1 1 1 1 1 6 0 1 1 1 6 0 1 1 3 1 3 1 3 1 3 1 1 1 1 5 0 1 1 1 1 1 1 1 1 1 1 1 1 1 1 1 1 100 1 1 1 1 1 1 1 1 1 1 1 1 3 1 1 1 1 1 1 1 1 1 1 1 1 1 1 1 1 1 1 1 1 1 1 1 1 1 1 1 1 1 1 1 1 1 1 100 1 1 1 1 1 1 1 100 1 100 1 1
staticfield java/lang/Double TYPE Ljava/lang/Class; java/lang/Class
ciInstanceKlass java/lang/Byte 1 1 215 7 1 100 1 10 100 12 1 1 1 9 12 1 1 8 1 9 12 1 1 100 1 10 12 1 1 10 12 1 1 10 100 12 1 1 1 10 100 12 1 1 1 9 100 12 1 1 1 10 12 1 1 100 1 100 1 10 12 1 1 8 1 10 12 1 1 8 1 10 12 1 10 12 1 10 12 1 10 12 1 1 10 12 1 10 12 1 10 12 1 1 10 8 1 8 1 10 7 1 9 12 1 1 10 12 1 10 12 1 1 10 12 1 1 10 12 1 1 10 12 1 5 0 10 12 1 1 8 1 10 7 12 1 1 1 9 12 1 1 100 1 100 1 1 1 3 1 3 1 1 1 1 3 1 3 1 1 5 0 1 1 1 1 1 1 1 1 1 1 1 1 1 1 1 1 1 1 1 1 1 1 1 1 1 1 1 1 1 1 1 1 1 1 1 1 1 1 1 1 1 1 1 1 1 1 1 1 1 1 1 1 1 1 1
staticfield java/lang/Byte TYPE Ljava/lang/Class; java/lang/Class
ciInstanceKlass java/lang/Short 1 1 224 7 1 100 1 100 1 10 100 12 1 1 1 10 12 1 1 100 1 100 1 10 12 1 1 8 1 10 12 1 1 8 1 10 12 1 10 12 1 10 12 1 10 12 1 1 10 12 1 1 10 12 1 9 12 1 1 8 1 9 12 1 1 100 1 10 12 1 1 10 12 1 10 100 12 1 1 1 10 100 12 1 1 1 9 100 12 1 1 1 10 12 1 10 12 1 1 10 8 1 8 1 10 100 1 9 12 1 1 10 12 1 10 12 1 1 10 12 1 1 10 12 1 1 10 12 1 3 3 5 0 10 12 1 1 8 1 10 7 12 1 1 1 9 12 1 1 100 1 100 1 1 1 3 1 3 1 1 1 1 3 1 3 1 1 5 0 1 1 1 1 1 1 1 1 1 1 1 1 1 1 1 1 1 1 1 1 1 1 1 1 1 1 1 3 1 1 1 1 1 1 1 1 1 1 1 1 1 1 1 1 1 1 1 1 1 1 1 1 1 1 1 1 1
staticfield java/lang/Short TYPE Ljava/lang/Class; java/lang/Class
ciInstanceKlass java/lang/Integer 1 1 445 7 1 100 1 7 1 7 1 10 12 1 1 9 12 1 1 9 12 1 1 10 100 12 1 1 1 10 12 1 1 10 100 12 1 1 1 10 10 12 1 1 10 100 12 1 1 1 10 12 1 10 12 1 1 10 7 12 1 1 1 10 12 1 1 10 12 1 1 10 12 1 10 12 1 10 12 1 1 10 10 12 1 9 12 1 1 9 12 1 100 1 8 1 10 12 1 100 1 10 12 1 8 1 10 12 1 1 10 12 1 8 1 10 12 1 8 1 10 12 1 1 3 10 12 1 1 3 10 12 1 1 10 12 1 1 10 7 12 1 1 1 11 7 1 100 1 10 11 10 12 1 1 8 1 10 12 1 1 8 1 100 1 10 12 1 1 10 12 1 1 5 0 8 1 10 12 1 10 12 1 10 12 1 10 12 1 1 7 1 9 12 1 1 9 12 1 1 10 12 1 10 7 1 9 12 1 10 12 1 10 12 1 10 12 1 1 10 7 12 1 1 1 100 1 100 1 10 12 1 1 10 12 1 1 8 1 8 1 10 12 1 1 8 1 8 1 8 1 8 1 8 1 8 1 10 12 1 10 12 1 10 12 1 5 0 3 3 3 3 10 12 1 3 10 12 1 10 100 12 1 1 1 10 12 1 1 10 12 1 1 8 1 10 7 12 1 1 1 9 12 1 1 3 3 3 3 3 3 9 12 1 1 100 1 100 1 100 1 1 1 1 1 1 1 3 1 3 1 1 5 0 1 1 1 1 1 1 1 1 1 100 1 1 1 1 1 1 1 1 1 1 1 1 1 1 1 1 1 1 1 1 1 1 1 1 1 1 1 1 1 1 1 1 1 1 1 1 1 1 1 3 1 1 1 1 1 1 1 1 1 1 1 1 1 1 1 1 100 1 1 1 1 1 1 1 1 1 1 1 1 1 1 1 1 1 1 1 1 1 1 1 1 1 1 1 1 1 1 1 100 1 1 1 1 1 1 1 1 1 100 1 100 1 1
staticfield java/lang/Integer TYPE Ljava/lang/Class; java/lang/Class
staticfield java/lang/Integer digits [C 36
staticfield java/lang/Integer DigitTens [B 100
staticfield java/lang/Integer DigitOnes [B 100
staticfield java/lang/Integer sizeTable [I 10
ciInstanceKlass java/lang/Long 1 1 506 7 1 100 1 7 1 100 1 10 12 1 1 9 12 1 1 9 7 12 1 1 1 10 100 12 1 1 1 10 12 1 1 10 100 12 1 1 1 10 10 12 10 12 1 10 12 1 10 12 1 5 0 5 0 100 1 10 12 1 1 10 12 1 1 10 12 1 10 12 1 10 12 1 10 12 1 1 10 100 12 1 1 10 12 1 10 12 1 1 10 12 1 1 10 12 1 1 10 12 1 1 10 100 12 1 1 1 10 12 1 1 10 12 1 10 12 1 10 12 1 10 12 1 1 10 10 12 1 5 0 5 0 9 12 1 1 9 12 1 5 0 100 1 8 1 10 12 1 8 1 10 12 1 8 1 8 1 10 12 1 1 5 0 10 12 1 1 5 0 10 12 1 1 10 12 1 1 10 100 12 1 1 1 11 100 1 100 1 10 11 10 12 1 1 8 1 10 12 1 1 8 1 100 1 10 12 1 1 10 12 1 8 1 8 1 11 12 1 1 10 12 1 10 12 1 10 12 1 5 0 5 0 9 7 12 1 1 1 10 12 1 10 12 1 1 8 1 8 1 10 12 1 1 8 1 8 1 8 1 8 1 8 1 8 1 10 12 1 10 12 1 10 12 1 1 10 7 1 9 12 1 1 10 12 1 10 12 1 1 10 100 12 1 1 1 100 1 100 1 10 12 1 1 10 12 1 1 5 0 10 12 1 10 12 1 5 0 5 0 5 0 10 12 1 1 5 0 5 0 10 12 1 10 12 1 10 100 12 1 1 1 10 12 1 1 10 12 1 1 8 1 10 7 12 1 1 1 9 12 1 1 100 1 100 1 100 1 1 1 1 5 0 1 1 1 1 3 1 3 1 5 0 1 1 1 1 1 1 1 1 1 100 1 1 1 1 1 1 1 1 1 1 1 1 1 1 1 1 1 1 1 1 1 1 1 1 1 1 1 1 1 1 1 1 1 1 1 1 1 1 1 1 1 1 1 1 1 1 1 1 1 1 1 1 1 1 3 1 1 1 1 1 1 1 1 1 1 1 1 1 1 1 100 1 1 1 1 1 1 1 1 1 1 1 1 1 1 1 1 1 1 1 1 1 1 1 1 1 1 1 100 1 1 1 1 1 1 1 1 1 100 1 100 1 1
staticfield java/lang/Long TYPE Ljava/lang/Class; java/lang/Class
ciInstanceKlass java/util/WeakHashMap$Entry 1 1 112 10 7 12 1 1 1 9 7 12 1 1 1 9 12 1 1 9 12 1 1 10 12 1 1 10 100 12 1 1 1 100 1 10 12 1 11 10 100 12 1 1 1 10 12 1 11 10 100 12 1 1 1 100 1 10 12 1 10 12 1 1 8 1 10 12 1 10 12 1 1 1 1 1 1 1 1 1 1 1 1 1 1 1 1 1 1 1 1 1 1 1 1 1 1 1 1 1 1 1 1 1 1 1 1 1 1 1 1 1 100 1
instanceKlass java/lang/ref/PhantomReference
instanceKlass java/lang/ref/FinalReference
instanceKlass java/lang/ref/WeakReference
instanceKlass java/lang/ref/SoftReference
ciInstanceKlass java/lang/ref/Reference 1 1 195 9 7 12 1 1 1 9 7 12 1 1 10 12 1 1 10 12 1 1 9 12 1 1 10 12 1 1 9 12 1 1 9 12 1 1 7 1 10 12 1 10 7 12 1 1 10 12 1 10 12 1 1 10 12 1 9 12 1 10 12 1 1 10 12 1 10 12 1 9 12 1 100 1 100 1 10 12 1 9 12 1 9 12 1 100 1 10 10 12 1 10 10 7 12 1 1 10 7 12 1 1 1 10 12 1 1 10 7 12 1 1 7 1 8 1 10 12 1 10 12 1 1 10 12 1 1 10 12 1 7 1 10 10 7 12 1 1 1 1 1 1 1 1 1 1 1 1 1 1 1 1 1 1 1 100 1 1 1 100 1 1 1 1 1 1 1 1 1 1 1 1 1 1 1 1 1 1 1 1 1 1 1 1 1 1 1 1 1 1 1 1 1 1 1
staticfield java/lang/ref/Reference processPendingLock Ljava/lang/Object; java/lang/Object
staticfield java/lang/ref/Reference $assertionsDisabled Z 1
instanceKlass java/util/ResourceBundle$BundleReference
instanceKlass org/jetbrains/kotlin/com/intellij/util/containers/ConcurrentSoftKeySoftValueHashMap$SoftKey
instanceKlass org/jetbrains/kotlin/com/intellij/util/containers/ConcurrentSoftValueHashMap$MySoftReference
instanceKlass org/jetbrains/kotlin/com/intellij/util/containers/ConcurrentWeakKeySoftValueHashMap$SoftValue
instanceKlass sun/util/locale/LocaleObjectCache$CacheEntry
instanceKlass org/jetbrains/kotlin/com/intellij/util/containers/SoftKeySoftValueHashMap$ValueReference
instanceKlass org/jetbrains/kotlin/com/intellij/reference/SoftReference
instanceKlass java/lang/invoke/LambdaFormEditor$Transform
ciInstanceKlass java/lang/ref/SoftReference 1 1 47 10 7 12 1 1 1 9 7 12 1 1 1 9 12 1 10 12 1 10 12 1 1 1 1 1 1 1 1 1 1 1 1 1 1 1 1 1 1 1 1 100 1 1 1 1 1
ciMethod java/lang/ref/Reference refersToImpl (Ljava/lang/Object;)Z 514 0 50415 0 96
instanceKlass org/jetbrains/kotlin/com/intellij/util/containers/ConcurrentWeakKeyWeakValueHashMap$WeakValue
instanceKlass java/util/ResourceBundle$KeyElementReference
instanceKlass org/jetbrains/kotlin/com/intellij/util/containers/ConcurrentWeakHashMap$WeakKey
instanceKlass org/jetbrains/kotlin/com/intellij/util/containers/ConcurrentWeakKeySoftValueHashMap$WeakKey
instanceKlass org/jetbrains/kotlin/com/intellij/util/PatchedWeakReference
instanceKlass org/jetbrains/kotlin/com/intellij/util/containers/ConcurrentWeakValueHashMap$MyWeakReference
instanceKlass org/jetbrains/kotlin/com/intellij/util/containers/UnsafeWeakList$MyReference
instanceKlass java/util/logging/LogManager$LoggerWeakRef
instanceKlass java/util/logging/Level$KnownLevel
instanceKlass org/jetbrains/kotlin/com/intellij/util/containers/IntKeyWeakValueHashMap$MyReference
instanceKlass java/lang/WeakPairMap$WeakRefPeer
instanceKlass java/lang/ClassValue$Entry
instanceKlass java/lang/invoke/MethodType$ConcurrentWeakInternSet$WeakEntry
instanceKlass java/lang/ThreadLocal$ThreadLocalMap$Entry
instanceKlass java/util/WeakHashMap$Entry
ciInstanceKlass java/lang/ref/WeakReference 1 1 31 10 7 12 1 1 1 10 12 1 100 1 1 1 1 1 1 1 1 1 1 1 1 1 1 1 1 1 1 1 1
instanceKlass java/lang/ref/Finalizer
ciInstanceKlass java/lang/ref/FinalReference 1 1 47 10 100 12 1 1 1 10 100 12 1 1 1 10 12 1 1 100 1 8 1 10 12 1 1 1 1 1 1 1 1 1 1 1 1 1 1 1 1 1 1 1 1 1 1 1 1
ciInstanceKlass java/lang/ref/Finalizer 1 1 152 9 7 12 1 1 1 10 100 12 1 1 1 9 12 1 1 9 12 1 1 9 12 1 9 12 1 10 12 1 10 12 1 1 9 12 1 1 100 1 10 12 1 100 1 11 100 12 1 1 100 1 10 12 1 100 1 10 12 1 10 100 12 1 1 1 10 100 12 1 1 1 100 1 10 10 12 1 10 7 12 1 1 1 7 1 10 7 1 10 10 7 12 1 1 1 10 12 1 1 10 7 12 1 1 7 1 10 12 1 10 12 1 1 10 12 1 1 10 12 1 1 1 1 1 1 1 1 1 1 1 1 1 1 1 1 1 1 1 1 1 1 1 1 1 1 1 1 1 1 1 1
staticfield java/lang/ref/Finalizer lock Ljava/lang/Object; java/lang/Object
staticfield java/lang/ref/Finalizer $assertionsDisabled Z 1
instanceKlass jdk/internal/ref/PhantomCleanable
instanceKlass jdk/internal/ref/Cleaner
ciInstanceKlass java/lang/ref/PhantomReference 1 1 39 10 100 12 1 1 1 10 7 12 1 1 1 1 1 1 1 1 1 1 1 1 1 1 1 1 1 1 1 1 1 1 1 1 1 1 1 1 1
instanceKlass java/lang/reflect/Executable
instanceKlass java/lang/reflect/Field
ciInstanceKlass java/lang/reflect/AccessibleObject 1 1 398 10 7 12 1 1 1 9 100 12 1 1 1 10 100 12 1 1 1 10 7 12 1 1 10 7 12 1 1 1 10 100 12 1 1 1 10 12 1 1 10 12 1 1 9 12 1 1 100 1 10 7 12 1 1 1 11 12 1 100 1 10 12 1 7 1 100 1 10 12 1 10 12 1 1 7 1 10 7 12 1 1 1 10 12 1 1 7 1 10 12 1 1 7 1 10 10 10 7 12 1 1 1 10 12 1 1 10 12 1 10 12 1 10 12 1 1 10 12 1 8 1 100 1 10 10 12 1 1 8 1 10 12 1 10 12 1 8 1 8 1 8 1 8 1 8 1 8 1 100 1 10 12 1 10 12 1 9 12 1 1 10 12 1 1 10 12 1 10 11 100 1 100 1 8 1 10 10 12 1 10 12 1 1 8 1 10 12 1 8 1 10 12 1 1 10 100 1 8 1 10 11 7 12 1 1 10 12 1 1 10 12 1 1 10 12 1 1 9 12 1 1 100 1 10 12 1 7 1 10 12 1 10 12 1 1 10 100 1 10 12 1 10 12 10 12 1 10 12 1 1 10 12 1 10 12 1 1 10 12 1 9 12 1 10 100 12 1 1 8 1 10 100 12 1 1 1 8 1 10 100 12 1 1 1 9 12 1 100 1 10 7 1 10 10 7 12 1 1 1 7 1 10 10 7 12 1 1 1 7 1 9 12 1 1 1 1 1 1 1 1 1 1 1 1 1 1 1 1 1 1 1 1 1 1 1 1 1 1 1 1 1 1 1 1 1 1 1 1 1 1 1 1 1 1 1 1 1 1 1 1 1 1 1 1 1 1 1 1 1 1 1 1 1 1 1 1 1 1 1 1 1 1 1 1 1 1 1 1 1 1 1 1 1 1 1 1 1
staticfield java/lang/reflect/AccessibleObject reflectionFactory Ljdk/internal/reflect/ReflectionFactory; jdk/internal/reflect/ReflectionFactory
instanceKlass java/lang/reflect/Constructor
instanceKlass java/lang/reflect/Method
ciInstanceKlass java/lang/reflect/Executable 1 1 548 10 7 12 1 1 1 10 7 12 1 1 1 10 7 12 1 1 1 11 7 12 1 1 1 10 7 12 1 1 1 10 12 1 1 10 7 12 1 1 1 10 100 12 1 1 1 10 12 1 8 1 10 10 12 1 1 10 12 1 1 10 100 12 1 1 1 18 12 1 1 11 100 12 1 1 1 8 1 8 1 8 1 10 100 12 1 1 1 11 12 1 1 100 1 8 1 8 1 10 12 1 100 1 8 1 10 12 1 8 1 11 100 12 1 1 1 100 1 10 12 1 1 11 12 1 8 1 18 8 1 10 12 1 10 12 1 1 18 8 1 10 12 1 100 1 10 12 1 10 12 1 11 100 12 1 1 10 12 1 1 8 1 8 1 10 12 1 1 10 12 1 1 10 10 12 1 100 1 10 10 12 1 10 12 1 1 10 7 12 1 1 10 12 1 10 12 1 10 12 1 1 10 100 12 1 1 10 12 1 10 12 1 10 100 12 1 1 1 10 12 1 8 1 10 12 1 10 12 1 3 100 1 8 1 10 12 1 10 12 1 10 10 12 1 10 12 1 1 8 1 8 1 8 1 9 12 1 10 12 1 100 1 8 1 9 12 1 10 12 1 10 12 1 1 10 12 1 1 10 12 1 10 12 10 12 1 100 1 10 12 1 10 12 1 1 100 1 10 100 12 1 1 1 100 1 10 7 12 1 1 1 10 12 1 1 11 7 12 1 1 10 7 12 1 1 10 100 12 1 1 1 10 12 1 1 9 12 1 10 12 1 1 10 12 1 10 12 1 1 9 100 12 1 1 1 10 100 12 1 1 1 10 12 1 10 12 1 1 9 12 1 10 10 10 10 100 12 1 1 1 10 12 1 9 12 1 10 12 1 1 9 12 1 100 1 100 1 1 1 1 1 1 1 1 1 1 1 1 1 1 1 1 1 1 1 1 1 1 1 1 1 1 1 1 1 1 1 1 1 1 100 1 1 1 1 1 1 1 1 100 1 1 1 1 1 1 1 1 1 1 1 1 100 1 1 1 1 1 1 1 1 1 1 1 1 1 1 1 1 1 1 1 1 1 1 1 1 1 1 1 1 1 1 1 1 1 1 1 1 1 1 1 1 1 100 1 1 1 1 1 1 1 1 1 1 1 1 1 1 1 1 1 1 1 1 1 100 1 100 1 1 15 10 100 12 1 1 1 16 15 16 1 16 1 15 10 12 16 1 100 1 1 100 1 100 1 1
ciInstanceKlass java/lang/reflect/Constructor 1 1 433 10 7 12 1 1 1 10 7 12 1 1 9 7 12 1 1 1 10 12 1 1 10 12 1 1 10 7 12 1 1 9 12 1 1 10 7 12 1 1 1 9 12 1 1 9 12 1 1 9 12 1 9 12 1 1 9 12 1 9 12 1 1 9 12 1 1 9 12 1 100 1 8 1 10 12 1 10 12 1 9 12 1 1 10 7 12 1 1 10 7 12 1 1 1 10 12 1 1 10 12 1 1 10 12 1 7 1 100 1 8 1 10 10 12 1 10 12 1 10 12 1 1 10 12 1 1 9 100 12 1 1 1 10 7 12 1 1 10 12 1 1 10 12 1 10 12 1 1 10 100 12 1 1 1 10 100 12 1 1 10 12 1 1 10 12 1 10 100 12 1 1 1 8 1 10 10 12 1 100 1 8 1 10 12 1 10 12 1 1 10 12 1 1 10 12 1 10 12 1 10 12 1 1 10 12 1 1 9 12 1 1 10 12 1 1 10 12 1 1 10 12 1 8 1 10 12 1 1 11 7 12 1 1 1 10 12 1 1 10 12 1 10 12 1 9 12 1 1 10 7 12 1 1 1 10 12 1 1 10 12 1 1 10 12 1 1 10 12 1 1 10 12 1 9 100 12 1 1 10 12 1 10 12 1 10 12 1 100 1 8 1 10 10 12 1 1 10 12 1 10 10 12 1 1 10 12 1 1 10 100 12 1 1 1 11 100 12 1 1 1 10 12 1 1 9 100 12 1 1 1 10 100 12 1 1 1 10 12 1 1 1 1 1 1 1 1 1 1 1 1 1 1 1 1 1 1 1 1 1 1 1 1 1 1 1 1 1 1 1 1 1 1 1 1 1 1 1 1 1 1 1 1 1 1 1 1 1 1 1 100 1 100 1 100 1 100 1 1 1 1 1 1 1 1 1 1 1 1 1 1 1 1 1 1 1 1 1 1 1 1 1 1 1 1 1 1 1 1 1 100 1 1
ciInstanceKlass java/lang/reflect/Method 1 1 450 9 7 12 1 1 1 10 7 12 1 1 1 10 7 12 1 1 9 12 1 1 10 12 1 1 10 12 1 1 10 7 12 1 1 10 7 12 1 1 1 9 12 1 1 9 12 1 9 12 1 1 9 12 1 9 12 1 9 12 1 1 9 12 1 9 12 1 1 9 12 1 9 12 1 9 12 1 1 100 1 8 1 10 12 1 10 12 1 9 12 1 1 8 1 10 7 12 1 1 10 7 12 1 1 1 10 12 1 1 10 12 1 1 10 12 1 10 12 1 1 10 12 1 1 9 100 12 1 1 1 10 12 1 1 10 12 10 7 12 1 1 10 12 1 1 10 12 1 10 12 1 10 12 1 10 7 12 1 1 1 10 12 1 1 10 7 1 10 7 12 1 1 1 10 7 12 1 1 10 12 1 1 10 12 1 1 10 12 1 10 7 12 1 1 1 10 12 1 10 8 1 10 12 1 10 12 1 7 1 8 1 8 1 8 1 10 12 1 10 12 1 1 10 12 1 1 10 10 12 1 1 10 12 1 11 100 1 9 12 1 1 10 12 1 1 10 12 1 10 12 1 1 10 12 1 1 11 7 12 1 1 1 10 12 1 10 12 1 10 12 1 10 12 1 10 12 1 9 12 1 1 10 7 12 1 1 1 10 12 1 1 10 7 12 1 1 1 10 7 12 1 1 1 10 7 12 1 1 1 11 7 12 1 1 1 10 7 12 1 1 1 7 1 100 1 100 1 10 12 1 10 12 1 1 10 12 1 100 1 8 1 10 12 1 10 10 12 1 1 10 12 1 1 10 12 1 1 10 12 1 1 8 1 10 12 1 1 1 1 1 1 1 1 1 1 1 1 1 1 1 1 1 1 1 1 1 1 1 1 1 1 1 1 1 1 1 1 1 1 1 1 1 1 1 1 1 1 1 1 1 1 1 1 1 1 1 1 1 100 1 100 1 100 1 1 1 1 1 1 1 1 1 1 1 1 1 1 1 1 1 1 1 1 1 1 1 1 1 1
ciInstanceKlass java/lang/reflect/Field 1 1 437 9 7 12 1 1 1 10 12 1 1 10 100 12 1 1 1 10 100 12 1 1 9 12 1 1 10 12 1 1 10 12 1 1 10 100 12 1 1 10 7 12 1 1 1 9 12 1 1 9 12 1 9 12 1 9 12 1 1 9 12 1 1 9 12 1 9 12 1 1 9 12 1 1 100 1 8 1 10 12 1 10 12 1 9 12 1 1 9 12 1 10 12 1 10 7 12 1 1 10 12 1 1 10 12 1 1 10 12 1 10 12 1 1 7 1 10 12 1 1 10 12 1 1 10 12 1 1 10 12 1 10 12 1 10 7 1 10 7 12 1 1 100 1 10 8 1 10 12 1 1 10 12 1 1 8 1 10 12 10 12 1 8 1 8 1 10 11 100 1 9 12 1 10 12 1 1 10 12 1 1 11 7 12 1 1 1 11 12 1 1 11 12 1 1 11 12 1 1 11 12 1 1 11 12 1 1 11 12 1 1 11 12 1 1 11 12 1 1 11 12 1 1 11 12 1 1 11 12 1 1 11 12 1 1 11 12 1 1 11 12 1 1 11 12 1 1 11 12 1 1 11 12 1 1 10 12 1 10 100 12 1 1 10 12 1 10 12 1 1 10 12 9 12 1 1 10 7 12 1 1 1 10 12 1 1 10 7 12 1 1 10 12 1 1 11 7 1 10 12 1 7 1 10 100 12 1 1 1 10 7 12 1 1 1 9 12 1 10 7 12 1 1 1 11 7 12 1 1 1 10 12 1 1 10 12 1 1 9 100 12 1 1 1 10 100 12 1 1 1 10 12 1 1 100 1 1 1 1 1 1 1 1 1 1 1 1 1 1 1 1 1 1 1 1 1 1 1 1 1 1 1 1 1 1 1 1 1 1 1 100 1 1 1 1 1 1 1 1 1 1 1 1 1 1 1 1 1 1 1 1 1 1 1 1 1 1 1 1 1 1 1 1 1 1 100 1 1 1 1 1 1 1 1 100 1 1
ciInstanceKlass java/lang/reflect/Parameter 0 0 226 10 100 12 1 1 1 9 100 12 1 1 1 9 12 1 1 9 12 1 1 9 12 1 10 12 1 1 10 12 1 1 10 100 12 1 1 1 100 1 10 10 12 1 1 11 100 12 1 1 1 10 12 1 10 100 12 1 1 1 10 12 1 1 10 12 1 10 12 1 8 1 8 1 10 100 12 1 1 1 10 12 1 10 12 10 12 1 8 1 10 12 1 9 12 1 1 10 12 1 1 9 12 1 1 10 12 1 1 10 12 1 1 10 12 1 1 10 12 1 10 10 12 1 10 100 12 1 1 1 10 12 1 1 11 100 12 1 1 10 100 12 1 1 100 1 10 100 12 1 1 1 10 12 1 1 10 12 1 1 10 12 1 1 10 12 1 1 9 12 1 100 1 10 11 12 1 1 11 12 1 1 100 1 1 1 1 1 1 1 1 1 1 1 1 1 1 1 1 1 1 1 1 1 1 1 1 1 1 1 1 1 1 1 1 1 1 1 1 1 1 100 1 1 1 1
ciInstanceKlass java/lang/StringBuffer 1 1 470 10 7 12 1 1 1 10 12 1 10 12 1 10 12 1 1 9 7 12 1 1 1 10 12 1 1 10 12 1 10 12 1 1 9 12 1 1 10 12 1 10 12 1 1 10 12 1 1 10 12 1 10 12 1 1 10 12 1 10 12 1 1 10 12 1 1 10 100 12 1 1 1 10 12 1 1 10 12 1 10 12 1 10 12 1 10 12 1 10 12 1 10 12 1 10 12 1 10 12 1 10 12 1 10 12 1 10 12 1 10 12 1 10 12 1 10 12 1 1 10 12 1 10 12 1 1 10 12 1 1 10 10 12 1 1 10 12 1 10 12 1 10 12 1 10 12 1 10 12 1 10 12 1 10 12 10 12 1 10 12 1 10 12 1 10 12 1 1 10 12 1 10 12 1 10 10 12 1 1 10 12 1 1 9 12 1 1 10 100 12 1 1 1 10 100 1 10 10 100 12 1 1 1 10 10 12 1 10 8 10 100 12 1 1 1 8 10 12 1 8 1 10 12 1 10 12 1 10 100 12 1 1 1 10 100 12 1 1 1 7 1 10 12 100 1 8 1 10 10 12 1 1 10 12 1 1 10 12 1 1 10 12 1 10 12 1 10 12 1 10 12 1 10 12 1 10 12 1 10 12 1 10 12 1 10 12 1 10 12 1 10 12 1 10 12 1 10 12 1 10 12 1 10 12 1 10 12 1 10 12 10 12 10 12 1 10 12 1 10 12 1 10 12 10 12 1 10 12 1 10 12 1 10 12 1 10 12 1 10 12 1 10 12 1 10 12 1 10 12 1 10 12 1 10 12 1 7 1 10 12 1 9 7 12 1 1 1 9 7 1 9 12 1 1 100 1 100 1 100 1 1 1 1 5 0 1 1 1 1 1 1 1 1 1 1 1 1 1 1 1 1 1 1 1 1 1 1 1 1 1 1 1 1 1 1 1 1 1 1 1 1 1 1 1 1 1 1 1 1 1 1 1 1 1 1 1 1 1 1 1 1 1 1 1 1 100 1 1 1 1 1 100 1 1 1 1 1 1 1 1 1 1 1 1 1 1 1 1 1
staticfield java/lang/StringBuffer serialPersistentFields [Ljava/io/ObjectStreamField; 3 [Ljava/io/ObjectStreamField;
ciInstanceKlass java/lang/CharSequence 1 1 130 11 100 12 1 1 1 18 12 1 1 100 1 10 100 12 1 1 1 18 10 100 12 1 1 1 10 100 12 1 1 1 100 1 11 12 1 1 10 100 12 1 1 1 11 12 1 1 100 1 10 12 1 1 10 100 12 1 1 1 100 1 10 10 12 1 1 1 1 1 1 1 1 1 1 1 1 1 1 1 1 1 1 1 1 1 1 1 1 1 1 1 1 1 1 1 1 1 1 15 10 100 12 1 1 1 16 1 15 11 12 16 15 11 12 1 1 100 1 100 1 1 100 1 1 100 1 100 1 1
ciMethod java/lang/CharSequence toString ()Ljava/lang/String; 0 0 1 0 -1
ciMethod java/lang/CharSequence length ()I 0 0 1 0 -1
ciMethod java/lang/CharSequence charAt (I)C 0 0 1 0 -1
ciMethod java/lang/CharSequence subSequence (II)Ljava/lang/CharSequence; 0 0 1 0 -1
instanceKlass java/lang/StringBuilder
instanceKlass java/lang/StringBuffer
ciInstanceKlass java/lang/AbstractStringBuilder 1 1 547 7 1 7 1 10 7 12 1 1 1 9 7 12 1 1 1 9 12 1 9 12 1 1 9 12 1 1 10 100 12 1 1 1 10 12 1 1 3 3 10 12 1 10 12 1 1 11 7 1 100 1 100 1 10 8 1 10 12 1 10 12 1 10 12 1 1 10 12 1 10 12 1 10 12 1 9 12 1 1 10 12 1 1 10 7 12 1 1 1 10 10 12 1 10 12 1 10 12 1 1 10 12 1 1 10 7 12 1 1 1 10 7 12 1 1 1 100 1 8 1 10 10 12 1 1 100 1 10 12 10 12 1 1 10 10 12 1 1 10 12 1 1 10 12 1 1 10 12 1 1 100 1 10 10 12 1 10 100 12 1 1 1 10 12 1 1 10 12 1 10 12 1 1 10 10 12 1 1 10 12 10 12 1 10 12 1 1 10 12 1 1 10 12 1 1 10 12 1 10 10 12 1 1 10 12 1 10 12 1 1 8 1 10 12 1 1 10 12 1 10 12 1 10 12 1 10 12 1 10 12 1 10 12 1 10 7 12 1 1 10 12 1 10 12 1 10 100 12 1 1 1 10 12 1 10 12 1 10 12 1 10 12 1 10 12 1 1 10 12 1 10 12 1 1 10 12 1 1 10 10 7 12 1 1 1 10 12 1 10 12 1 10 12 1 1 10 12 1 10 12 1 10 12 1 10 12 1 10 12 1 10 12 1 10 12 1 10 12 1 10 12 1 1 10 12 1 10 12 1 10 12 10 12 1 1 18 12 1 1 100 1 10 100 12 1 1 1 18 10 12 1 1 10 12 1 10 12 1 1 11 12 1 10 12 1 10 12 1 10 10 12 1 10 8 1 8 1 8 1 10 10 100 1 10 12 1 100 1 10 100 1 10 100 1 1 1 3 1 1 1 1 1 1 1 1 1 1 100 1 1 1 1 1 1 1 1 1 1 1 1 1 1 1 1 1 1 1 1 1 1 1 1 1 1 1 1 1 1 1 1 1 1 1 1 1 1 1 1 1 1 1 1 1 1 1 1 1 1 1 1 1 1 1 1 1 1 1 1 1 1 1 1 1 1 1 1 1 1 1 1 1 1 1 1 1 1 1 1 1 1 1 1 1 1 1 1 1 1 1 1 1 1 1 1 1 100 1 1 100 1 1 1 1 1 100 1 1 1 1 1 1 15 10 100 12 1 1 1 16 1 15 10 12 16 15 10 12 1 1 1 1 100 1 100 1 1
staticfield java/lang/AbstractStringBuilder EMPTYVALUE [B 0
ciInstanceKlass java/lang/SecurityManager 0 0 576 10 100 12 1 1 1 9 100 12 1 1 1 10 100 12 1 1 1 100 1 8 1 10 12 1 10 12 1 1 10 100 12 1 1 1 10 100 1 10 100 1 10 9 100 12 1 1 1 10 100 12 1 1 1 10 12 1 1 10 100 12 1 1 100 1 8 1 10 9 12 1 1 9 12 1 8 1 9 12 1 100 1 10 8 1 10 12 1 1 10 12 1 10 12 1 1 100 1 10 10 12 1 1 100 1 8 1 10 12 1 8 1 8 1 8 1 8 1 8 1 8 1 10 12 1 8 1 8 1 8 1 8 1 8 1 10 100 12 1 1 1 10 12 1 1 8 1 100 1 8 1 10 8 1 8 1 8 1 8 1 8 1 10 100 12 1 1 8 1 100 1 8 1 8 1 10 8 1 10 12 1 100 1 8 1 10 10 12 1 1 10 12 1 10 12 1 10 12 1 10 100 12 1 1 1 10 12 1 10 100 12 1 1 11 100 12 1 1 1 18 12 1 1 11 100 12 1 1 1 18 12 1 1 11 12 1 1 18 18 11 12 1 18 12 1 11 12 1 1 9 12 1 1 9 12 1 9 12 1 9 12 1 100 1 10 100 12 1 1 10 12 1 10 12 1 18 12 1 18 10 100 12 1 1 1 18 12 1 10 12 1 18 18 8 1 10 12 1 9 12 1 1 11 100 12 1 1 1 8 1 100 1 10 12 1 10 12 1 1 10 12 1 1 9 12 1 1 10 12 1 10 12 1 1 8 1 100 1 10 9 12 1 8 1 10 12 1 8 1 100 1 10 10 100 12 1 1 10 100 1 9 100 12 1 1 1 11 12 1 1 10 12 1 11 12 1 10 12 1 100 1 10 10 12 1 1 10 12 1 1 1 1 1 1 1 1 1 1 1 100 1 1 1 1 1 1 1 1 1 1 1 1 1 1 1 1 1 1 1 1 1 1 1 1 1 1 1 1 1 1 1 1 1 1 1 1 1 1 1 1 1 1 1 1 1 1 1 1 1 1 1 1 1 1 1 1 3 1 1 1 1 1 1 1 1 1 1 100 1 1 1 1 1 1 1 1 1 1 1 1 1 1 1 1 1 1 1 1 1 1 1 1 1 1 1 1 1 1 1 1 1 1 1 1 1 1 15 10 100 12 1 1 1 16 15 10 100 12 1 1 1 16 1 16 15 10 12 16 1 15 10 12 16 15 11 100 1 16 1 16 1 15 10 12 16 15 10 12 16 15 10 12 1 16 1 15 11 12 1 15 10 12 16 15 10 16 1 1 1 1 100 1 100 1 1
instanceKlass org/jetbrains/kotlin/com/intellij/psi/util/ConstantEvaluationOverflowException
instanceKlass dagger/internal/codegen/base/DaggerSuperficialValidation$ValidationException
instanceKlass dagger/hilt/processor/internal/BadInputException
instanceKlass java/lang/TypeNotPresentException
instanceKlass org/jetbrains/kotlin/com/intellij/psi/impl/compiled/OutOfOrderInnerClassException
instanceKlass org/jetbrains/kotlin/com/intellij/psi/impl/compiled/ClsElementImpl$InvalidMirrorException
instanceKlass kotlin/KotlinNothingValueException
instanceKlass com/google/devtools/ksp/KSTypeNotPresentException
instanceKlass com/google/devtools/ksp/KSTypesNotPresentException
instanceKlass org/jetbrains/kotlin/lexer/KotlinLexerException
instanceKlass org/jetbrains/kotlin/com/intellij/psi/text/BlockSupport$ReparsedSuccessfullyException
instanceKlass org/jetbrains/kotlin/com/intellij/psi/impl/DebugUtil$IncorrectTreeStructureException
instanceKlass org/jetbrains/kotlin/types/error/LazyWrappedTypeComputationException
instanceKlass org/jetbrains/kotlin/protobuf/UninitializedMessageException
instanceKlass org/jetbrains/kotlin/com/intellij/openapi/util/RecursionManager$CachingPreventedException
instanceKlass org/jetbrains/kotlin/com/intellij/core/CoreJavaCodeStyleManager$1CancelException
instanceKlass org/jetbrains/kotlin/com/intellij/openapi/util/StackOverflowPreventedException
instanceKlass org/jetbrains/kotlin/com/intellij/openapi/vfs/InvalidVirtualFileAccessException
instanceKlass org/jetbrains/kotlin/com/intellij/psi/PsiInvalidElementAccessException
instanceKlass org/jetbrains/kotlin/com/fasterxml/aalto/UncheckedStreamException
instanceKlass org/jetbrains/kotlin/com/intellij/diagnostic/PluginException
instanceKlass java/io/UncheckedIOException
instanceKlass java/util/MissingResourceException
instanceKlass org/jetbrains/kotlin/com/intellij/openapi/extensions/SortingException
instanceKlass org/jetbrains/kotlin/com/intellij/diagnostic/ImplementationConflictException
instanceKlass java/util/EmptyStackException
instanceKlass org/jetbrains/kotlin/com/intellij/openapi/diagnostic/RuntimeExceptionWithAttachments
instanceKlass org/jetbrains/kotlin/com/intellij/openapi/project/IndexNotReadyException
instanceKlass java/lang/SecurityException
instanceKlass org/jetbrains/kotlin/com/intellij/openapi/editor/ReadOnlyModificationException
instanceKlass org/jetbrains/kotlin/com/intellij/openapi/editor/ReadOnlyFragmentModificationException
instanceKlass org/jetbrains/kotlin/com/intellij/util/lang/CompoundRuntimeException
instanceKlass org/jetbrains/kotlin/org/picocontainer/PicoException
instanceKlass org/jetbrains/kotlin/com/intellij/openapi/extensions/ExtensionNotApplicableException
instanceKlass java/nio/file/FileSystemNotFoundException
instanceKlass org/jetbrains/kotlin/util/ServiceLoaderLite$ServiceLoadingException
instanceKlass org/jetbrains/kotlin/compiler/plugin/PluginProcessingException
instanceKlass org/jetbrains/kotlin/compiler/plugin/CliOptionProcessingException
instanceKlass org/jetbrains/kotlin/backend/common/CompilationException
instanceKlass org/jetbrains/kotlin/com/intellij/util/IncorrectOperationException
instanceKlass org/jetbrains/kotlin/utils/WrappedValues$WrappedProcessCanceledException
instanceKlass java/util/ConcurrentModificationException
instanceKlass java/lang/reflect/UndeclaredThrowableException
instanceKlass java/util/NoSuchElementException
instanceKlass kotlin/NoWhenBranchMatchedException
instanceKlass java/lang/IndexOutOfBoundsException
instanceKlass kotlin/UninitializedPropertyAccessException
instanceKlass java/lang/UnsupportedOperationException
instanceKlass java/lang/IllegalStateException
instanceKlass org/jetbrains/kotlin/cli/jvm/compiler/CompileEnvironmentException
instanceKlass org/jetbrains/kotlin/utils/KotlinExceptionWithAttachments
instanceKlass org/jetbrains/kotlin/analyzer/CompilationErrorException
instanceKlass org/jetbrains/kotlin/com/intellij/openapi/progress/ProcessCanceledException
instanceKlass java/lang/IllegalArgumentException
instanceKlass java/lang/ArithmeticException
instanceKlass java/lang/NullPointerException
instanceKlass java/lang/IllegalMonitorStateException
instanceKlass java/lang/ArrayStoreException
instanceKlass java/lang/ClassCastException
ciInstanceKlass java/lang/RuntimeException 1 1 40 10 100 12 1 1 1 10 12 1 10 12 1 10 12 1 10 12 1 100 1 1 1 1 5 0 1 1 1 1 1 1 1 1 1 1 1 1 1 1
instanceKlass org/jetbrains/kotlin/container/UnresolvedServiceException
instanceKlass java/nio/charset/UnsupportedCharsetException
instanceKlass java/nio/charset/IllegalCharsetNameException
instanceKlass java/nio/file/InvalidPathException
instanceKlass java/lang/NumberFormatException
ciInstanceKlass java/lang/IllegalArgumentException 1 1 35 10 100 12 1 1 1 10 12 1 10 12 1 10 12 1 100 1 1 1 1 5 0 1 1 1 1 1 1 1 1 1 1 1 1
ciInstanceKlass java/lang/ArithmeticException 1 1 26 10 100 12 1 1 1 10 12 1 100 1 1 1 1 5 0 1 1 1 1 1 1 1 1 1
instanceKlass kotlin/KotlinNullPointerException
ciInstanceKlass java/lang/NullPointerException 1 1 52 10 100 12 1 1 1 10 12 1 9 100 12 1 1 1 10 12 1 1 9 12 1 1 10 12 1 1 10 12 1 1 1 1 5 0 1 1 1 1 1 1 1 1 100 1 100 1 100 1 1 1
instanceKlass sun/awt/SoftCache
instanceKlass com/google/common/collect/Maps$IteratorBasedAbstractMap
instanceKlass com/google/common/collect/Maps$ViewCachingAbstractMap
instanceKlass java/util/Collections$SingletonMap
instanceKlass kotlin/collections/AbstractMutableMap
instanceKlass org/jetbrains/kotlin/protobuf/SmallSortedMap
instanceKlass org/jetbrains/kotlin/com/intellij/openapi/vfs/impl/ZipEntryMap
instanceKlass org/jetbrains/kotlin/com/intellij/util/containers/hash/LinkedHashMap
instanceKlass org/jetbrains/kotlin/com/intellij/util/containers/ConcurrentRefHashMap
instanceKlass org/jetbrains/kotlin/com/intellij/util/containers/RefHashMap
instanceKlass java/util/EnumMap
instanceKlass java/util/TreeMap
instanceKlass java/util/IdentityHashMap
instanceKlass java/util/WeakHashMap
instanceKlass java/util/Collections$EmptyMap
instanceKlass sun/util/PreHashedMap
instanceKlass java/util/HashMap
instanceKlass java/util/ImmutableCollections$AbstractImmutableMap
instanceKlass java/util/concurrent/ConcurrentHashMap
ciInstanceKlass java/util/AbstractMap 1 1 192 10 7 12 1 1 1 10 7 12 1 1 1 11 7 12 1 1 1 10 11 12 1 1 11 7 12 1 1 1 11 12 1 1 7 1 11 12 1 10 12 1 1 11 12 1 100 1 10 11 12 1 11 7 1 10 12 1 1 11 12 1 9 12 1 1 7 1 10 12 1 9 12 1 1 100 1 10 11 11 12 1 1 11 12 1 100 1 100 1 11 12 1 8 1 100 1 10 10 12 1 1 8 1 10 12 1 10 12 1 1 10 12 1 1 1 1 1 1 1 1 1 1 1 1 1 1 1 1 1 1 1 1 1 1 1 1 1 1 1 1 1 1 1 1 1 1 1 1 1 1 1 1 100 1 1 1 1 1 1 1 1 1 1 1 1 1 1 1 1 100 1 1 1 1 1 1 1 1 1 100 1 100 1 100 1 100 1 1 1 1 1
ciInstanceKlass java/security/AccessControlContext 1 1 373 9 7 12 1 1 1 9 12 1 1 10 100 12 1 1 1 8 1 10 100 12 1 1 1 10 7 12 1 1 1 9 12 1 9 12 1 1 9 12 1 1 10 7 12 1 1 100 1 10 12 1 11 100 12 1 1 1 11 12 1 11 12 1 11 12 1 1 7 1 11 12 1 1 10 12 1 10 7 12 1 1 1 9 100 12 1 1 1 10 100 12 1 1 1 11 100 12 1 1 1 10 7 1 100 1 8 1 10 12 1 10 12 1 1 7 1 10 7 12 1 1 1 9 12 1 9 12 1 9 12 1 9 12 1 1 9 12 1 1 9 12 1 9 12 1 10 7 12 1 1 1 9 12 1 10 12 1 1 10 12 1 1 8 1 10 12 1 1 10 12 1 1 10 100 12 1 1 1 100 1 10 10 12 1 1 10 100 12 1 1 1 10 8 1 10 100 12 1 1 8 1 10 100 12 1 1 8 1 8 1 10 12 1 8 1 10 12 1 8 1 10 12 1 10 12 1 10 12 1 1 8 1 8 1 100 1 10 12 1 10 12 1 1 100 1 10 12 1 8 1 10 12 1 10 12 1 10 8 1 10 12 1 1 10 12 1 1 10 12 1 1 10 12 1 1 10 12 1 10 12 1 10 12 1 10 12 1 1 10 10 10 12 1 1 1 1 1 1 1 1 1 1 1 1 1 1 1 1 1 1 1 1 1 1 1 1 100 1 1 1 1 1 1 1 1 1 1 1 1 1 1 1 1 1 1 1 1 1 1 1 1 1 1 1 1 1 1 1 1 1 1 1 1 1 1 1 1 1 1 1 1 1 1 1 1 1 1 1 1 3 1 1
ciInstanceKlass java/net/URL 1 1 743 10 7 12 1 1 1 10 12 1 10 7 12 1 1 9 12 1 1 9 12 1 10 7 12 1 1 1 10 12 1 1 10 12 1 1 9 12 1 1 10 7 12 1 1 1 8 1 10 12 1 1 100 1 10 10 12 1 1 8 1 10 12 1 1 9 12 1 100 1 8 1 10 12 1 10 12 1 8 1 9 12 1 10 12 1 1 9 12 1 10 12 1 10 12 1 9 12 1 9 12 1 8 1 9 12 1 10 12 1 1 8 1 9 12 1 1 10 12 1 1 10 7 12 1 1 1 8 1 10 12 1 7 1 10 12 1 10 12 1 10 12 1 10 12 1 1 10 12 1 1 8 1 10 12 1 1 10 12 1 8 1 9 12 1 8 1 10 12 1 10 7 12 1 1 1 100 1 10 12 1 10 12 1 1 10 7 12 1 1 1 100 1 8 1 10 10 12 1 8 1 10 12 1 1 10 12 1 10 12 1 10 12 1 10 12 1 10 12 1 8 1 10 12 1 10 10 7 12 1 1 1 10 12 1 9 100 12 1 1 1 10 100 12 1 1 1 9 12 1 1 10 12 1 10 100 12 1 1 1 100 1 100 1 10 12 1 10 12 1 10 12 1 10 12 1 10 12 1 10 12 10 10 10 12 1 100 1 10 12 1 10 12 1 1 8 1 9 100 12 1 1 1 10 100 12 1 1 1 10 12 1 1 9 100 12 1 1 1 10 12 1 1 100 1 10 12 1 10 12 1 10 10 12 1 1 10 12 1 1 10 12 1 10 12 1 10 12 1 10 7 12 1 1 1 10 12 1 1 10 12 1 9 12 1 1 9 12 1 1 100 1 8 1 10 10 12 1 9 12 1 1 10 7 12 1 1 8 1 10 7 12 1 1 8 1 10 12 1 1 10 12 1 8 1 8 1 10 7 12 1 1 1 100 1 10 100 12 1 1 1 10 12 1 10 12 1 100 1 10 9 12 1 1 10 7 12 1 1 8 1 10 12 1 1 100 1 10 10 100 12 1 1 1 8 9 100 12 1 1 1 10 12 1 10 12 1 10 12 1 10 12 1 10 7 12 1 1 11 7 12 1 1 10 12 1 10 12 1 9 12 1 10 12 1 1 10 100 12 1 1 10 100 12 1 1 1 8 10 100 12 1 1 100 1 10 8 8 10 12 1 8 8 8 100 1 10 12 1 9 12 1 1 10 12 1 10 12 1 1 10 12 1 10 12 10 12 1 1 10 12 1 1 10 10 10 12 1 10 12 1 10 12 1 10 12 1 10 12 1 10 10 12 1 100 1 8 1 10 10 10 12 1 1 10 12 1 10 12 1 1 8 1 7 1 10 10 10 7 1 10 12 1 9 7 12 1 1 1 9 12 1 1 7 1 10 10 7 12 1 1 1 100 1 1 1 1 1 5 0 1 1 1 1 1 1 1 1 1 1 1 1 1 1 1 1 1 1 1 1 1 1 1 1 1 1 1 1 1 1 1 1 1 1 1 1 1 1 1 100 1 1 1 1 1 1 1 1 1 1 1 1 1 1 1 1 1 1 1 1 1 1 1 1 1 1 1 1 1 1 1 1 1 1 1 1 1 100 1 1 1 1 1 1 1 1 1 1 1 1 1 1 1 1 100 1 1 1 1 1 1 1 1 1 1 1 1 1 1 1 1 1 1
staticfield java/net/URL defaultFactory Ljava/net/URLStreamHandlerFactory; java/net/URL$DefaultFactory
staticfield java/net/URL streamHandlerLock Ljava/lang/Object; java/lang/Object
staticfield java/net/URL serialPersistentFields [Ljava/io/ObjectStreamField; 7 [Ljava/io/ObjectStreamField;
ciInstanceKlass java/util/jar/Manifest 1 1 336 10 7 12 1 1 1 7 1 10 9 7 12 1 1 1 7 1 10 9 12 1 1 9 12 1 1 10 12 1 10 12 1 1 10 12 1 1 10 12 1 1 10 12 1 1 11 7 1 11 12 1 1 10 12 1 1 10 100 12 1 1 1 100 1 100 1 10 8 1 10 12 1 1 10 12 1 1 10 12 1 10 12 1 11 100 1 10 12 1 10 12 1 1 11 12 1 1 10 12 1 11 12 1 1 11 100 12 1 1 1 11 100 12 1 1 11 12 1 1 100 1 10 12 1 8 1 11 12 1 100 1 10 12 1 1 11 12 1 10 12 1 10 12 1 10 100 12 1 1 1 8 1 10 12 1 1 10 9 100 12 1 1 1 10 12 1 1 10 100 12 1 10 12 1 10 12 1 9 100 12 1 1 1 8 1 10 12 1 8 1 8 1 7 1 10 12 1 10 12 1 10 12 1 1 100 1 8 1 10 12 1 1 8 1 10 10 12 1 1 8 1 10 12 1 1 10 100 12 1 1 1 10 12 1 10 11 12 1 1 10 12 1 10 100 12 1 1 1 10 12 1 1 10 12 1 1 11 10 12 1 11 10 12 1 100 1 1 1 1 1 1 1 1 1 1 1 1 1 1 1 1 1 1 1 1 1 1 1 1 1 1 1 1 1 1 1 1 1 1 1 1 1 1 1 1 1 1 1 100 1 1 1 1 1 1 1 1 1 1 1 1 1 1 100 1 1 1 1 1 1 1 1 1 1 1
instanceKlass com/google/common/collect/ImmutableCollection
instanceKlass org/jetbrains/kotlin/it/unimi/dsi/fastutil/ints/AbstractIntCollection
instanceKlass java/util/TreeMap$Values
instanceKlass org/jetbrains/kotlin/com/google/common/collect/ImmutableCollection
instanceKlass org/jetbrains/kotlin/it/unimi/dsi/fastutil/objects/AbstractObjectCollection
instanceKlass org/jetbrains/kotlin/com/intellij/util/containers/UnsafeWeakList
instanceKlass java/util/AbstractQueue
instanceKlass org/jetbrains/kotlin/it/unimi/dsi/fastutil/objects/AbstractReferenceCollection
instanceKlass org/jetbrains/kotlin/com/google/common/collect/Multimaps$Entries
instanceKlass java/util/IdentityHashMap$Values
instanceKlass org/jetbrains/kotlin/com/google/common/collect/AbstractMapBasedMultimap$WrappedCollection
instanceKlass org/jetbrains/kotlin/com/intellij/util/containers/ImmutableList
instanceKlass java/util/HashMap$Values
instanceKlass java/util/LinkedHashMap$LinkedValues
instanceKlass java/util/ArrayDeque
instanceKlass java/util/AbstractSet
instanceKlass java/util/ImmutableCollections$AbstractImmutableCollection
instanceKlass java/util/AbstractList
ciInstanceKlass java/util/AbstractCollection 1 1 160 10 7 12 1 1 1 10 7 12 1 1 1 10 12 1 1 11 7 12 1 1 1 11 12 1 1 10 12 1 1 10 100 12 1 1 1 10 12 1 1 10 12 1 1 10 7 12 1 1 10 7 12 1 1 1 7 1 10 100 12 1 1 1 10 100 12 1 1 1 100 1 10 11 12 1 11 7 1 10 12 1 10 12 1 10 7 12 1 1 1 11 8 1 7 1 10 10 12 1 1 8 1 10 12 1 10 12 1 1 1 1 1 1 1 1 1 1 1 1 1 1 1 1 1 1 1 1 1 1 1 1 1 1 1 1 1 1 1 1 1 1 1 1 1 1 1 1 1 1 1 1 1 1 1 1 1 1 1 1
ciInstanceKlass java/util/List 1 1 217 10 100 12 1 1 1 11 100 12 1 1 1 11 100 12 1 1 1 11 12 1 1 11 100 12 1 1 11 12 1 1 11 12 1 1 10 100 12 1 1 1 7 1 7 1 10 12 1 1 100 1 10 100 12 1 1 1 9 7 12 1 1 1 7 1 10 12 10 12 1 7 1 10 12 1 1 10 12 1 10 12 1 1 100 1 1 1 1 1 1 1 1 1 1 1 1 1 1 1 1 1 1 1 1 1 1 1 1 1 1 1 1 1 1 1 1 1 1 1 1 1 1 1 1 1 1 1 1 1 1 1 1 1 1 100 1 100 1 1 1 1 1 1 1 1 1 1 1 1 1 1 1 1 1 1 1 1 1 1 1 1 1 1 1 1 1 1 1 1 1 1 1 1 1 1 1 1 1 1 1 1 1 1 1 1 1 1 1 1 1 1 1 1 1 1 1 1 1 1 1 1 1 1 1 1 1 1 1 1 100 1 1 100 1 1 1
instanceKlass com/google/common/collect/Lists$TransformingRandomAccessList
instanceKlass org/jetbrains/kotlin/com/intellij/psi/stubs/StubList$1
instanceKlass org/jetbrains/kotlin/com/intellij/psi/stubs/StubList
instanceKlass kotlin/collections/AbstractMutableList
instanceKlass org/jetbrains/kotlin/com/google/common/collect/Lists$AbstractListWrapper
instanceKlass org/jetbrains/kotlin/com/google/common/collect/Lists$Partition
instanceKlass org/jetbrains/kotlin/com/google/common/collect/Lists$TransformingRandomAccessList
instanceKlass org/jetbrains/kotlin/com/intellij/lang/impl/PsiBuilderImpl$RelativeTokenTypesView
instanceKlass java/util/AbstractSequentialList
instanceKlass org/jetbrains/kotlin/protobuf/UnmodifiableLazyStringList
instanceKlass org/jetbrains/kotlin/protobuf/LazyStringArrayList
instanceKlass org/jetbrains/kotlin/com/intellij/util/containers/ContainerUtilRt$EmptyList
instanceKlass java/util/ArrayList$SubList
instanceKlass org/jetbrains/kotlin/com/intellij/util/containers/DisposableWrapperList
instanceKlass org/jetbrains/kotlin/com/intellij/util/SmartList
instanceKlass java/util/AbstractList$SubList
instanceKlass java/util/Vector
instanceKlass java/util/Collections$SingletonList
instanceKlass org/jetbrains/kotlin/utils/SmartList
instanceKlass java/util/Arrays$ArrayList
instanceKlass java/util/Collections$EmptyList
instanceKlass java/util/ArrayList
ciInstanceKlass java/util/AbstractList 1 1 218 10 7 12 1 1 1 9 7 12 1 1 1 10 12 1 1 10 12 1 1 100 1 10 10 12 1 1 11 100 12 1 1 1 11 12 1 1 11 12 1 10 100 12 1 1 1 10 12 1 11 12 1 11 12 1 11 12 1 10 12 1 1 10 12 1 1 11 100 12 1 1 1 11 100 1 11 7 1 10 12 1 7 1 10 12 1 10 12 1 1 7 1 7 1 10 12 1 7 1 10 100 1 100 1 10 8 1 10 12 1 1 10 12 1 10 12 1 1 10 12 1 8 1 100 1 8 1 8 1 8 1 10 100 1 11 10 10 12 1 11 12 1 10 12 1 1 8 1 8 1 1 1 1 1 1 1 1 1 1 1 1 1 1 1 1 1 1 1 1 1 1 1 1 1 1 1 1 1 1 1 1 1 1 1 1 1 1 1 1 1 1 1 1 1 1 1 1 1 1 1 1 1 1 1 1 1 1 100 1 100 1 1 1 1 1 1 1
ciInstanceKlass java/lang/AssertionStatusDirectives 0 0 24 10 100 12 1 1 1 100 1 1 1 1 1 1 1 1 1 1 1 1 1 1 1 1
ciInstanceKlass java/lang/invoke/MethodHandleNatives$CallSiteContext 1 1 49 10 7 12 1 1 1 7 1 10 10 7 12 1 1 1 10 7 12 1 1 1 10 7 12 1 1 1 100 1 1 1 1 1 1 1 1 1 1 1 1 1 1 1 1 1 100 1 1
ciInstanceKlass jdk/internal/invoke/NativeEntryPoint 0 0 92 10 100 12 1 1 1 9 100 12 1 1 1 10 100 12 1 1 1 100 1 9 12 1 9 12 1 9 12 1 1 9 12 1 1 9 12 1 1 100 1 8 1 10 12 1 11 100 12 1 1 1 10 12 1 1 10 12 1 11 100 12 1 1 11 12 1 10 12 1 1 10 12 1 1 1 1 1 1 1 1 1 1 1 1 1 1 1 1 1 1 1
instanceKlass java/lang/invoke/VolatileCallSite
instanceKlass java/lang/invoke/MutableCallSite
instanceKlass java/lang/invoke/ConstantCallSite
ciInstanceKlass java/lang/invoke/CallSite 1 1 302 10 7 12 1 1 1 10 7 12 1 1 1 9 7 12 1 1 1 10 12 1 1 9 12 1 1 10 7 12 1 1 1 10 12 1 100 1 10 12 1 1 10 12 1 1 9 100 12 1 1 1 10 100 12 1 1 10 12 1 1 100 1 100 1 10 10 100 12 1 1 1 10 12 1 1 8 1 10 12 1 10 12 1 1 10 12 1 10 12 1 1 10 12 1 1 10 10 100 12 1 1 10 12 1 1 9 12 1 9 100 12 1 1 1 8 1 10 7 12 1 1 1 10 12 1 1 100 1 10 12 1 1 9 12 1 8 1 100 1 10 12 1 10 12 1 100 1 8 1 10 10 12 1 10 12 1 1 100 1 10 12 1 1 10 12 1 10 12 1 10 12 1 1 10 12 1 1 9 12 1 1 8 10 12 1 1 9 12 1 1 100 1 10 10 12 1 10 100 12 1 1 1 10 12 1 1 10 12 1 1 10 12 1 10 7 12 1 1 1 100 1 8 1 10 10 12 10 12 1 1 100 1 100 1 100 1 8 1 10 12 1 10 7 12 1 1 1 1 1 1 1 1 1 1 1 1 1 1 1 1 1 1 1 1 1 1 1 1 1 1 1 1 1 1 1 1 1 1 1 1 1 1 1 1 1 1 1 1 1 1 1 1 1 1 1 1 1 1 1 1 1
staticfield java/lang/invoke/CallSite $assertionsDisabled Z 1
ciInstanceKlass java/lang/invoke/VolatileCallSite 0 0 37 10 100 12 1 1 1 10 12 1 10 100 12 1 1 1 10 12 1 10 12 1 1 1 1 1 1 1 1 1 1 1 1 1 1 1 1
ciInstanceKlass java/lang/invoke/MethodType 1 1 771 7 1 10 7 12 1 1 1 9 12 1 1 9 12 1 1 9 12 1 1 10 7 12 1 1 1 9 7 12 1 1 8 1 10 100 12 1 1 1 9 7 1 9 7 1 10 12 1 1 100 1 10 8 1 10 12 1 1 10 12 1 10 12 1 1 100 1 8 1 10 12 1 100 1 10 10 12 1 10 12 1 1 10 12 1 1 11 7 12 1 1 1 9 12 1 11 12 1 1 7 7 1 10 7 12 1 1 1 10 12 1 9 12 1 1 10 7 12 1 1 10 12 1 1 10 7 12 1 1 1 10 7 12 1 1 1 10 12 1 9 12 1 1 10 12 1 1 7 1 10 12 1 1 10 12 1 1 10 12 1 1 10 12 1 1 10 12 1 1 10 12 1 10 12 1 10 12 1 1 10 12 1 8 1 8 1 10 12 1 1 9 12 1 1 100 1 10 10 12 1 1 10 12 1 10 12 1 1 10 12 1 1 10 12 1 10 12 1 1 10 12 1 8 1 10 12 1 1 10 7 12 1 1 1 10 12 1 10 12 1 1 10 12 1 10 12 1 10 12 1 1 10 12 1 10 12 1 9 12 1 10 12 1 10 10 12 1 1 10 12 1 9 12 1 1 10 12 1 1 10 12 1 1 10 12 1 1 10 12 1 1 7 1 10 12 10 12 1 10 12 1 100 1 8 1 8 1 8 1 10 12 1 10 12 1 10 12 1 10 11 12 1 1 11 12 1 10 100 12 1 1 1 9 12 1 10 12 1 10 12 1 1 10 12 1 1 10 12 1 10 12 1 10 100 12 1 1 1 10 12 1 1 10 12 1 10 12 1 10 12 1 10 9 12 1 1 7 1 10 12 1 10 12 1 1 9 100 12 1 1 1 10 100 12 1 1 1 10 100 12 1 1 1 10 12 1 1 10 100 12 1 1 1 10 12 1 1 8 1 10 7 12 1 1 1 11 12 1 1 9 12 1 1 10 12 1 1 10 12 1 10 12 1 1 10 12 1 1 10 100 12 1 1 100 1 10 12 1 1 11 100 12 1 1 1 18 12 1 1 11 12 1 1 18 12 1 11 12 1 100 1 11 100 12 1 1 10 12 1 100 1 10 12 1 10 100 12 1 1 10 12 1 1 9 12 1 1 9 100 12 1 1 1 10 100 12 1 1 1 9 12 1 10 100 12 1 1 10 12 1 100 10 12 1 1 10 12 1 10 7 1 7 1 9 12 1 1 100 1 100 1 100 1 1 1 5 0 1 1 1 1 1 1 1 3 1 3 1 3 1 1 1 1 1 1 1 1 1 1 1 1 1 1 1 1 1 1 1 1 1 1 1 1 1 1 1 1 1 1 1 1 1 1 1 1 1 1 1 1 1 1 1 1 1 1 1 1 1 1 1 1 1 1 1 1 1 1 1 1 1 1 1 1 1 1 1 1 1 1 1 1 1 1 1 1 1 1 1 1 1 1 1 1 1 1 1 1 1 1 1 1 1 1 1 1 1 1 1 1 1 1 1 1 1 1 1 1 1 1 1 1 1 1 1 1 1 1 1 1 1 1 1 1 1 1 1 100 1 100 1 1 1 1 1 1 1 1 1 1 1 1 1 100 1 1 1 100 1 1 1 1 1 1 1 1 1 1 1 1 1 1 1 1 1 1 1 1 1 15 10 100 12 1 1 1 16 15 10 12 16 16 15 10 12 16 1 1 1 1 100 1 1 100 1 1 100 1 100 1 1
staticfield java/lang/invoke/MethodType internTable Ljava/lang/invoke/MethodType$ConcurrentWeakInternSet; java/lang/invoke/MethodType$ConcurrentWeakInternSet
staticfield java/lang/invoke/MethodType NO_PTYPES [Ljava/lang/Class; 0 [Ljava/lang/Class;
staticfield java/lang/invoke/MethodType objectOnlyTypes [Ljava/lang/invoke/MethodType; 20 [Ljava/lang/invoke/MethodType;
staticfield java/lang/invoke/MethodType METHOD_HANDLE_ARRAY [Ljava/lang/Class; 1 [Ljava/lang/Class;
staticfield java/lang/invoke/MethodType serialPersistentFields [Ljava/io/ObjectStreamField; 0 [Ljava/io/ObjectStreamField;
staticfield java/lang/invoke/MethodType $assertionsDisabled Z 1
ciInstanceKlass java/lang/BootstrapMethodError 0 0 45 10 100 12 1 1 1 10 12 1 10 12 1 10 100 12 1 1 1 10 100 12 1 1 1 1 1 1 5 0 1 1 1 1 1 1 1 1 1 1 1 100 1 1 1
ciInstanceKlass jdk/internal/loader/ClassLoaders$AppClassLoader 1 1 119 8 1 10 7 12 1 1 1 10 7 12 1 1 1 10 100 12 1 1 1 10 12 1 1 10 100 12 1 1 1 10 12 1 1 10 12 1 1 7 1 8 1 10 12 10 7 12 1 1 1 10 100 12 1 1 10 12 1 1 10 12 1 1 10 7 12 1 1 1 100 1 10 12 1 1 1 1 1 1 1 1 1 1 1 1 1 1 1 1 1 1 1 1 1 100 1 1 1 1 1 1 1 1 1 1 1 1 1 1 1 1 1 1 1 100 1 1 1
ciInstanceKlass jdk/internal/loader/ClassLoaders$PlatformClassLoader 1 1 42 8 1 10 7 12 1 1 1 10 7 12 1 1 1 100 1 10 12 1 100 1 1 1 1 1 1 1 1 1 1 1 1 1 1 100 1 1 1 100 1 1
ciInstanceKlass java/lang/ArrayStoreException 1 1 26 10 100 12 1 1 1 10 12 1 100 1 1 1 1 5 0 1 1 1 1 1 1 1 1 1
ciInstanceKlass java/lang/ClassCastException 1 1 26 10 100 12 1 1 1 10 12 1 100 1 1 1 1 5 0 1 1 1 1 1 1 1 1 1
ciInstanceKlass java/lang/NoClassDefFoundError 0 0 26 10 100 12 1 1 1 10 12 1 100 1 1 1 1 5 0 1 1 1 1 1 1 1 1 1
ciInstanceKlass java/lang/IllegalMonitorStateException 1 1 26 10 100 12 1 1 1 10 12 1 100 1 1 1 1 5 0 1 1 1 1 1 1 1 1 1
ciInstanceKlass java/lang/StackOverflowError 1 1 26 10 100 12 1 1 1 10 12 1 100 1 1 1 1 5 0 1 1 1 1 1 1 1 1 1
instanceKlass java/lang/StackOverflowError
instanceKlass java/lang/OutOfMemoryError
instanceKlass java/lang/InternalError
ciInstanceKlass java/lang/VirtualMachineError 1 1 34 10 100 12 1 1 1 10 12 1 10 12 1 10 12 1 100 1 1 1 1 5 0 1 1 1 1 1 1 1 1 1 1 1
ciInstanceKlass java/lang/OutOfMemoryError 1 1 26 10 100 12 1 1 1 10 12 1 100 1 1 1 1 5 0 1 1 1 1 1 1 1 1 1
ciInstanceKlass java/lang/InternalError 0 0 34 10 100 12 1 1 1 10 12 1 10 12 1 10 12 1 100 1 1 1 1 5 0 1 1 1 1 1 1 1 1 1 1 1
ciInstanceKlass java/lang/StackTraceElement 0 0 224 10 100 12 1 1 1 10 100 12 1 1 9 12 1 1 9 12 1 1 9 12 1 9 12 1 8 1 10 100 12 1 1 1 100 1 9 12 1 8 1 9 12 1 9 12 1 9 12 1 1 8 1 10 12 1 1 10 12 1 100 1 10 10 12 1 1 8 1 10 12 1 1 10 12 1 8 1 8 1 8 1 10 12 1 8 1 8 1 10 12 1 8 1 8 1 10 12 1 1 10 12 1 10 12 1 1 10 12 1 9 12 1 1 10 100 12 1 1 1 10 12 1 1 100 1 10 12 1 1 10 100 12 1 1 10 100 12 1 1 1 10 100 12 1 1 10 100 12 1 1 10 10 12 1 1 10 12 1 10 12 1 1 100 1 1 1 1 1 3 1 3 1 1 5 0 1 1 1 1 1 1 1 1 1 1 1 1 1 1 1 1 1 1 1 1 1 1 1 1 1 1 100 1 100 1 1 1 1 1 1 1 1 1 1 100 1 1 1 1 1 1 1 1
instanceKlass java/nio/CharBuffer
instanceKlass java/nio/IntBuffer
instanceKlass java/nio/LongBuffer
instanceKlass java/nio/ByteBuffer
ciInstanceKlass java/nio/Buffer 1 1 224 100 1 10 7 12 1 1 1 9 7 12 1 1 1 9 12 1 9 12 1 1 9 12 1 9 12 1 1 10 12 1 1 10 12 1 1 10 12 100 1 100 1 10 8 1 10 12 1 1 10 12 1 8 1 8 1 10 12 1 1 10 12 1 8 1 9 12 1 1 100 1 8 1 10 12 1 8 1 8 1 9 12 10 12 1 8 1 8 1 8 1 10 12 1 8 1 8 1 8 1 100 1 10 100 1 10 100 1 10 100 1 10 10 100 12 1 1 1 10 11 100 12 1 1 10 7 12 1 1 1 10 7 12 1 1 1 9 12 1 1 10 7 12 1 1 1 9 12 1 1 7 1 10 10 7 12 1 1 1 1 1 3 1 1 1 1 1 1 1 1 1 1 1 1 1 1 1 1 1 1 100 1 1 1 1 1 1 1 1 1 1 1 1 1 1 1 1 1 1 1 1 1 1 1 1 1 1 1 1 1 1 1 1 1 1 1 1 1 1 1 1 1 1
staticfield java/nio/Buffer UNSAFE Ljdk/internal/misc/Unsafe; jdk/internal/misc/Unsafe
staticfield java/nio/Buffer SCOPED_MEMORY_ACCESS Ljdk/internal/misc/ScopedMemoryAccess; jdk/internal/misc/ScopedMemoryAccess
staticfield java/nio/Buffer $assertionsDisabled Z 1
instanceKlass com/google/devtools/ksp/common/KSObjectCacheManager$Companion$caches_prop$1
instanceKlass org/jetbrains/kotlin/com/intellij/util/io/PersistentHashMapValueStorage$CreationTimeOptions$1
instanceKlass java/util/concurrent/locks/ReentrantReadWriteLock$Sync$ThreadLocalHoldCounter
instanceKlass org/jetbrains/kotlin/load/kotlin/KotlinBinaryClassCache$cache$1
instanceKlass java/lang/ThreadLocal$SuppliedThreadLocal
instanceKlass jdk/internal/misc/TerminatingThreadLocal$1
instanceKlass jdk/internal/misc/TerminatingThreadLocal
ciInstanceKlass java/lang/ThreadLocal 1 1 141 9 7 12 1 1 1 3 10 7 12 1 1 1 7 1 10 12 1 1 10 7 12 1 1 10 12 1 9 12 1 1 10 7 12 1 1 1 10 12 1 1 10 7 12 1 1 1 9 7 12 1 1 1 10 12 1 1 10 12 1 10 12 1 1 10 12 1 1 7 1 10 12 1 1 10 12 1 1 9 12 1 1 10 12 10 12 1 100 1 10 10 1 1 1 1 1 1 1 1 1 1 1 1 1 1 1 1 1 1 1 1 1 1 1 1 1 1 1 1 1 1 1 1 1 1 1 1 1 1 1 1 1 1 1 1 1 1 1 1 1
staticfield java/lang/ThreadLocal nextHashCode Ljava/util/concurrent/atomic/AtomicInteger; java/util/concurrent/atomic/AtomicInteger
ciMethod java/lang/ThreadLocal get ()Ljava/lang/Object; 518 0 33304 0 416
ciMethod java/lang/ThreadLocal getMap (Ljava/lang/Thread;)Ljava/lang/ThreadLocal$ThreadLocalMap; 534 0 34208 0 0
ciMethod java/lang/ThreadLocal initialValue ()Ljava/lang/Object; 256 0 128 0 -1
ciMethod java/lang/ThreadLocal createMap (Ljava/lang/Thread;Ljava/lang/Object;)V 2 0 1 0 -1
ciInstanceKlass jdk/internal/misc/UnsafeConstants 1 1 34 10 100 12 1 1 1 9 7 12 1 1 1 9 12 1 9 12 1 1 9 12 1 9 12 1 1 1 1 1 1 1 1 1
staticfield jdk/internal/misc/UnsafeConstants ADDRESS_SIZE0 I 8
staticfield jdk/internal/misc/UnsafeConstants PAGE_SIZE I 4096
staticfield jdk/internal/misc/UnsafeConstants BIG_ENDIAN Z 0
staticfield jdk/internal/misc/UnsafeConstants UNALIGNED_ACCESS Z 1
staticfield jdk/internal/misc/UnsafeConstants DATA_CACHE_LINE_FLUSH_SIZE I 0
instanceKlass java/lang/invoke/DelegatingMethodHandle
instanceKlass java/lang/invoke/BoundMethodHandle
instanceKlass java/lang/invoke/DirectMethodHandle
ciInstanceKlass java/lang/invoke/MethodHandle 1 1 641 100 1 9 7 12 1 1 1 10 7 12 1 1 1 10 7 12 1 1 1 7 1 7 1 10 12 1 1 9 12 1 1 10 12 1 10 12 1 1 10 12 1 1 10 100 12 1 1 1 10 12 1 1 10 12 1 1 11 100 12 1 1 1 10 12 1 1 10 12 1 10 12 1 9 12 1 1 10 12 1 1 100 1 100 1 10 8 1 10 12 1 1 10 12 1 8 1 10 12 1 1 10 12 1 10 7 12 1 1 1 10 12 1 10 12 1 1 10 12 1 1 10 12 1 1 10 12 1 1 10 7 12 1 1 1 10 7 12 1 1 1 7 1 10 12 1 1 10 12 1 1 10 12 1 1 8 1 10 7 12 1 1 1 8 1 10 12 1 1 10 12 1 1 10 12 1 1 10 12 1 8 1 10 12 1 1 8 1 10 12 1 8 1 10 100 12 1 1 1 9 12 1 1 100 1 10 9 100 12 1 1 1 9 100 1 8 1 10 12 1 1 10 12 1 10 12 1 1 10 12 1 10 12 1 1 10 12 1 10 12 1 1 10 12 1 10 12 1 1 10 12 1 1 8 1 10 12 1 1 8 1 10 12 1 10 12 1 1 10 12 1 10 12 1 10 12 1 1 9 100 12 1 1 1 10 12 1 1 11 12 1 10 12 1 10 12 1 1 10 100 12 1 1 1 100 1 11 12 1 10 100 1 11 12 1 100 1 10 12 1 11 12 1 9 100 12 1 1 1 11 12 1 1 11 100 12 1 1 1 10 12 1 1 9 12 1 11 12 1 9 12 1 9 12 1 9 12 1 11 12 1 1 9 12 1 9 12 1 9 12 1 9 12 1 9 12 1 9 12 1 9 12 1 8 1 10 12 1 10 12 1 8 1 10 12 1 10 12 1 10 10 7 12 1 1 10 12 1 1 100 1 8 1 10 12 1 1 10 12 1 1 10 12 1 10 12 1 100 1 10 100 12 1 1 1 10 12 1 9 7 12 1 1 1 10 12 1 1 10 12 1 1 8 1 9 12 1 9 12 1 1 9 12 1 1 10 12 1 7 1 10 12 1 10 12 1 1 9 12 1 1 9 12 1 1 10 7 12 1 1 1 11 7 12 1 1 9 12 1 10 12 1 1 9 12 1 10 12 1 8 10 12 1 1 8 1 1 1 1 1 1 100 1 1 1 1 1 1 1 1 1 1 1 1 1 1 1 1 1 1 1 1 1 1 1 1 1 1 1 1 1 1 1 1 1 1 1 1 1 1 1 1 1 1 1 1 1 1 1 1 1 1 1 1 1 1 1 1 1 1 1 1 1 1 1 1 1 1 1 1 1 100 1 1 1 1 1 1 1 1 1 100 1 1 1 1 1 1 1 1 1 1 1 1 1 1 1 1 1 1 1 1 1 1 1 1 1 1 1 100 1 1 100 1 1 100 1 1 1 1
staticfield java/lang/invoke/MethodHandle FORM_OFFSET J 20
staticfield java/lang/invoke/MethodHandle UPDATE_OFFSET J 13
staticfield java/lang/invoke/MethodHandle $assertionsDisabled Z 1
instanceKlass java/lang/invoke/DirectMethodHandle$Special
instanceKlass java/lang/invoke/DirectMethodHandle$Interface
instanceKlass java/lang/invoke/DirectMethodHandle$Constructor
instanceKlass java/lang/invoke/DirectMethodHandle$Accessor
ciInstanceKlass java/lang/invoke/DirectMethodHandle 1 1 940 7 1 7 1 100 1 7 1 7 1 10 7 12 1 1 1 10 7 12 1 1 1 100 1 10 12 1 10 12 1 1 10 7 12 1 1 10 12 1 1 10 12 1 10 12 1 7 1 10 12 1 1 10 12 1 1 10 12 1 10 12 1 1 10 7 12 1 1 1 10 12 1 9 12 1 1 100 1 10 9 12 1 1 9 12 1 10 12 1 10 12 1 10 12 1 1 10 12 1 10 12 1 10 12 1 10 7 12 1 1 1 10 12 1 10 12 1 1 8 1 10 12 1 1 7 1 10 12 1 7 1 10 10 12 1 10 12 1 10 12 1 10 7 12 1 1 1 10 12 1 1 100 1 10 12 1 10 12 1 7 1 10 12 1 10 12 1 1 10 12 1 1 10 12 1 8 10 100 12 1 1 1 10 12 1 10 12 1 10 12 1 1 10 12 1 9 7 12 1 1 1 7 1 10 12 1 10 7 12 1 1 1 10 12 1 10 12 1 1 9 12 1 1 100 1 10 8 1 10 12 1 1 10 12 1 10 12 1 10 10 12 1 10 12 1 10 12 1 10 12 1 10 12 1 1 10 12 1 10 12 1 1 10 12 1 10 12 1 1 10 10 7 12 1 1 1 10 12 1 10 12 1 1 10 12 1 10 12 1 1 8 1 9 7 12 1 1 1 8 1 9 12 1 9 12 1 8 1 9 12 1 9 12 1 8 1 9 12 1 9 12 1 8 1 10 12 1 10 12 1 1 9 12 1 1 7 1 10 12 1 1 100 1 10 7 12 1 1 1 10 12 1 1 10 12 1 10 12 1 1 7 1 10 12 1 1 10 12 1 10 12 1 1 7 1 10 12 1 1 10 7 12 1 1 1 10 12 1 10 12 1 10 12 1 9 12 1 1 10 7 1 9 12 9 12 1 10 7 12 1 1 1 10 12 1 7 1 7 1 7 1 9 12 1 1 10 7 12 1 10 12 1 1 10 12 1 100 1 10 12 1 10 12 1 1 9 100 12 1 1 1 10 12 1 1 100 1 10 100 12 1 1 1 10 12 1 10 12 1 8 1 9 12 1 9 12 1 10 12 1 9 12 1 1 10 100 12 1 1 1 9 12 1 1 9 12 1 1 10 12 1 10 12 1 10 12 1 10 12 1 10 12 1 1 10 12 1 10 7 12 1 1 9 12 1 10 12 1 10 12 1 10 12 1 10 12 1 1 10 12 1 1 9 12 1 1 10 12 1 1 9 7 12 1 1 1 9 12 1 9 12 1 9 12 1 9 12 1 9 12 1 9 12 1 9 12 1 9 12 1 9 12 1 9 12 1 9 12 1 9 12 1 9 12 1 9 12 1 9 12 1 9 12 1 9 12 1 9 12 1 9 12 1 9 12 1 9 12 1 9 12 1 9 12 1 9 12 1 9 12 1 9 12 1 9 12 1 9 12 1 9 12 1 9 12 1 9 12 1 9 12 1 9 12 1 9 12 1 9 12 1 9 12 1 8 1 9 12 1 1 9 12 1 1 10 12 1 10 12 1 1 9 7 1 10 12 1 9 12 1 1 10 12 10 12 1 10 12 1 10 12 1 10 8 1 8 1 8 1 8 1 10 12 1 1 9 12 1 1 10 12 1 10 100 12 1 1 1 8 9 12 1 1 10 12 1 1 8 1 8 8 9 12 1 8 1 8 8 8 8 8 1 8 10 12 1 10 12 1 8 1 8 1 10 12 1 10 12 1 10 12 1 10 12 1 1 7 1 1 1 1 3 1 3 1 3 1 3 1 3 1 3 1 3 1 3 1 3 1 3 1 1 1 1 1 1 1 1 1 1 3 1 3 1 1 1 1 3 1 1 1 1 1 1 1 1 1 1 1 1 1 1 1 1 1 1 1 1 1 1 1 1 1 1 1 1 1 1 1 1 1 1 1 1 1 1 1 1 1 1 1 1 1 1 1 1 1 1 1 1 1 1 1 1 100 1 1 1 1 1 1 1 1 1 1 1 1 100 1 1 1 1 1 1 1 1 1 1 1 1 1 1 1 1 1 1 1 1 1 1 1 1 1 1 1 1 1 1 1 1 1 1 1 1 1 1 1 1 1 1 1 1 1 1 1 1 1 1 1
staticfield java/lang/invoke/DirectMethodHandle IMPL_NAMES Ljava/lang/invoke/MemberName$Factory; java/lang/invoke/MemberName$Factory
staticfield java/lang/invoke/DirectMethodHandle FT_UNCHECKED_REF I 8
staticfield java/lang/invoke/DirectMethodHandle ACCESSOR_FORMS [Ljava/lang/invoke/LambdaForm; 132 [Ljava/lang/invoke/LambdaForm;
staticfield java/lang/invoke/DirectMethodHandle ALL_WRAPPERS [Lsun/invoke/util/Wrapper; 10 [Lsun/invoke/util/Wrapper;
staticfield java/lang/invoke/DirectMethodHandle NFS [Ljava/lang/invoke/LambdaForm$NamedFunction; 12 [Ljava/lang/invoke/LambdaForm$NamedFunction;
staticfield java/lang/invoke/DirectMethodHandle OBJ_OBJ_TYPE Ljava/lang/invoke/MethodType; java/lang/invoke/MethodType
staticfield java/lang/invoke/DirectMethodHandle LONG_OBJ_TYPE Ljava/lang/invoke/MethodType; java/lang/invoke/MethodType
staticfield java/lang/invoke/DirectMethodHandle $assertionsDisabled Z 1
ciInstanceKlass java/lang/ThreadLocal$ThreadLocalMap 1 1 142 9 7 12 1 1 1 10 7 12 1 1 1 9 12 1 7 1 9 12 1 1 9 7 12 1 1 10 12 1 10 12 1 1 10 12 1 1 9 12 1 1 10 12 1 1 10 12 1 1 10 12 1 1 10 12 1 1 10 12 1 1 10 12 1 1 10 12 1 1 10 12 1 10 12 1 10 12 1 10 12 1 10 12 1 1 1 3 1 1 1 1 1 1 1 1 1 1 1 1 1 1 1 1 1 1 1 1 1 1 1 1 100 1 1 1 1 1 1 1 1 1 1 1 1 1 1 1 1 1 1 1 1 1 1 1 1 1 1 1 1 1
ciInstanceKlass java/lang/ThreadLocal$ThreadLocalMap$Entry 1 1 37 10 7 12 1 1 1 9 7 12 1 1 1 1 1 1 1 1 1 1 1 1 1 1 1 1 1 1 1 1 100 1 1 100 1 1 1
ciInstanceKlass java/lang/invoke/LambdaForm 1 1 1052 100 1 9 7 12 1 1 1 10 7 12 1 1 1 10 7 12 1 1 9 12 1 1 9 12 1 1 10 12 1 1 100 1 10 9 12 1 10 12 1 1 9 12 1 10 7 12 1 1 1 9 12 1 9 12 1 9 12 1 1 9 12 1 10 12 1 1 7 1 10 12 1 10 100 12 1 1 1 10 100 12 1 1 1 10 12 1 10 12 1 1 9 100 12 1 1 1 10 12 1 1 9 12 1 10 12 1 1 10 12 1 10 12 1 1 10 12 1 1 10 100 12 1 1 1 7 1 10 10 12 1 1 8 1 10 12 1 10 12 1 10 12 1 1 7 1 10 7 12 1 1 1 10 12 1 1 10 12 1 10 12 1 1 9 12 1 1 9 12 1 9 12 1 1 10 12 1 9 12 1 10 100 12 1 1 1 10 12 1 1 10 12 1 9 12 1 1 10 100 12 1 1 1 10 12 1 10 12 1 10 12 1 10 12 1 10 12 1 10 12 1 1 10 12 1 10 12 1 1 8 1 10 12 1 10 12 1 8 1 8 1 9 12 1 9 12 1 9 12 1 1 10 12 1 1 10 12 1 9 12 1 10 12 1 1 10 7 12 1 1 1 10 12 1 1 10 12 1 10 12 1 10 12 1 1 9 12 1 10 12 1 8 1 8 1 8 1 8 1 8 1 8 1 8 1 8 1 10 12 1 9 12 1 7 1 10 12 1 1 9 12 1 10 12 1 10 12 1 1 10 12 10 12 1 10 12 1 1 10 12 1 1 10 10 12 1 1 10 12 1 1 7 1 8 1 10 12 1 1 10 12 1 10 12 1 1 10 8 1 10 12 1 1 8 1 8 1 8 1 10 12 1 9 12 1 1 10 12 1 1 10 12 1 1 100 1 10 12 1 1 10 12 1 10 7 12 1 1 1 10 12 1 1 9 12 1 1 8 1 10 100 12 1 1 1 10 7 12 1 1 10 12 10 10 12 1 1 9 12 1 8 10 12 1 1 100 1 10 12 1 1 10 12 1 9 7 12 1 1 9 12 1 1 8 1 10 100 12 1 1 10 12 1 1 100 1 100 1 10 10 12 1 1 10 12 1 1 8 1 8 1 100 1 8 1 10 12 10 12 1 10 12 1 10 12 1 1 8 1 8 1 9 100 12 1 1 1 10 12 1 10 12 1 1 8 1 8 1 8 1 100 1 8 1 100 1 8 1 100 1 8 1 10 12 1 8 1 9 10 7 12 1 1 1 10 12 1 9 12 1 1 10 12 1 10 10 12 1 10 12 1 10 12 1 10 12 1 1 10 12 1 10 12 1 1 10 12 1 1 10 12 1 1 8 1 100 10 12 1 10 12 1 9 12 1 1 10 7 12 1 1 8 1 8 1 100 1 8 1 8 1 8 1 8 1 8 1 8 1 8 1 8 1 10 12 1 1 10 12 1 1 10 12 1 10 12 1 8 1 8 1 8 1 10 12 1 8 1 10 12 1 8 1 8 1 8 1 8 1 8 1 10 12 1 10 12 1 10 12 1 1 10 7 12 1 1 1 10 12 1 10 12 1 10 12 1 10 12 1 10 12 1 10 12 1 10 12 1 9 12 1 1 8 1 10 12 1 1 9 12 1 1 10 12 1 1 9 12 1 9 12 1 1 9 12 1 9 12 1 1 7 1 10 7 12 1 1 1 9 12 1 10 12 1 10 12 1 8 1 10 12 1 9 12 1 1 7 1 10 7 12 1 1 1 8 1 100 1 10 12 1 9 12 1 9 12 1 10 12 1 10 12 1 10 7 12 1 1 1 10 12 1 9 7 12 1 1 10 12 1 1 10 12 1 10 12 1 9 12 10 12 1 10 10 12 1 9 9 12 1 7 9 12 1 1 10 12 1 1 9 12 1 10 12 1 10 7 1 9 1 1 1 1 3 1 3 1 3 1 1 1 1 1 1 1 1 1 1 1 1 1 1 1 1 1 1 1 1 1 1 1 1 1 1 1 1 1 1 1 1 1 1 1 1 1 1 1 1 1 1 1 1 1 1 1 1 1 1 1 1 1 1 1 1 100 1 1 1 1 1 1 1 1 1 1 1 1 1 1 1 1 1 1 1 1 1 1 1 1 1 1 1 1 1 1 1 1 1 1 1 1 1 1 1 1 1 1 1 1 1 1 1 1 1 1 1 1 1 1 1 1 1 1 1 100 1 1 1 1 1 1 1 1 1 1 1 1 1 1 1 1 1 1 1 1 1 1 1 1 1 1 1 1 1 1 1 1 1 1 100 1 1 1 1 1 1 1 1 1 1 1 1 1 1 1 1 1 1 1 1 1 1 100 1 1 1 100 1 1 100 1 1 1 1 1 1 1 1 1 1 1
staticfield java/lang/invoke/LambdaForm COMPILE_THRESHOLD I 0
staticfield java/lang/invoke/LambdaForm INTERNED_ARGUMENTS [[Ljava/lang/invoke/LambdaForm$Name; 5 [[Ljava/lang/invoke/LambdaForm$Name;
staticfield java/lang/invoke/LambdaForm IMPL_NAMES Ljava/lang/invoke/MemberName$Factory; java/lang/invoke/MemberName$Factory
staticfield java/lang/invoke/LambdaForm LF_identity [Ljava/lang/invoke/LambdaForm; 6 [Ljava/lang/invoke/LambdaForm;
staticfield java/lang/invoke/LambdaForm LF_zero [Ljava/lang/invoke/LambdaForm; 6 [Ljava/lang/invoke/LambdaForm;
staticfield java/lang/invoke/LambdaForm NF_identity [Ljava/lang/invoke/LambdaForm$NamedFunction; 6 [Ljava/lang/invoke/LambdaForm$NamedFunction;
staticfield java/lang/invoke/LambdaForm NF_zero [Ljava/lang/invoke/LambdaForm$NamedFunction; 6 [Ljava/lang/invoke/LambdaForm$NamedFunction;
staticfield java/lang/invoke/LambdaForm createFormsLock Ljava/lang/Object; java/lang/Object
staticfield java/lang/invoke/LambdaForm DEBUG_NAME_COUNTERS Ljava/util/HashMap; null
staticfield java/lang/invoke/LambdaForm DEBUG_NAMES Ljava/util/HashMap; null
staticfield java/lang/invoke/LambdaForm TRACE_INTERPRETER Z 0
staticfield java/lang/invoke/LambdaForm $assertionsDisabled Z 1
ciInstanceKlass java/lang/invoke/MethodHandleNatives 1 1 684 100 1 10 7 12 1 1 1 9 7 12 1 1 1 10 12 1 1 100 1 10 10 12 1 1 10 12 1 10 12 1 8 1 8 1 8 1 8 1 8 1 8 1 8 1 8 1 8 1 8 1 10 12 1 1 7 1 10 7 12 1 1 1 10 100 12 1 1 1 7 1 10 10 12 1 1 8 1 10 12 1 8 1 10 12 1 1 8 1 10 12 1 1 9 100 12 1 1 1 8 1 10 100 12 1 1 1 100 1 10 12 100 1 100 1 8 1 7 1 10 10 12 1 7 1 9 7 12 1 1 10 12 1 1 10 12 1 10 7 12 1 1 1 7 1 10 12 1 1 10 7 12 1 1 1 10 12 1 10 12 1 1 10 12 1 1 9 12 1 8 1 10 12 1 8 1 10 12 1 8 1 8 1 8 1 100 1 10 12 1 8 1 10 12 1 1 10 12 1 10 100 12 1 1 1 100 1 8 1 10 100 12 1 1 1 7 1 8 1 10 12 1 8 1 8 1 8 1 8 1 8 1 10 12 1 1 10 12 1 1 10 12 1 10 12 1 1 10 12 1 1 7 1 10 12 1 100 1 100 1 10 12 1 10 12 1 8 1 8 1 10 10 12 1 1 10 12 1 1 8 1 10 100 12 1 1 1 8 1 8 1 10 12 1 1 10 7 12 1 1 1 100 1 10 12 1 1 7 1 9 12 1 1 10 7 12 1 1 1 10 10 12 1 9 12 1 10 12 1 1 9 12 1 9 12 1 10 12 1 1 10 12 1 10 12 1 1 7 1 7 1 10 12 1 1 10 12 1 10 12 1 1 10 7 12 1 1 1 10 12 1 8 1 10 12 1 10 12 1 10 12 1 1 10 12 1 10 7 12 1 1 1 10 12 1 1 100 1 8 1 10 9 7 12 1 1 1 10 12 1 1 10 12 1 1 100 1 10 12 1 1 10 12 1 1 100 1 100 1 10 10 100 1 100 1 10 100 1 10 10 12 1 1 10 100 1 10 12 1 10 12 1 10 12 1 1 10 12 1 1 10 12 1 1 10 12 1 10 12 1 1 10 8 1 100 1 10 12 1 10 12 1 10 12 1 10 12 1 10 12 1 1 10 12 1 9 12 1 1 10 7 12 1 1 1 9 12 1 1 11 7 12 1 1 1 10 12 1 10 12 1 10 10 12 1 10 7 12 1 1 1 1 1 1 1 1 1 1 1 1 1 1 1 100 1 1 1 1 1 1 1 1 1 1 1 1 1 1 1 1 1 1 1 1 1 1 1 1 1 1 1 1 1 1 1 1 1 1 1 1 1 1 1 1 1 1 1 1 1 1 1 1 1 1 1 1 1 1 1 1 1 1 1 1 1 1 1 1 1 1 1 1 1 1 1 1 1 1 1 1 1 1 1 1 1 1 1 1 1 1 1 1 1 1 1 1 1 1 1 1 1 1 100 1 1 1 1 1 1 1 1 1 1 1 1 1 1 1 1 1 1 1 1 1 1 1 1 1 1 1 1 100 1 1 1 1 1 1 1 100 1 1 1
staticfield java/lang/invoke/MethodHandleNatives JLA Ljdk/internal/access/JavaLangAccess; java/lang/System$2
staticfield java/lang/invoke/MethodHandleNatives $assertionsDisabled Z 1
ciInstanceKlass jdk/internal/reflect/CallerSensitive 0 0 17 100 1 100 1 100 1 1 1 1 1 1 1 1 1 1 1
ciInstanceKlass jdk/internal/reflect/ConstantPool 1 1 142 10 100 12 1 1 1 9 7 12 1 1 1 10 12 1 1 10 12 1 1 10 12 1 10 12 1 1 10 12 1 1 10 12 1 10 12 1 1 10 12 1 10 12 1 1 10 12 1 10 12 1 10 12 1 10 12 1 1 10 12 1 1 10 12 1 1 10 12 1 1 10 12 1 10 12 1 1 10 100 12 1 1 1 8 11 7 12 1 1 1 10 7 12 1 1 1 1 1 1 1 1 1 1 1 1 1 1 1 1 1 1 1 1 1 1 1 1 1 1 1 1 1 1 1 1 1 1 1 1 1 1 1 1 1 1 1 1 1 1 1 1
instanceKlass jdk/internal/reflect/UnsafeStaticIntegerFieldAccessorImpl
instanceKlass jdk/internal/reflect/UnsafeQualifiedStaticFieldAccessorImpl
ciInstanceKlass jdk/internal/reflect/UnsafeStaticFieldAccessorImpl 1 1 47 10 7 12 1 1 1 9 7 12 1 1 1 10 7 12 1 1 1 9 12 1 1 8 11 7 12 1 1 1 10 7 12 1 1 1 1 1 1 1 1 1 1 1 1 1 1
instanceKlass jdk/internal/reflect/UnsafeFieldAccessorImpl
ciInstanceKlass jdk/internal/reflect/FieldAccessorImpl 1 1 59 10 7 12 1 1 1 100 1 100 1 1 1 1 1 1 1 1 1 100 1 1 1 1 1 1 1 1 1 1 1 1 1 1 1 1 1 1 1 100 1 1 1 1 1 1 1 1 1 1 1 1 1 1 1 1 1 1 1
instanceKlass jdk/internal/reflect/UnsafeStaticFieldAccessorImpl
ciInstanceKlass jdk/internal/reflect/UnsafeFieldAccessorImpl 1 1 254 10 7 12 1 1 1 9 7 12 1 1 1 10 7 12 1 1 1 10 7 12 1 1 1 9 12 1 1 10 7 12 1 1 1 9 12 1 1 10 12 1 10 12 1 9 12 1 10 12 1 1 10 100 12 1 1 10 100 12 1 1 1 10 12 1 1 100 1 10 10 12 1 1 10 12 1 1 8 1 10 10 12 1 100 1 8 1 10 12 1 8 1 10 12 1 8 1 10 12 1 100 1 10 12 1 1 10 8 1 10 12 1 1 8 1 10 100 12 1 1 8 1 10 100 12 1 1 8 1 10 100 12 1 1 8 1 10 100 12 1 1 8 1 10 100 12 1 1 8 1 10 100 12 1 1 8 1 10 100 12 1 1 8 1 10 100 12 1 1 10 12 1 1 8 1 8 1 8 1 8 1 8 1 8 1 10 100 12 1 1 1 8 1 8 1 8 1 10 12 10 12 1 1 1 1 1 1 1 1 1 1 1 1 1 1 1 1 1 1 1 1 1 1 1 1 1 1 1 1 1 1 1 1 1 1 1 1 1 1 1 1 1 1 1 1 1 1 1 1 1 1 1 1
staticfield jdk/internal/reflect/UnsafeFieldAccessorImpl unsafe Ljdk/internal/misc/Unsafe; jdk/internal/misc/Unsafe
ciInstanceKlass jdk/internal/reflect/NativeConstructorAccessorImpl 1 1 126 10 7 12 1 1 1 9 7 12 1 1 1 9 12 1 1 10 7 12 1 1 1 10 7 12 1 1 1 10 7 12 1 1 1 9 12 1 9 12 1 1 9 12 1 1 10 7 12 1 1 1 7 1 10 10 12 1 1 10 12 1 10 12 1 10 12 1 1 9 12 1 1 10 7 12 1 1 1 100 1 10 12 1 1 10 12 1 1 8 10 12 1 1 1 1 1 1 1 1 1 1 1 1 1 1 1 1 1 1 1 1 1 1 100 1 100 1 100 1 1 1 1 1 1 1
staticfield jdk/internal/reflect/NativeConstructorAccessorImpl U Ljdk/internal/misc/Unsafe; jdk/internal/misc/Unsafe
staticfield jdk/internal/reflect/NativeConstructorAccessorImpl GENERATED_OFFSET J 16
ciInstanceKlass java/lang/invoke/ConstantCallSite 1 1 65 10 7 12 1 1 1 9 7 12 1 1 1 9 12 1 1 10 7 12 1 1 1 10 12 1 100 1 10 12 9 12 1 1 100 1 10 10 12 1 1 10 12 1 1 1 1 1 1 1 1 1 1 1 1 1 100 1 1 1 1 1 1 1 1
staticfield java/lang/invoke/ConstantCallSite UNSAFE Ljdk/internal/misc/Unsafe; jdk/internal/misc/Unsafe
ciInstanceKlass java/lang/invoke/MutableCallSite 0 0 63 10 100 12 1 1 1 10 12 1 9 100 12 1 1 1 10 12 1 10 12 1 1 9 12 1 1 10 100 12 1 1 1 10 100 12 1 1 1 10 12 1 1 1 1 1 1 1 1 1 1 1 1 1 1 1 1 1 1 100 1 1 1
instanceKlass java/lang/invoke/VarHandleReferences$Array
instanceKlass java/lang/invoke/VarHandleInts$FieldInstanceReadOnly
instanceKlass java/lang/invoke/VarHandleReferences$FieldInstanceReadOnly
ciInstanceKlass java/lang/invoke/VarHandle 1 1 390 10 7 12 1 1 1 10 7 12 1 1 9 12 1 1 9 12 1 1 100 1 10 8 1 10 12 1 1 10 7 12 1 1 1 10 12 1 1 10 100 12 1 1 1 9 100 12 1 1 1 10 12 1 1 10 100 12 1 1 1 10 12 1 1 9 12 1 10 12 1 9 12 1 1 10 100 12 1 1 10 12 1 9 100 12 1 1 1 9 12 1 1 10 12 1 1 100 1 100 1 10 8 1 10 12 1 1 10 12 1 8 1 10 12 1 10 12 1 10 12 1 1 9 100 12 1 1 1 10 12 1 10 12 1 1 10 12 1 10 10 100 12 1 1 1 10 12 1 1 10 12 1 1 10 100 12 1 1 1 10 100 12 1 1 1 10 100 12 1 1 1 9 12 1 1 10 9 12 1 1 10 12 1 10 12 1 10 12 1 1 10 12 1 10 100 12 1 1 1 9 12 1 1 10 12 1 1 9 12 1 10 12 1 10 12 1 10 100 12 1 1 100 1 10 9 7 12 1 1 1 9 12 1 1 10 7 12 1 1 1 10 12 1 10 12 1 10 12 1 10 12 1 10 12 1 10 12 1 1 7 1 10 10 7 12 1 1 1 9 12 1 1 8 10 12 1 1 7 1 10 12 1 1 100 1 1 1 1 1 1 1 1 1 1 1 1 1 1 1 1 1 1 1 1 1 1 1 1 1 1 1 1 1 1 1 1 1 1 1 1 1 1 1 1 1 1 1 1 1 1 1 1 1 1 1 1 1 1 1 1 1 1 1 1 1 1 1 1 1 1 1 1 1 1 1 1 1 1 1 1 1 1 1 1 1 1 1 1 1 1 1 1 1 100 1 100 1 100 1 1 1 1 1 1 1 100 1 1 1
staticfield java/lang/invoke/VarHandle AIOOBE_SUPPLIER Ljava/util/function/BiFunction; jdk/internal/util/Preconditions$1
staticfield java/lang/invoke/VarHandle VFORM_OFFSET J 16
staticfield java/lang/invoke/VarHandle $assertionsDisabled Z 1
ciInstanceKlass java/lang/invoke/MemberName 1 1 757 7 1 7 1 100 1 9 12 1 1 10 7 12 1 1 1 9 12 1 1 10 12 1 1 10 12 1 1 10 12 1 1 10 12 1 10 12 1 1 10 7 12 1 1 1 10 12 1 9 100 12 1 1 10 12 1 100 1 100 1 10 12 1 8 1 10 12 1 1 10 12 1 10 12 1 1 10 12 1 9 12 1 1 8 1 10 100 12 1 1 1 7 1 10 10 12 1 1 100 1 100 1 10 12 1 1 9 12 1 1 100 1 8 1 10 12 1 10 12 1 10 12 1 10 12 1 10 12 1 1 10 12 1 10 12 1 10 12 1 1 10 12 1 1 10 12 1 8 1 8 1 8 1 10 100 12 1 1 1 10 12 1 9 12 1 1 3 10 12 1 10 12 1 10 12 1 10 10 7 12 1 1 1 10 12 1 10 12 1 10 12 1 10 12 1 7 1 8 10 12 1 1 10 12 1 1 8 1 9 100 1 8 9 100 1 10 12 1 1 10 12 1 10 12 1 8 1 10 12 1 1 10 12 1 10 12 1 10 12 1 10 12 1 1 100 1 10 12 1 1 10 12 1 8 1 10 12 1 10 12 1 8 1 10 12 1 1 10 12 1 1 100 1 10 12 1 1 10 12 8 1 8 1 100 1 10 12 1 10 100 12 1 1 1 100 1 10 12 10 12 1 10 12 1 10 12 1 10 12 1 10 10 12 1 10 12 1 10 12 1 3 10 12 1 3 10 12 1 3 3 3 3 3 3 3 100 1 10 12 1 10 7 12 1 1 1 10 12 1 3 9 12 1 10 12 1 1 3 10 12 1 10 10 7 12 1 1 1 10 12 1 1 10 7 1 10 10 12 1 10 12 1 10 12 1 10 10 12 1 1 10 12 1 10 12 1 10 12 1 100 1 10 10 10 12 100 1 10 10 10 12 1 1 10 12 1 1 10 10 12 1 8 10 100 1 10 12 1 10 100 1 10 12 1 10 12 1 10 12 1 10 10 12 1 10 12 1 1 10 12 1 1 10 12 1 10 12 1 10 12 1 100 1 10 12 1 1 100 1 8 1 10 7 1 10 12 1 10 12 10 12 1 1 10 12 1 10 12 1 8 1 8 1 8 1 8 1 10 12 1 10 12 1 10 12 1 1 8 1 8 1 10 12 1 8 1 10 10 12 1 10 12 1 8 1 8 1 10 10 12 1 8 1 10 100 12 1 1 1 8 1 10 12 1 10 12 1 1 10 12 1 8 1 8 1 8 1 8 1 100 1 10 8 1 8 1 8 1 8 1 10 12 1 100 1 100 1 100 1 10 100 1 10 100 1 10 100 12 1 1 1 9 7 12 1 1 1 100 1 100 1 1 1 1 1 1 1 3 1 3 1 3 1 3 1 3 1 3 1 1 1 1 1 1 1 1 3 1 3 1 1 1 1 3 1 1 1 1 1 1 1 1 1 1 1 1 1 1 1 1 1 1 1 1 1 1 1 1 1 1 1 1 1 1 1 1 1 1 1 1 1 1 1 1 1 1 1 1 1 1 1 1 1 1 1 1 1 1 1 1 1 1 1 1 1 1 1 1 1 1 1 1 1 1 1 1 1 1 1 1 1 1 1 1 1 1 1 1 1 1 1 1 1 1 1 1 1 1 1 1 1 1 1 1 1 1 1 1 1 1 100 1 1 1 1 1 1 1 1 1 1 1 1 1 1 1
staticfield java/lang/invoke/MemberName $assertionsDisabled Z 1
ciInstanceKlass java/lang/invoke/ResolvedMethodName 1 1 16 10 100 12 1 1 1 100 1 1 1 1 1 1 1 1
ciInstanceKlass java/lang/StackWalker 0 0 235 9 100 12 1 1 1 10 100 12 1 1 1 100 1 10 100 12 1 1 1 10 12 1 1 11 100 12 1 1 1 10 12 1 1 10 12 1 1 10 12 1 1 100 1 8 1 10 12 1 10 12 1 10 12 1 10 100 12 1 1 9 12 1 1 9 12 1 1 9 12 1 1 9 12 1 1 10 12 1 1 9 12 1 1 10 100 12 1 1 1 11 12 1 1 100 1 8 1 10 10 100 12 1 1 9 12 1 1 10 12 1 1 10 100 12 1 1 1 10 100 12 1 1 1 18 12 1 1 100 1 8 1 10 10 12 1 1 10 100 12 1 1 1 9 100 12 1 1 11 100 12 1 1 1 10 12 1 1 1 1 1 1 1 1 1 1 1 1 1 1 1 1 1 1 1 1 1 1 1 1 1 1 1 1 1 1 1 1 1 1 1 1 1 1 1 1 1 1 1 1 1 1 1 1 1 1 1 100 1 1 15 10 100 12 1 1 1 16 15 10 12 16 1 1 1 1 1 1 1 100 1 100 1 1
ciInstanceKlass java/lang/StackStreamFactory$AbstractStackWalker 1 0 306 100 1 100 1 3 10 100 12 1 1 1 10 100 12 1 1 10 100 12 1 1 1 9 12 1 1 10 12 1 1 9 12 1 1 9 12 1 1 9 12 1 1 9 12 1 9 100 12 1 1 1 10 100 12 1 1 1 10 12 1 1 9 12 1 1 10 100 12 1 1 1 10 12 1 1 9 12 1 1 9 100 12 1 1 1 100 1 10 8 1 10 12 1 1 10 12 1 8 1 10 12 1 1 10 100 12 1 1 1 100 1 8 1 10 12 1 8 1 10 12 9 100 12 1 1 1 10 100 12 1 1 9 12 1 8 1 5 0 8 1 8 1 9 12 1 1 10 12 1 1 10 12 1 1 10 12 1 9 12 1 10 12 1 10 12 1 10 12 1 10 12 1 1 10 12 1 10 12 1 1 8 1 10 12 1 10 12 1 10 12 1 10 12 1 1 8 1 10 12 1 1 10 12 1 1 10 12 1 1 10 12 1 10 12 1 10 100 12 1 1 1 9 12 1 8 1 10 12 1 10 12 1 10 12 1 10 12 1 10 12 1 10 12 1 10 12 1 1 10 12 1 1 10 12 1 1 10 12 1 8 1 1 1 1 1 1 1 1 1 1 1 1 1 1 1 1 1 1 100 1 1 1 1 100 1 1 1 1 1 1 1 1 1 1 1 1 1 1 1 1 1 1 1 1 1
ciInstanceKlass jdk/internal/module/Modules 1 1 504 10 100 12 1 1 1 9 7 12 1 1 1 11 7 12 1 1 1 11 12 1 1 11 12 1 1 11 12 1 1 11 12 1 11 12 1 11 12 1 11 12 1 11 12 1 1 10 100 12 1 1 1 10 100 12 1 1 1 18 12 1 1 10 100 12 1 1 1 100 1 10 100 12 1 1 1 10 100 12 1 1 1 10 100 12 1 1 10 12 1 1 11 12 1 9 12 1 1 11 100 12 1 1 1 10 12 1 1 10 10 12 1 10 9 12 1 1 10 100 12 1 1 10 12 1 1 10 100 12 1 1 100 1 11 100 12 1 1 1 10 100 12 1 1 1 11 100 12 1 1 10 12 1 1 10 100 12 1 1 10 100 12 1 1 1 10 12 1 1 10 12 1 1 11 12 1 1 18 12 1 1 11 100 12 1 1 10 100 12 1 1 1 11 100 12 1 1 1 100 1 11 12 1 1 11 100 12 1 1 1 11 12 1 1 10 12 1 1 10 100 12 1 1 18 12 1 1 11 12 1 1 18 12 1 1 11 12 1 1 10 12 1 18 18 10 12 1 1 9 12 1 1 11 100 12 1 1 1 100 1 10 11 12 1 11 12 1 1 11 12 1 1 10 100 1 10 12 1 1 10 100 12 1 1 10 12 1 1 11 12 10 12 1 1 100 1 10 18 12 1 10 12 1 1 100 1 8 1 10 12 1 10 100 12 1 1 18 12 1 11 11 12 10 12 1 10 10 100 1 18 12 1 10 10 10 7 12 1 1 10 7 12 1 1 1 10 12 1 1 1 1 1 1 1 1 1 1 1 1 1 1 1 1 1 1 1 1 1 1 1 1 1 1 1 1 1 1 1 1 1 100 1 1 1 1 1 1 1 1 1 1 1 1 1 1 1 1 1 1 1 1 1 1 1 1 1 1 1 1 1 1 1 1 1 1 1 100 1 1 1 1 1 1 1 1 1 1 1 1 1 1 1 1 1 1 1 1 1 1 1 15 10 100 12 1 1 1 16 15 10 12 1 16 16 15 10 12 1 16 1 16 1 15 10 12 1 16 1 16 1 15 10 12 16 1 15 10 16 1 15 10 12 16 1 15 10 12 16 15 10 12 16 15 10 12 1 1 1 100 1 100 1 1
staticfield jdk/internal/module/Modules JLA Ljdk/internal/access/JavaLangAccess; java/lang/System$2
staticfield jdk/internal/module/Modules JLMA Ljdk/internal/access/JavaLangModuleAccess; java/lang/module/ModuleDescriptor$1
staticfield jdk/internal/module/Modules $assertionsDisabled Z 1
instanceKlass sun/nio/ch/Util$1
instanceKlass sun/nio/fs/NativeBuffers$1
ciInstanceKlass jdk/internal/misc/TerminatingThreadLocal 1 1 86 10 7 12 1 1 1 10 12 1 1 10 7 12 1 1 1 10 12 1 10 12 1 9 12 1 1 10 12 1 1 7 1 11 12 1 1 11 100 12 1 1 1 11 12 1 10 12 1 10 10 12 1 11 12 1 1 11 12 7 1 10 1 1 1 1 1 1 1 1 1 1 1 1 1 1 1 1 1 1 1 1 1 1 1 1
staticfield jdk/internal/misc/TerminatingThreadLocal REGISTRY Ljava/lang/ThreadLocal; jdk/internal/misc/TerminatingThreadLocal$1
ciInstanceKlass sun/nio/fs/NativeBuffers$1 1 1 41 100 1 10 7 12 1 1 1 10 100 12 1 1 100 1 10 100 12 1 1 1 1 1 1 1 1 1 1 1 1 1 1 1 1 1 1 1 1 1 1
ciMethod jdk/internal/misc/TerminatingThreadLocal register (Ljdk/internal/misc/TerminatingThreadLocal;)V 6 0 3 0 -1
ciInstanceKlass java/util/concurrent/ConcurrentMap 1 1 208 11 7 12 1 1 1 10 7 12 1 1 11 12 1 1 11 100 12 1 1 1 11 100 12 1 1 1 11 12 1 1 100 1 11 12 1 11 12 1 100 1 11 100 12 1 1 1 18 12 1 11 12 1 1 11 7 12 1 1 11 12 1 1 11 100 12 1 11 12 1 1 11 12 1 1 100 1 100 1 1 1 1 1 1 1 1 1 1 1 1 1 1 1 1 1 1 1 1 1 1 1 1 1 1 1 1 1 1 1 1 1 1 1 1 1 1 1 1 1 1 1 1 1 1 1 1 1 1 1 1 1 1 1 1 1 1 1 1 15 10 100 12 1 1 1 16 15 11 12 1 1 100 1 100 1 1 1 100 1 8 1 1 12 10 1 1 1 8 1 1 8 1 1 1 8 1 1 1 8 1 1 1 8 1 1 1 8 1 1 1 8 1 1 1 8 1 1 1 8 1 1 1 8 1 1 8 1
ciMethod java/util/concurrent/ConcurrentMap get (Ljava/lang/Object;)Ljava/lang/Object; 0 0 1 0 -1
ciMethod java/lang/ThreadLocal$ThreadLocalMap set (Ljava/lang/ThreadLocal;Ljava/lang/Object;)V 1280 444 778 0 -1
ciMethod java/lang/ThreadLocal$ThreadLocalMap nextIndex (II)I 704 0 15370 0 0
ciMethod java/lang/ThreadLocal$ThreadLocalMap getEntry (Ljava/lang/ThreadLocal;)Ljava/lang/ThreadLocal$ThreadLocalMap$Entry; 524 0 33197 0 352
ciMethod java/lang/ThreadLocal$ThreadLocalMap getEntryAfterMiss (Ljava/lang/ThreadLocal;ILjava/lang/ThreadLocal$ThreadLocalMap$Entry;)Ljava/lang/ThreadLocal$ThreadLocalMap$Entry; 168 158 14095 0 0
ciMethod java/lang/ThreadLocal$ThreadLocalMap expungeStaleEntry (I)I 0 0 125 0 -1
ciMethod java/lang/ThreadLocal setInitialValue ()Ljava/lang/Object; 14 0 152 0 0
ciMethod java/util/List get (I)Ljava/lang/Object; 0 0 1 0 -1
ciMethod java/util/List isEmpty ()Z 0 0 1 0 -1
ciMethod java/lang/ref/Reference refersTo0 (Ljava/lang/Object;)Z 256 0 128 0 -1
ciMethod java/lang/ref/Reference refersTo (Ljava/lang/Object;)Z 326 0 87208 0 96
ciMethod java/lang/Math ceil (D)D 1510 0 1700 0 -1
ciMethod java/lang/Math max (JJ)J 714 0 1326 0 -1
ciMethod java/lang/Math min (II)I 540 0 68576 0 -1
ciMethod java/lang/Thread currentThread ()Ljava/lang/Thread; 256 0 128 0 -1
ciMethod java/lang/StringBuilder <init> ()V 170 0 50078 0 -1
ciMethod java/lang/StringBuilder toString ()Ljava/lang/String; 178 0 54035 0 -1
ciMethod java/lang/StringBuilder append (Ljava/lang/String;)Ljava/lang/StringBuilder; 338 0 143181 0 -1
ciMethod java/lang/StringBuilder append (I)Ljava/lang/StringBuilder; 12 0 2527 0 -1
ciMethod java/lang/String charAt (I)C 586 0 856369 0 160
ciMethod java/lang/String length ()I 540 0 770606 0 96
ciMethod java/lang/String checkIndex (II)V 0 0 25545 0 128
ciMethod java/lang/String coder ()B 544 0 966109 0 64
ciMethod java/lang/String isLatin1 ()Z 1024 0 1101920 0 96
ciMethod java/lang/String checkBoundsBeginEnd (III)V 516 0 5384 0 -1
ciMethod java/lang/String substring (II)Ljava/lang/String; 512 0 12564 0 1248
ciMethod java/lang/String format (Ljava/lang/String;[Ljava/lang/Object;)Ljava/lang/String; 42 0 33 0 -1
ciMethod java/lang/Object <init> ()V 1024 0 933865 0 64
ciInstanceKlass kotlin/jvm/internal/Intrinsics 1 1 278 10 7 10 10 10 10 10 10 100 10 10 10 100 10 10 100 10 8 8 10 100 10 10 100 10 10 100 10 10 8 8 8 8 10 10 10 10 10 100 10 10 10 10 8 8 10 10 10 8 10 100 10 10 10 10 100 8 8 10 8 10 10 10 100 10 7 100 1 1 1 1 1 1 1 1 1 1 1 1 1 1 1 1 1 1 1 1 1 1 1 1 1 1 1 1 1 1 1 1 1 1 1 1 1 1 1 1 1 1 1 1 1 1 1 1 1 1 1 1 1 1 1 1 1 1 100 1 1 1 1 1 1 1 1 1 1 1 1 1 1 1 1 1 1 1 1 1 1 1 1 1 1 1 1 1 1 1 1 1 100 1 1 1 1 1 1 1 1 1 1 1 1 1 1 1 1 1 100 1 1 1 12 1 12 12 12 12 12 1 12 12 1 1 1 1 12 1 12 1 1 1 1 1 1 12 12 12 100 12 12 1 100 12 100 12 100 12 12 1 1 100 12 100 12 1 12 1 12 12 12 1 1 1 12 1 12 100 100 12 12 1 1 1 1 1 1 1 1 1 1 1 1 1 1 1 1 1 1 1 1 1 1 1 1 1 1 1 1 1 1 1 1 1 1 1 1 1
ciInstanceKlass org/jetbrains/kotlin/com/intellij/util/containers/IntKeyWeakValueHashMap$MyReference 1 1 74 1 7 1 1 7 1 1 100 1 1 100 1 1 1 1 1 1 1 1 12 10 1 12 10 12 9 1 1 1 1 1 1 1 1 1 1 1 1 1 12 10 1 1 1 1 1 8 1 100 8 8 8 1 100 1 1 12 10 1 100 1 12 10 1 1 1 1 1 1 1 1 1 1
instanceKlass org/jetbrains/kotlin/it/unimi/dsi/fastutil/ints/Int2ObjectFunctions$EmptyFunction
instanceKlass org/jetbrains/kotlin/it/unimi/dsi/fastutil/ints/AbstractInt2ObjectMap
ciInstanceKlass org/jetbrains/kotlin/it/unimi/dsi/fastutil/ints/AbstractInt2ObjectFunction 1 1 50 1 100 1 1 7 1 100 1 100 1 1 1 5 0 1 1 1 1 1 12 10 1 1 1 1 1 1 12 9 1 1 1 1 1 1 1 1 1 1 1 100 1 8 1 1 12 10 1 1
instanceKlass org/jetbrains/kotlin/util/slicedMap/KeyWithSlice
instanceKlass org/jetbrains/kotlin/com/intellij/openapi/util/NotNullLazyKey
instanceKlass org/jetbrains/kotlin/com/intellij/openapi/util/KeyWithDefaultValue
ciInstanceKlass org/jetbrains/kotlin/com/intellij/openapi/util/Key 1 1 186 1 7 1 1 7 1 1 1 1 1 1 1 1 1 1 1 1 1 1 1 1 12 10 1 12 10 12 9 1 7 1 1 12 10 12 9 12 9 12 9 1 7 1 1 12 11 1 100 1 1 1 1 1 1 1 1 1 1 1 1 1 1 12 10 1 1 1 1 1 1 1 1 7 1 1 12 11 1 1 1 1 1 12 10 1 1 1 1 1 100 1 1 12 10 1 1 1 1 1 1 1 12 11 1 1 1 1 1 12 11 1 1 1 1 1 1 12 11 1 100 1 1 12 11 1 100 1 1 12 11 1 1 12 11 1 100 12 10 1 1 1 10 1 7 1 1 12 10 1 8 1 8 1 100 8 8 8 8 8 8 8 1 1 12 10 1 100 10 1 100 10 1 100 1 1 1 1 1 1 1 1 1 1 1 1
staticfield org/jetbrains/kotlin/com/intellij/openapi/util/Key ourKeysCounter Ljava/util/concurrent/atomic/AtomicInteger; java/util/concurrent/atomic/AtomicInteger
staticfield org/jetbrains/kotlin/com/intellij/openapi/util/Key allKeys Lorg/jetbrains/kotlin/com/intellij/util/containers/IntObjectMap; org/jetbrains/kotlin/com/intellij/util/containers/IntKeyWeakValueHashMap
ciInstanceKlass org/jetbrains/kotlin/com/intellij/util/containers/ContainerUtil 1 1 1056 1 7 1 100 1 1 1 7 1 1 100 1 100 1 100 1 100 1 100 1 100 1 100 1 1 100 1 100 1 1 100 1 1 100 1 1 100 1 100 1 1 1 1 1 12 10 1 1 1 1 1 1 1 1 3 1 1 1 12 10 1 7 1 7 1 1 12 10 1 12 10 1 1 1 1 1 10 1 7 1 1 12 11 1 7 1 1 12 11 1 1 12 11 1 1 12 10 1 1 1 1 1 1 1 1 1 1 1 1 100 1 100 10 1 8 1 1 12 10 1 12 10 1 8 1 8 1 1 12 10 1 12 10 1 12 10 1 1 1 1 1 1 1 1 1 7 10 1 1 1 1 7 10 10 1 1 1 1 1 1 1 1 7 10 1 7 1 1 12 10 1 7 1 1 1 1 7 1 12 11 1 1 12 10 1 12 10 1 1 1 1 1 1 7 1 1 12 11 12 10 1 1 12 11 1 1 1 1 1 1 1 1 1 1 1 12 10 100 1 1 12 10 1 1 12 10 1 1 1 1 12 10 1 1 1 1 100 12 10 1 1 1 1 12 10 1 1 11 1 1 1 1 1 1 1 7 1 12 11 1 1 1 1 1 1 1 7 12 11 1 1 1 1 1 1 11 1 1 12 11 1 1 1 1 1 1 1 1 12 10 1 1 1 1 1 100 1 1 12 10 1 7 1 1 12 11 1 1 1 1 1 1 1 1 1 11 1 1 1 1 12 10 1 7 10 11 1 1 1 1 1 7 1 1 12 10 1 12 10 1 1 1 12 10 11 1 1 1 1 1 12 10 1 1 1 10 16 1 1 12 10 15 1 7 1 1 12 10 15 12 18 1 1 1 1 12 11 1 1 1 1 1 1 1 1 1 1 1 1 1 12 10 1 1 1 1 12 10 1 1 1 1 1 1 12 10 1 1 1 1 1 100 1 1 12 10 15 12 18 1 1 1 1 1 1 7 1 12 10 1 1 1 1 11 1 1 1 1 1 1 1 1 12 11 1 1 1 1 1 1 1 1 1 1 12 10 1 1 1 1 1 1 12 10 1 1 1 1 7 1 1 12 11 1 12 11 1 1 1 1 1 1 1 1 1 1 100 1 1 12 11 1 12 11 1 1 1 1 1 1 1 1 1 1 1 1 1 1 1 10 1 1 1 1 1 1 1 1 12 10 1 1 1 1 1 1 1 12 10 1 1 1 12 10 1 12 10 1 1 12 10 1 100 1 1 12 10 1 1 12 10 1 1 1 1 1 1 1 1 1 1 1 1 1 1 1 1 1 1 1 1 1 1 1 1 1 1 1 1 7 10 1 1 1 1 12 10 1 1 1 1 1 1 1 1 7 10 1 1 1 1 7 10 1 1 1 1 7 12 10 1 100 1 4 1 7 1 1 12 10 1 12 10 1 12 10 1 12 10 1 12 10 1 12 10 1 12 10 1 1 7 10 1 1 1 1 1 1 11 1 1 1 1 1 12 11 1 1 1 12 10 1 1 1 1 1 1 12 10 1 1 12 10 1 1 4 1 100 1 1 12 11 1 12 10 1 1 1 1 1 7 10 1 1 1 12 11 12 10 100 12 10 1 12 10 1 1 7 1 12 10 12 9 1 8 1 8 1 100 8 8 1 8 1 8 1 8 1 8 8 8 1 8 1 8 8 8 8 1 8 8 8 8 1 8 1 8 8 8 8 8 1 8 1 8 1 8 8 1 8 8 8 1 8 1 8 8 1 8 1 8 1 8 1 8 1 8 8 8 8 8 8 1 8 8 8 8 8 8 1 8 1 8 8 8 1 8 1 8 8 8 1 8 1 8 8 1 8 1 8 1 8 8 8 1 8 1 8 1 8 1 8 1 8 1 8 1 8 1 8 1 8 1 8 1 8 1 8 1 8 1 8 8 1 8 1 8 1 8 1 8 1 8 8 1 8 8 8 8 8 8 1 8 8 1 8 1 8 1 8 1 8 1 8 1 8 1 8 1 8 1 8 1 8 8 8 1 8 1 8 8 1 8 1 8 8 8 8 1 8 1 8 8 1 8 8 8 1 8 8 1 8 1 8 1 8 1 8 8 1 8 1 8 1 8 1 8 8 8 8 8 1 8 8 8 8 1 8 8 1 8 1 8 8 1 8 1 8 8 8 1 8 1 8 8 1 8 8 8 1 8 8 8 1 8 1 8 8 8 1 8 8 8 1 8 1 8 8 1 8 1 8 1 8 8 1 8 8 8 1 8 1 8 1 8 8 1 8 8 8 8 8 1 8 8 8 1 8 8 1 8 8 1 8 1 8 1 8 1 8 8 1 8 8 8 8 1 8 1 8 1 8 1 1 12 10 1 100 10 1 100 1 1 1 1 1 1 1 1 1 1 1 1 1 1
staticfield org/jetbrains/kotlin/com/intellij/util/containers/ContainerUtil $assertionsDisabled Z 1
instanceKlass org/jetbrains/kotlin/it/unimi/dsi/fastutil/ints/Int2ObjectOpenHashMap
ciInstanceKlass org/jetbrains/kotlin/it/unimi/dsi/fastutil/ints/AbstractInt2ObjectMap 1 1 213 1 100 1 1 7 1 100 1 100 1 1 100 1 1 100 1 100 1 100 1 100 1 100 1 1 1 5 0 1 1 12 10 1 1 1 1 1 1 1 12 10 1 100 1 1 12 11 1 100 1 1 12 11 1 1 12 11 1 1 12 11 1 1 1 1 1 1 1 1 100 1 12 11 1 1 1 1 12 10 1 1 1 12 10 1 1 1 10 1 1 1 1 100 1 1 12 10 1 1 12 10 11 1 1 12 11 1 100 1 12 11 1 100 11 1 12 11 1 100 11 1 12 10 1 1 1 1 1 1 1 1 1 1 1 1 12 10 1 1 1 1 12 11 1 1 1 1 1 100 10 1 8 1 1 12 10 1 8 1 100 1 1 12 10 1 8 1 8 1 12 10 1 8 12 10 1 1 1 1 1 1 12 10 12 10 1 1 1 1 1 1 1 1 1 1 100 1 8 1 1 12 10 1 1 1 8 1 1 1 8 1 1
instanceKlass org/jetbrains/kotlin/com/intellij/psi/impl/source/CharTableImpl$StringHashToCharSequencesMap
ciInstanceKlass org/jetbrains/kotlin/it/unimi/dsi/fastutil/ints/Int2ObjectOpenHashMap 1 1 471 1 7 1 1 7 1 100 1 100 1 100 1 1 100 1 100 1 1 100 1 1 100 1 100 1 1 100 1 1 100 1 1 100 1 1 100 1 1 100 1 1 100 1 1 100 1 1 100 1 1 100 1 1 100 1 1 1 5 0 1 1 1 1 1 1 1 1 1 1 1 1 1 1 1 1 1 1 1 1 1 1 1 1 1 1 12 10 1 100 1 8 1 12 10 1 8 12 9 1 7 1 1 12 10 12 9 12 9 12 9 12 10 12 9 12 9 1 7 12 9 1 1 1 1 1 4 12 10 1 1 1 100 1 12 11 1 1 12 10 1 1 1 1 12 10 1 1 11 1 1 1 1 12 10 1 1 1 100 10 1 8 1 1 12 10 1 12 10 1 8 1 8 1 1 12 10 100 100 1 1 12 10 1 1 1 1 1 12 10 1 12 9 12 9 1 1 12 10 1 1 1 1 5 0 5 0 1 100 1 1 12 10 1 1 12 10 1 1 12 10 1 12 10 1 1 1 1 12 10 1 1 1 1 1 1 1 6 0 12 10 10 12 10 10 1 1 1 12 10 1 1 1 1 1 12 10 12 10 1 12 9 1 1 1 12 10 12 10 1 1 1 1 1 1 100 1 1 12 10 1 1 1 1 1 1 1 1 1 1 1 1 12 10 1 100 1 12 11 1 1 1 1 1 1 1 100 12 11 12 11 1 1 1 1 1 1 100 1 1 12 10 1 100 1 12 11 1 1 1 1 1 1 1 1 1 1 1 100 1 1 12 10 1 12 10 1 1 1 1 1 12 9 1 12 10 1 1 12 9 10 1 1 12 9 1 12 10 1 12 10 1 100 12 10 1 1 1 12 10 1 1 1 1 1 1 1 100 12 10 1 100 10 10 10 1 1 1 1 12 10 1 1 1 1 1 100 10 1 100 1 12 10 1 12 10 1 12 10 1 12 10 1 1 1 1 1 1 1 1 100 1 100 1 12 10 1 12 10 12 10 1 1 12 10 1 12 10 1 12 10 12 10 1 1 1 1 1 1 1 1 1 1 1 1 1 1 1 1 1 1
ciInstanceKlass org/jetbrains/kotlin/it/unimi/dsi/fastutil/HashCommon 1 1 101 1 7 1 100 1 1 1 3 1 1 1 1 5 0 1 1 1 1 100 1 12 10 1 1 1 1 1 100 1 1 12 10 1 1 1 1 1 1 1 1 1 7 1 1 12 10 1 1 12 10 1 1 5 0 12 10 1 1 12 10 5 0 1 100 1 100 1 1 12 10 1 8 1 1 12 10 1 12 10 1 8 1 12 10 1 8 1 1 12 10 1 12 10 1 1 1 1 1 1 1
instanceKlass sun/java2d/InvalidPipeException
instanceKlass org/jetbrains/kotlin/descriptors/InvalidModuleException
ciInstanceKlass java/lang/IllegalStateException 1 1 35 10 100 12 1 1 1 10 12 1 10 12 1 10 12 1 100 1 1 1 1 5 0 1 1 1 1 1 1 1 1 1 1 1 1
ciInstanceKlass java/lang/AssertionError 0 0 79 10 100 12 1 1 1 10 12 1 10 100 12 1 1 1 10 100 1 100 1 10 12 1 1 10 12 1 10 12 1 10 12 1 10 12 1 10 12 1 10 12 1 10 12 1 1 1 1 5 0 1 1 1 1 1 1 1 1 1 1 100 1 1 1 1 1 1 1 1 1 1 1 1 1 1 1 1 1
instanceKlass java/lang/ArrayIndexOutOfBoundsException
ciInstanceKlass java/lang/IndexOutOfBoundsException 0 0 49 10 100 12 1 1 1 10 12 1 100 1 10 8 1 10 12 1 1 10 12 1 10 12 1 1 10 12 1 100 1 1 1 1 5 0 1 1 1 1 1 1 1 1 1 1 1 1 1
instanceKlass org/jetbrains/kotlin/com/intellij/openapi/editor/impl/LockFreeCOWSortedArray
instanceKlass org/jetbrains/kotlin/com/intellij/util/containers/LockFreeCopyOnWriteArrayList
instanceKlass org/jetbrains/kotlin/com/intellij/openapi/util/UserDataHolderBase
ciInstanceKlass java/util/concurrent/atomic/AtomicReference 1 1 178 10 7 12 1 1 1 9 7 12 1 1 1 9 12 1 1 10 7 12 1 1 1 10 12 1 1 10 12 1 10 12 1 1 10 12 1 1 11 7 12 1 1 1 10 12 1 1 11 100 12 1 1 10 100 12 1 1 1 10 12 1 10 12 1 10 12 1 10 12 1 10 12 1 10 12 1 1 10 12 1 10 12 1 10 12 1 10 12 1 10 12 1 10 7 12 1 1 1 8 10 7 12 1 1 1 100 1 100 1 10 12 1 100 1 1 1 1 5 0 1 1 1 1 1 1 1 1 1 1 1 1 1 1 1 1 1 1 1 1 1 1 1 1 1 1 1 1 1 1 1 1 1 1 1 1 1 1 1 1 1 1 1 1 1 1 1 1 1 1 1 1 1 1 1 1 1 1
staticfield java/util/concurrent/atomic/AtomicReference VALUE Ljava/lang/invoke/VarHandle; java/lang/invoke/VarHandleReferences$FieldInstanceReadWrite
ciInstanceKlass java/lang/ThreadLocal$SuppliedThreadLocal 1 1 44 10 7 12 1 1 1 10 7 12 1 1 1 7 1 9 7 12 1 1 1 11 12 1 1 1 1 1 1 1 1 1 1 1 1 1 1 1 1 1 1 1 1 1
ciInstanceKlass sun/nio/ch/Util$1 1 1 54 10 7 12 1 1 1 7 1 10 10 12 1 1 10 12 1 1 10 100 12 1 1 1 10 7 12 1 1 1 10 12 1 1 1 1 1 1 1 1 1 1 1 1 1 1 1 1 1 1 1 1 1 1
instanceKlass org/jetbrains/kotlin/com/intellij/openapi/util/ClassExtension
instanceKlass org/jetbrains/kotlin/com/intellij/openapi/fileTypes/FileTypeExtension
instanceKlass org/jetbrains/kotlin/com/intellij/lang/LanguageExtension
ciInstanceKlass org/jetbrains/kotlin/com/intellij/openapi/util/KeyedExtensionCollector 1 1 503 1 7 1 1 7 1 100 1 1 100 1 7 1 1 100 1 7 1 1 100 1 100 1 1 100 1 100 1 1 1 1 1 1 1 1 1 1 1 1 1 1 1 1 1 1 1 1 1 1 1 12 10 1 7 1 1 12 10 1 12 10 1 1 1 1 1 1 1 12 10 1 7 1 1 12 10 12 9 1 7 10 12 9 1 7 10 12 9 1 7 10 12 9 12 9 1 7 10 1 8 1 1 12 10 1 12 10 12 9 1 1 7 1 12 11 1 12 10 1 1 1 1 1 12 10 1 12 10 1 7 1 12 11 1 1 1 1 1 1 12 11 1 1 1 1 1 1 12 10 1 7 10 1 100 16 1 1 12 10 15 16 1 7 1 1 12 10 15 1 1 12 18 1 1 12 11 1 7 1 1 12 11 12 10 1 100 1 1 1 1 1 1 1 1 1 1 12 10 16 1 12 10 15 1 1 12 18 1 7 1 1 12 10 1 1 1 1 12 11 12 11 1 1 12 11 11 1 10 1 1 1 11 1 1 12 10 1 7 1 1 12 10 1 7 1 1 12 10 1 1 1 12 10 1 12 11 1 1 1 12 10 1 7 1 12 10 16 1 1 12 10 15 1 16 1 1 12 18 1 1 12 10 1 12 10 1 1 1 1 1 1 12 10 1 12 10 12 10 1 12 11 1 1 1 100 1 100 1 100 1 100 1 100 1 1 12 11 1 7 1 12 11 1 1 12 11 1 100 12 11 1 12 11 12 9 1 7 1 1 12 10 1 7 10 1 1 1 1 1 1 1 1 1 1 1 1 1 1 1 1 100 1 12 10 1 100 1 12 11 15 1 16 1 12 18 1 1 12 10 1 1 12 10 15 18 1 1 1 1 1 1 12 11 11 1 12 11 1 12 11 1 1 12 11 1 1 1 1 1 1 1 7 1 1 12 10 1 7 1 1 12 11 1 11 1 1 12 11 1 1 12 10 1 12 11 1 12 10 12 10 1 1 1 1 1 1 1 1 12 10 1 8 1 8 1 100 8 8 8 8 8 8 8 8 8 8 8 8 8 8 8 8 8 8 8 8 8 8 1 1 12 10 1 100 10 1 100 10 1 100 1 1 1 1 1 1 1 1 1 1 1 1
staticfield org/jetbrains/kotlin/com/intellij/openapi/util/KeyedExtensionCollector LOG Lorg/jetbrains/kotlin/com/intellij/openapi/diagnostic/Logger; org/jetbrains/kotlin/com/intellij/openapi/diagnostic/DefaultLogger
instanceKlass org/jetbrains/kotlin/com/intellij/psi/LanguageFileViewProviders
instanceKlass org/jetbrains/kotlin/com/intellij/psi/LanguageSubstitutors
instanceKlass org/jetbrains/kotlin/com/intellij/lang/folding/LanguageFolding
instanceKlass org/jetbrains/kotlin/com/intellij/psi/impl/LanguageConstantExpressionEvaluator
instanceKlass org/jetbrains/kotlin/com/intellij/lang/LanguageASTFactory
instanceKlass org/jetbrains/kotlin/com/intellij/lang/LanguageParserDefinitions
ciInstanceKlass org/jetbrains/kotlin/com/intellij/lang/LanguageExtension 1 1 318 1 7 1 1 7 1 1 1 1 1 1 1 1 1 1 1 1 1 1 1 12 10 1 7 1 1 12 10 1 12 10 1 1 1 1 1 1 1 1 1 1 1 1 1 1 12 10 12 9 1 7 1 12 10 1 8 1 1 12 10 1 12 10 1 7 1 1 12 10 12 9 1 8 12 9 1 1 1 7 1 12 10 1 100 1 1 1 1 1 1 12 10 12 10 1 1 7 1 1 12 10 1 7 1 1 12 11 1 7 1 1 12 11 1 1 12 11 1 12 10 1 1 12 10 1 7 11 1 7 1 1 12 10 1 1 1 1 1 1 1 1 1 1 1 1 1 1 1 12 10 1 12 10 1 1 12 10 1 1 1 1 1 12 10 1 12 10 1 100 1 1 12 10 1 1 1 1 1 12 10 1 7 1 12 11 1 1 12 11 1 1 12 10 1 1 1 1 1 1 1 12 10 1 100 1 100 1 1 12 10 1 12 10 1 1 12 11 1 1 1 1 1 1 11 1 12 10 1 100 10 1 1 12 11 12 10 1 12 10 1 1 1 1 12 10 1 12 9 1 1 1 1 12 10 1 1 12 10 1 1 1 12 10 12 10 1 12 10 12 10 1 8 1 8 1 100 8 8 8 8 8 8 8 8 8 8 8 8 8 8 8 8 8 8 8 1 1 12 10 1 100 10 1 100 10 1 100 1 1 1 1 1 1 1 1 1 1
ciInstanceKlass org/jetbrains/kotlin/com/intellij/lang/LanguageParserDefinitions 1 1 27 1 7 1 1 7 1 1 1 1 1 1 8 1 12 10 1 1 12 10 12 9 1 1 1 1 1
staticfield org/jetbrains/kotlin/com/intellij/lang/LanguageParserDefinitions INSTANCE Lorg/jetbrains/kotlin/com/intellij/lang/LanguageParserDefinitions; org/jetbrains/kotlin/com/intellij/lang/LanguageParserDefinitions
instanceKlass org/jetbrains/kotlin/com/intellij/openapi/progress/ProgressManager
ciInstanceKlass org/jetbrains/kotlin/com/intellij/openapi/progress/ProgressIndicatorProvider 1 1 46 1 100 1 7 1 1 1 12 10 1 1 1 1 1 7 1 12 10 1 1 1 1 100 1 1 1 1 12 9 12 10 1 100 1 1 12 10 1 1 1 1 1 1 1 1
instanceKlass org/jetbrains/kotlin/com/intellij/openapi/progress/impl/CoreProgressManager
ciInstanceKlass org/jetbrains/kotlin/com/intellij/openapi/progress/ProgressManager 1 1 281 1 7 1 7 1 1 100 1 100 1 1 100 1 100 1 1 100 1 1 100 1 1 100 1 100 1 1 1 1 1 12 10 1 1 1 1 12 9 1 7 1 1 12 10 1 7 1 1 12 11 1 1 12 10 1 1 1 1 1 1 1 1 100 1 1 1 1 100 10 16 1 1 12 10 15 1 100 1 1 12 10 15 1 1 12 18 12 10 1 1 12 10 1 1 1 1 1 1 1 1 1 1 1 1 8 1 12 10 1 1 1 12 10 12 10 1 100 1 12 11 1 12 11 1 1 12 11 1 100 1 1 1 1 1 1 1 100 1 1 1 1 1 1 1 1 1 1 1 1 1 1 12 10 1 12 10 1 1 1 1 1 1 1 1 12 10 1 12 10 1 1 1 1 100 1 100 10 1 100 1 1 12 11 1 100 1 100 10 1 1 12 10 1 8 1 12 10 1 1 12 10 12 10 1 12 11 1 1 1 1 1 1 1 1 1 1 1 100 1 1 100 1 12 11 1 1 12 10 1 1 7 1 12 10 1 8 1 8 1 100 1 100 8 8 8 8 8 8 8 8 8 8 8 8 8 8 1 1 12 10 1 100 10 1 100 1 1 1 1 1 1 1 1 1 1 1 1 1 1 1
ciInstanceKlass org/jetbrains/kotlin/com/intellij/openapi/progress/impl/CoreProgressManager 1 1 1153 1 7 1 7 1 100 1 1 100 1 1 100 1 1 7 1 1 100 1 100 1 100 1 100 1 100 1 1 100 1 100 1 1 100 1 1 100 1 7 1 1 100 1 100 1 1 100 1 100 1 1 1 1 1 1 1 1 1 1 1 1 1 1 1 1 1 1 1 1 1 1 1 1 1 1 1 1 1 1 1 1 1 1 1 1 1 1 1 1 1 1 1 12 10 1 7 1 12 10 12 9 1 7 1 1 12 10 12 9 12 9 12 9 8 1 7 1 1 12 10 12 9 1 1 1 12 9 1 100 1 1 12 10 16 1 12 10 15 1 7 1 1 12 10 15 1 1 12 18 5 0 1 7 1 1 12 9 1 100 1 1 12 11 1 1 100 1 1 12 11 1 12 9 12 10 1 7 1 7 1 1 1 1 12 9 1 12 11 1 1 1 1 1 100 1 12 10 1 7 1 12 10 12 9 1 12 9 1 12 9 1 1 12 10 1 7 1 12 11 12 10 1 1 1 1 1 1 12 10 1 1 12 11 1 16 1 12 10 15 16 1 1 12 18 1 1 12 10 1 1 1 12 10 1 1 12 10 1 1 12 10 15 1 12 18 1 12 10 1 1 1 12 11 1 100 1 12 11 1 1 12 11 1 100 1 1 12 11 1 1 12 10 12 9 1 8 1 7 1 1 12 10 1 100 10 1 1 12 10 1 100 1 1 12 10 1 100 10 1 8 1 1 12 10 1 12 10 1 1 12 10 1 1 1 1 1 1 1 1 1 16 1 1 12 10 15 1 1 12 18 1 1 12 10 1 1 1 100 1 7 12 11 12 9 1 7 1 1 12 9 1 7 1 1 12 10 1 7 1 1 12 9 1 1 12 10 1 12 10 1 100 1 8 1 12 10 1 1 1 1 1 1 1 1 12 10 1 1 1 1 1 1 1 1 100 10 1 12 10 1 12 10 12 10 1 100 1 1 12 10 1 1 1 1 1 1 1 1 1 1 12 10 1 1 1 1 1 1 1 12 10 1 12 10 1 1 1 1 1 1 8 1 100 1 1 12 10 1 1 12 10 12 10 1 100 1 12 10 1 100 10 1 100 1 1 12 10 1 1 12 10 1 12 10 1 1 12 10 1 1 12 10 1 12 10 1 12 10 1 1 12 10 1 1 1 1 100 1 1 12 10 1 100 1 12 11 1 12 10 15 1 12 18 1 1 12 11 1 1 12 10 1 100 1 1 12 11 1 12 10 1 1 1 1 1 1 7 12 10 1 100 1 1 12 11 12 11 1 12 10 1 100 1 1 12 10 1 100 1 1 12 10 1 1 12 10 1 1 1 1 1 1 100 10 16 1 1 12 10 15 1 16 1 1 12 18 1 12 10 1 1 12 9 1 1 12 10 1 1 12 10 1 1 12 10 1 16 1 1 12 10 15 1 16 1 1 12 18 1 100 1 1 12 10 1 1 12 10 1 1 1 1 1 1 1 100 10 1 1 12 10 15 1 12 18 1 100 1 1 12 10 1 12 10 1 12 10 1 1 12 10 1 1 12 10 1 12 10 1 100 1 12 11 1 1 12 10 1 12 11 1 1 12 10 15 1 12 18 1 100 1 1 12 10 1 1 1 1 1 1 1 1 12 10 15 1 12 18 12 10 1 12 11 1 1 12 10 15 1 12 18 1 1 1 1 1 12 10 1 12 10 1 12 10 1 12 10 1 1 1 1 12 10 1 12 10 15 18 1 1 1 12 11 1 1 1 12 10 1 1 12 10 1 1 12 10 1 1 12 10 1 12 10 1 100 1 1 1 1 1 7 10 1 1 12 10 15 16 1 12 18 1 1 12 11 1 7 1 12 11 1 7 11 1 7 12 9 1 16 1 1 12 10 15 16 1 12 18 1 12 11 12 10 1 7 1 12 11 1 1 12 10 1 12 11 1 12 11 12 11 11 12 11 1 12 10 15 18 1 1 1 1 1 1 1 1 1 1 1 12 9 1 12 10 1 1 1 1 1 12 10 12 9 1 12 9 1 1 11 1 12 11 1 1 10 1 1 1 12 10 1 7 1 12 10 12 9 1 12 10 1 12 9 100 1 1 12 11 1 12 10 1 12 10 1 1 1 12 11 12 9 1 7 1 12 11 12 9 1 1 12 11 1 12 11 12 11 1 1 1 7 10 12 10 12 10 10 10 1 100 10 12 10 12 10 10 1 12 9 10 1 1 12 10 15 1 12 18 1 12 10 1 1 1 1 1 12 10 1 12 10 1 12 10 1 12 10 1 10 1 100 1 12 11 1 8 1 12 10 1 12 11 12 11 12 10 1 12 11 1 12 11 1 11 12 10 1 1 1 12 10 1 8 1 8 1 1 12 10 1 7 1 12 10 1 7 10 1 1 12 10 1 7 10 10 1 12 9 5 0 1 1 12 10 12 9 1 8 1 8 1 100 8 8 8 8 8 8 8 8 8 8 8 8 8 8 8 1 8 8 8 1 8 8 8 8 8 8 8 8 8 8 8 8 8 8 8 8 8 8 1 8 8 8 1 8 1 1 12 10 1 100 12 10 1 100 10 1 1 1 1 1 1 1 1 1 1 1 1 1 1 1
staticfield org/jetbrains/kotlin/com/intellij/openapi/progress/impl/CoreProgressManager LOG Lorg/jetbrains/kotlin/com/intellij/openapi/diagnostic/Logger; org/jetbrains/kotlin/com/intellij/openapi/diagnostic/DefaultLogger
staticfield org/jetbrains/kotlin/com/intellij/openapi/progress/impl/CoreProgressManager ENABLED Z 1
staticfield org/jetbrains/kotlin/com/intellij/openapi/progress/impl/CoreProgressManager threadsUnderIndicator Ljava/util/Map; java/util/HashMap
staticfield org/jetbrains/kotlin/com/intellij/openapi/progress/impl/CoreProgressManager currentIndicators Lorg/jetbrains/kotlin/com/intellij/util/containers/ConcurrentLongObjectMap; org/jetbrains/kotlin/com/intellij/util/containers/ConcurrentLongObjectHashMap
staticfield org/jetbrains/kotlin/com/intellij/openapi/progress/impl/CoreProgressManager threadTopLevelIndicators Lorg/jetbrains/kotlin/com/intellij/util/containers/ConcurrentLongObjectMap; org/jetbrains/kotlin/com/intellij/util/containers/ConcurrentLongObjectHashMap
staticfield org/jetbrains/kotlin/com/intellij/openapi/progress/impl/CoreProgressManager threadsUnderCanceledIndicator Ljava/util/Set; java/util/HashSet
staticfield org/jetbrains/kotlin/com/intellij/openapi/progress/impl/CoreProgressManager nonStandardIndicators Ljava/util/Map; java/util/concurrent/ConcurrentHashMap
staticfield org/jetbrains/kotlin/com/intellij/openapi/progress/impl/CoreProgressManager isInNonCancelableSection Ljava/lang/ThreadLocal; java/lang/ThreadLocal
staticfield org/jetbrains/kotlin/com/intellij/openapi/progress/impl/CoreProgressManager MAX_PRIORITIZATION_NANOS J 12000000000
staticfield org/jetbrains/kotlin/com/intellij/openapi/progress/impl/CoreProgressManager EMPTY_THREAD_ARRAY [Ljava/lang/Thread; 0 [Ljava/lang/Thread;
instanceKlass org/jetbrains/kotlin/com/intellij/psi/stubs/ObjectStubBase
instanceKlass org/jetbrains/kotlin/com/intellij/util/indexing/IndexedFileImpl
instanceKlass org/jetbrains/kotlin/com/intellij/psi/AbstractFileViewProvider
instanceKlass org/jetbrains/kotlin/com/intellij/psi/PsiManager
instanceKlass org/jetbrains/kotlin/com/intellij/psi/impl/ElementBase
instanceKlass org/jetbrains/kotlin/com/intellij/openapi/editor/impl/DocumentImpl
instanceKlass org/jetbrains/kotlin/com/intellij/openapi/vfs/VirtualFile
instanceKlass org/jetbrains/kotlin/com/intellij/lang/Language
instanceKlass org/jetbrains/kotlin/com/intellij/mock/MockComponentManager
ciInstanceKlass org/jetbrains/kotlin/com/intellij/openapi/util/UserDataHolderBase 1 1 209 1 7 1 1 7 1 100 1 1 1 1 1 1 1 12 10 1 7 1 1 12 9 1 1 12 10 1 1 1 1 1 100 1 100 12 10 1 1 12 10 1 1 12 10 1 100 1 12 10 1 1 1 1 1 1 1 12 10 12 9 1 1 12 10 1 100 10 1 1 12 10 1 8 1 12 10 1 100 1 12 10 10 1 1 1 1 1 1 12 10 1 1 1 12 11 1 7 1 12 10 1 1 12 10 1 1 1 1 1 12 10 1 1 1 1 1 1 12 11 1 1 12 11 1 1 12 10 1 1 1 1 1 12 10 1 1 1 7 1 1 1 12 11 1 1 1 1 1 1 1 12 10 1 1 1 8 1 1 12 10 1 8 1 8 1 100 8 8 8 8 8 8 8 8 8 8 8 8 8 8 8 8 8 8 8 1 1 12 10 1 100 1 12 10 1 100 10 1 1 1 1 1 1 1 1 1 1 1
staticfield org/jetbrains/kotlin/com/intellij/openapi/util/UserDataHolderBase COPYABLE_USER_MAP_KEY Lorg/jetbrains/kotlin/com/intellij/openapi/util/Key; org/jetbrains/kotlin/com/intellij/openapi/util/Key
instanceKlass org/jetbrains/kotlin/idea/KotlinLanguage
instanceKlass org/jetbrains/kotlin/com/intellij/lang/Language$1
instanceKlass org/jetbrains/kotlin/com/intellij/lang/MetaLanguage
instanceKlass org/jetbrains/kotlin/com/intellij/lang/java/JavaLanguage
instanceKlass org/jetbrains/kotlin/com/intellij/openapi/fileTypes/PlainTextLanguage
ciInstanceKlass org/jetbrains/kotlin/com/intellij/lang/Language 1 1 407 1 7 1 7 1 1 7 1 100 1 100 1 1 1 1 1 1 1 1 1 1 1 1 1 1 1 1 1 1 1 1 1 1 1 1 1 12 10 1 7 1 12 9 1 12 10 1 1 1 12 10 1 1 1 12 10 1 7 1 1 12 10 12 9 1 100 1 100 1 100 10 1 8 1 1 12 10 1 8 1 1 12 10 1 8 1 12 10 1 7 1 12 10 1 100 100 12 9 12 9 12 9 1 1 12 10 12 9 1 7 1 1 12 11 1 8 1 12 10 1 8 12 9 1 8 1 7 1 1 12 10 12 9 1 7 1 1 12 11 1 7 1 1 12 10 1 7 1 1 12 10 1 1 12 11 1 1 1 1 1 1 1 1 1 1 1 12 11 1 100 1 12 10 1 100 1 1 12 10 1 100 1 1 1 1 1 1 1 1 12 11 1 1 12 11 1 100 1 1 12 11 1 1 12 11 1 100 1 1 12 10 11 1 1 12 10 1 100 1 12 10 1 1 1 1 1 12 10 1 100 1 1 12 10 1 100 1 100 1 1 12 11 1 12 10 1 12 11 1 1 12 10 11 1 1 12 10 1 12 10 1 1 1 12 11 1 1 1 1 1 1 1 1 1 1 1 12 10 1 1 8 1 1 1 100 1 1 12 10 1 1 12 10 1 1 1 100 1 100 1 12 10 1 12 10 1 1 12 10 1 1 1 1 1 1 1 1 1 12 10 1 1 3 12 10 1 1 12 10 1 1 1 1 1 1 1 12 10 1 100 1 8 1 8 1 8 12 10 1 1 1 1 7 10 1 8 10 12 9 1 8 1 8 1 100 8 8 8 8 8 8 8 8 8 8 8 8 8 8 8 8 8 8 8 8 8 1 1 12 10 1 100 10 1 100 1 1 1 1 1 1 1 1 1 1 1
staticfield org/jetbrains/kotlin/com/intellij/lang/Language ourRegisteredLanguages Ljava/util/Map; java/util/concurrent/ConcurrentHashMap
staticfield org/jetbrains/kotlin/com/intellij/lang/Language ourRegisteredMimeTypes Ljava/util/concurrent/ConcurrentMap; java/util/concurrent/ConcurrentHashMap
staticfield org/jetbrains/kotlin/com/intellij/lang/Language ourRegisteredIDs Ljava/util/Map; java/util/concurrent/ConcurrentHashMap
staticfield org/jetbrains/kotlin/com/intellij/lang/Language ANY Lorg/jetbrains/kotlin/com/intellij/lang/Language; org/jetbrains/kotlin/com/intellij/lang/Language$1
ciInstanceKlass org/jetbrains/kotlin/com/intellij/lang/LanguageASTFactory 1 1 37 1 7 1 1 7 1 1 7 1 100 1 1 1 1 1 1 8 1 1 12 9 1 12 10 1 1 12 10 12 9 1 1 1 1 1 1
staticfield org/jetbrains/kotlin/com/intellij/lang/LanguageASTFactory INSTANCE Lorg/jetbrains/kotlin/com/intellij/lang/LanguageASTFactory; org/jetbrains/kotlin/com/intellij/lang/LanguageASTFactory
ciInstanceKlass org/jetbrains/kotlin/com/intellij/lang/ParserDefinition 1 1 104 1 100 1 100 1 1 100 1 1 100 1 100 1 1 1 1 1 1 1 1 1 1 1 7 1 1 12 9 1 1 12 11 1 1 1 1 1 1 1 1 1 1 1 12 11 1 1 1 1 1 1 12 9 1 1 1 1 1 100 1 1 1 1 8 1 8 1 100 1 100 8 8 8 8 8 8 8 1 1 12 10 1 100 1 1 12 10 1 100 10 1 100 1 1 1 1 1 1 1 1 1 1 1
ciInstanceKlass org/jetbrains/kotlin/com/intellij/lang/java/JavaLanguage 1 1 44 1 7 1 7 1 1 1 1 1 1 1 8 1 7 1 8 1 8 1 8 1 8 1 12 10 1 1 1 1 8 1 1 1 12 10 12 9 1 1 1 1 1 1
staticfield org/jetbrains/kotlin/com/intellij/lang/java/JavaLanguage INSTANCE Lorg/jetbrains/kotlin/com/intellij/lang/java/JavaLanguage; org/jetbrains/kotlin/com/intellij/lang/java/JavaLanguage
ciInstanceKlass org/jetbrains/kotlin/com/intellij/util/keyFMap/KeyFMap 1 1 55 1 7 1 100 1 1 1 1 1 1 1 1 1 100 1 100 1 1 1 1 1 1 1 1 1 1 1 1 1 1 1 1 1 1 1 1 1 1 1 7 1 1 12 10 12 9 1 1 1 1 1 1 1 1
staticfield org/jetbrains/kotlin/com/intellij/util/keyFMap/KeyFMap EMPTY_MAP Lorg/jetbrains/kotlin/com/intellij/util/keyFMap/KeyFMap; org/jetbrains/kotlin/com/intellij/util/keyFMap/EmptyFMap
ciInstanceKlass org/jetbrains/kotlin/com/intellij/util/keyFMap/EmptyFMap 1 1 120 1 7 1 7 1 100 1 1 1 1 1 12 10 1 1 1 1 1 1 1 1 12 10 1 7 1 7 1 12 10 1 1 1 1 1 1 1 1 1 1 1 1 1 1 1 1 1 12 9 100 1 1 1 8 1 1 1 1 1 1 7 1 1 12 9 1 100 1 1 12 10 1 12 10 10 1 1 8 1 8 1 100 1 100 8 8 8 1 8 8 8 8 8 1 8 1 1 12 10 1 100 1 12 10 1 100 10 1 100 1 1 1 1 1 1 1 1 1 1
staticfield org/jetbrains/kotlin/com/intellij/util/keyFMap/EmptyFMap EMPTY_KEYS_ARRAY [Lorg/jetbrains/kotlin/com/intellij/openapi/util/Key; 0 [Lorg/jetbrains/kotlin/com/intellij/openapi/util/Key;
ciInstanceKlass org/jetbrains/kotlin/com/intellij/util/ArrayFactory 1 0 16 1 100 1 1 100 1 1 1 1 1 1 1 1 1 1
ciInstanceKlass org/jetbrains/kotlin/com/intellij/lang/DefaultASTFactory 1 0 13 1 100 1 100 1 1 1 1 1 1 1 1
instanceKlass org/jetbrains/kotlin/com/intellij/psi/impl/source/tree/JavaASTFactory
instanceKlass org/jetbrains/kotlin/com/intellij/psi/impl/source/tree/PlainTextASTFactory
instanceKlass org/jetbrains/kotlin/com/intellij/lang/DefaultASTFactoryImpl
ciInstanceKlass org/jetbrains/kotlin/com/intellij/lang/ASTFactory 1 1 190 1 7 1 7 1 1 100 1 1 1 1 1 12 10 1 1 1 1 1 1 1 1 12 10 1 1 1 1 1 1 1 1 1 1 100 1 1 7 1 1 12 10 1 7 1 7 1 12 9 1 100 1 12 10 1 12 9 1 100 10 1 1 12 10 12 10 1 1 12 9 1 100 10 1 1 1 1 1 1 7 1 1 12 11 1 7 1 7 12 10 10 1 1 1 1 12 9 1 100 10 1 7 1 12 11 1 100 12 10 10 1 1 1 7 1 1 12 9 1 1 12 10 1 1 12 10 1 1 12 9 1 100 1 1 12 11 1 100 1 1 12 10 1 1 1 1 7 10 1 8 1 8 1 100 1 100 8 8 8 8 8 8 8 8 8 8 1 1 12 10 1 100 1 12 10 1 100 10 1 100 1 1 1 1 1 1 1 1 1
staticfield org/jetbrains/kotlin/com/intellij/lang/ASTFactory WHITESPACES Lorg/jetbrains/kotlin/com/intellij/util/CharTable; org/jetbrains/kotlin/com/intellij/psi/impl/source/CharTableImpl
ciInstanceKlass org/jetbrains/kotlin/com/intellij/lang/DefaultASTFactoryImpl 1 1 131 1 100 1 7 1 100 1 1 1 12 10 1 1 1 1 1 1 1 12 10 1 100 1 100 1 7 1 7 1 12 10 1 100 10 1 1 1 1 1 1 1 7 1 7 1 12 10 1 1 1 1 1 12 10 1 7 1 1 12 9 1 1 12 10 1 7 1 1 12 11 1 7 1 1 12 10 1 12 10 1 100 1 7 10 1 1 1 1 1 7 10 1 8 1 8 1 100 1 100 1 100 8 8 8 8 8 8 8 1 1 12 10 1 100 1 12 10 1 100 10 1 100 1 1 1 1 1 1 1 1
ciInstanceKlass org/jetbrains/kotlin/com/intellij/util/CharTable 1 1 32 1 7 1 100 1 1 1 1 1 1 1 1 1 1 1 7 1 8 1 1 12 10 12 9 1 1 1 1 1 1 1
staticfield org/jetbrains/kotlin/com/intellij/util/CharTable CHAR_TABLE_KEY Lorg/jetbrains/kotlin/com/intellij/openapi/util/Key; org/jetbrains/kotlin/com/intellij/openapi/util/Key
ciInstanceKlass org/jetbrains/kotlin/com/intellij/lang/ASTNode 1 1 95 1 7 1 100 1 100 1 1 1 1 1 1 1 1 1 1 1 1 1 1 1 1 1 12 11 12 11 1 1 1 1 1 1 1 1 1 1 1 1 1 1 1 1 1 1 1 1 1 1 1 1 1 1 1 1 1 1 1 1 1 1 1 1 1 1 1 1 1 1 12 9 1 1 1 1 1 1 1 1 1 1 100 1 8 1 1 12 10 1 1 1 8 1 1
staticfield org/jetbrains/kotlin/com/intellij/lang/ASTNode EMPTY_ARRAY [Lorg/jetbrains/kotlin/com/intellij/lang/ASTNode; 0 [Lorg/jetbrains/kotlin/com/intellij/lang/ASTNode;
instanceKlass org/jetbrains/kotlin/com/intellij/psi/impl/PsiElementBase
instanceKlass org/jetbrains/kotlin/com/intellij/psi/impl/source/PsiFileImpl
instanceKlass org/jetbrains/kotlin/com/intellij/psi/impl/source/tree/TreeElement
ciInstanceKlass org/jetbrains/kotlin/com/intellij/psi/impl/ElementBase 1 1 378 1 7 1 7 1 100 1 1 100 1 100 1 1 100 1 100 1 1 100 1 100 1 1 1 1 1 3 1 1 1 1 1 1 1 1 12 10 1 1 1 1 1 1 100 1 100 1 100 1 100 1 12 10 1 100 12 9 1 7 1 1 12 10 1 1 1 1 1 1 12 11 1 8 1 100 1 1 12 10 1 100 1 1 12 10 1 16 1 12 10 15 1 16 1 7 1 1 12 10 15 1 1 12 18 1 100 1 1 12 10 1 100 1 100 1 1 12 11 1 1 12 11 1 12 10 12 9 1 1 12 11 1 1 12 10 1 1 1 1 1 1 1 12 10 1 12 10 15 1 12 18 1 1 1 100 1 12 10 1 100 1 1 12 11 1 12 10 1 1 1 12 10 1 12 10 1 1 12 10 1 1 12 11 1 1 1 7 1 100 1 1 12 11 1 1 12 10 1 100 12 11 1 12 9 1 1 1 100 1 12 11 1 100 1 1 1 100 1 1 12 10 12 9 1 7 1 12 10 1 1 12 11 1 1 1 1 1 1 12 10 1 1 12 11 1 100 1 12 11 1 1 12 11 1 100 1 100 11 1 12 11 1 1 1 1 1 1 1 1 1 1 1 1 12 10 1 12 10 12 10 1 1 100 1 12 9 1 1 12 11 1 1 1 1 12 10 1 100 1 1 12 11 1 1 12 10 1 1 12 10 1 1 1 1 12 10 1 16 12 10 15 16 1 1 12 18 12 10 15 1 1 12 18 1 1 12 10 1 8 1 8 1 100 1 100 1 100 8 8 8 8 8 1 1 12 10 1 100 1 12 10 1 100 10 1 1 1 1 1 1 1 1 1 1 1 1 1
staticfield org/jetbrains/kotlin/com/intellij/psi/impl/ElementBase LOG Lorg/jetbrains/kotlin/com/intellij/openapi/diagnostic/Logger; org/jetbrains/kotlin/com/intellij/openapi/diagnostic/DefaultLogger
staticfield org/jetbrains/kotlin/com/intellij/psi/impl/ElementBase ICON_COMPUTE Ljava/util/function/Function; org/jetbrains/kotlin/com/intellij/psi/impl/ElementBase$$Lambda$117+0x000001c90117f5c8
staticfield org/jetbrains/kotlin/com/intellij/psi/impl/ElementBase VISIBILITY_ICON_PLACEHOLDER Lorg/jetbrains/kotlin/com/intellij/openapi/util/NotNullLazyValue; org/jetbrains/kotlin/com/intellij/openapi/util/NotNullLazyValue$1
instanceKlass org/jetbrains/kotlin/com/intellij/psi/impl/source/tree/LeafElement
instanceKlass org/jetbrains/kotlin/com/intellij/psi/impl/source/tree/CompositeElement
ciInstanceKlass org/jetbrains/kotlin/com/intellij/psi/impl/source/tree/TreeElement 1 1 485 1 7 1 7 1 100 1 100 1 100 1 1 1 1 1 1 1 1 1 1 1 1 1 1 1 1 1 1 1 12 10 1 12 10 12 9 12 9 1 1 1 1 1 7 1 1 12 10 1 7 1 1 12 10 1 100 1 1 1 1 1 12 10 12 9 12 9 12 9 1 1 1 1 12 10 1 100 1 12 10 1 1 1 1 1 7 1 1 12 10 1 100 1 1 12 10 1 1 12 10 12 10 1 7 10 1 1 1 1 1 1 1 1 1 1 1 1 1 1 1 1 12 10 1 100 1 12 10 1 12 10 1 1 12 10 1 1 1 7 1 12 9 1 12 10 1 12 10 1 12 10 1 1 1 1 1 1 1 1 12 10 1 1 1 1 1 1 100 1 12 11 12 10 1 1 1 100 11 1 1 12 11 12 10 1 1 1 1 100 10 1 8 1 1 12 10 1 1 12 10 1 12 10 1 8 12 10 1 1 12 10 1 12 10 10 1 7 1 12 9 1 1 12 10 1 1 1 1 1 12 10 1 1 1 1 1 1 1 1 1 1 12 10 1 1 12 10 1 12 10 12 10 1 12 10 1 1 1 1 1 12 10 1 12 10 12 9 1 100 1 8 1 12 10 12 10 12 10 12 10 1 12 10 1 12 10 1 1 1 1 1 12 10 1 1 12 10 1 12 10 1 1 12 10 1 12 10 1 12 10 1 1 8 1 8 1 8 1 1 1 100 1 7 1 1 12 10 1 7 1 1 12 11 1 100 1 1 12 10 1 100 1 1 12 11 1 100 1 1 12 11 1 100 11 1 1 1 1 1 1 12 10 12 10 12 10 1 1 7 1 12 10 12 9 1 8 1 8 1 100 1 100 1 100 8 8 8 8 8 8 8 8 8 8 8 8 8 8 8 8 8 1 1 12 10 1 100 1 12 10 1 100 10 1 100 1 1 1 1 1 1 1 1 1 100 1 8 1 1 12 10 1 1 1 8 1 1 1 8 1 1 1 8 1 1 1 8 1 1 1 8 1 1 8 1 1 1 8 1 1 8 1 1 1 8 1 1 8 1 1 1 8 1 1 8 1 1 1 8 1 1 8 1 1
staticfield org/jetbrains/kotlin/com/intellij/psi/impl/source/tree/TreeElement EMPTY_ARRAY [Lorg/jetbrains/kotlin/com/intellij/psi/impl/source/tree/TreeElement; 0 [Lorg/jetbrains/kotlin/com/intellij/psi/impl/source/tree/TreeElement;
staticfield org/jetbrains/kotlin/com/intellij/psi/impl/source/tree/TreeElement $assertionsDisabled Z 1
instanceKlass org/jetbrains/kotlin/com/intellij/psi/impl/source/tree/java/EnumConstantElement
instanceKlass org/jetbrains/kotlin/com/intellij/psi/impl/source/tree/java/ParameterElement
instanceKlass org/jetbrains/kotlin/com/intellij/psi/impl/source/tree/java/ParameterListElement
instanceKlass org/jetbrains/kotlin/com/intellij/psi/impl/source/tree/java/MethodElement
instanceKlass org/jetbrains/kotlin/com/intellij/psi/impl/source/tree/java/FieldElement
instanceKlass org/jetbrains/kotlin/com/intellij/psi/impl/source/tree/java/ReferenceListElement
instanceKlass org/jetbrains/kotlin/com/intellij/psi/impl/source/tree/java/TypeParameterListElement
instanceKlass org/jetbrains/kotlin/com/intellij/psi/impl/source/tree/java/NameValuePairElement
instanceKlass org/jetbrains/kotlin/com/intellij/psi/impl/source/tree/java/AnnotationParamListElement
instanceKlass org/jetbrains/kotlin/com/intellij/psi/impl/source/tree/java/AnnotationElement
instanceKlass org/jetbrains/kotlin/com/intellij/psi/impl/source/tree/java/ModifierListElement
instanceKlass org/jetbrains/kotlin/com/intellij/psi/impl/source/tree/java/ClassElement
instanceKlass org/jetbrains/kotlin/com/intellij/psi/impl/source/tree/java/ImportStatementBaseElement
instanceKlass org/jetbrains/kotlin/com/intellij/psi/impl/source/tree/java/ImportListElement
instanceKlass org/jetbrains/kotlin/com/intellij/psi/impl/source/tree/CompositePsiElement
instanceKlass org/jetbrains/kotlin/com/intellij/psi/impl/source/tree/LazyParseableElement
ciInstanceKlass org/jetbrains/kotlin/com/intellij/psi/impl/source/tree/CompositeElement 1 1 1019 1 7 1 7 1 1 100 1 100 1 100 1 1 100 1 100 1 1 1 1 1 1 1 1 1 1 1 1 1 1 1 1 1 1 1 1 1 12 10 12 10 12 9 12 9 1 1 1 1 1 1 1 12 10 12 9 12 9 12 9 1 1 12 10 1 7 11 1 1 12 10 1 1 12 11 1 1 12 10 1 1 1 1 7 1 100 12 10 1 100 11 1 1 12 10 1 12 10 1 1 1 12 10 1 100 1 1 12 10 1 100 1 1 12 11 1 1 12 10 12 9 1 100 12 10 1 8 1 1 12 10 1 1 12 10 1 1 12 10 1 7 1 1 12 10 1 1 1 1 1 1 8 1 12 10 1 8 1 1 12 11 1 8 1 12 11 1 12 10 1 8 1 1 100 1 100 1 1 1 7 1 1 12 10 1 1 1 1 10 1 1 12 10 1 12 10 1 12 10 1 100 1 100 12 10 1 12 10 1 1 1 1 1 1 1 1 1 1 12 10 1 1 12 11 1 1 1 12 10 1 1 1 7 1 12 9 1 12 10 10 1 7 1 1 12 11 1 1 100 1 1 12 10 1 1 7 1 1 12 10 1 1 12 10 1 1 1 7 1 1 12 10 1 12 10 1 1 12 10 1 100 10 1 7 1 1 12 10 1 8 1 12 10 1 8 1 8 1 8 1 100 1 12 10 1 100 1 8 1 8 1 100 1 1 12 10 1 12 10 1 1 12 10 1 100 1 12 10 1 1 1 1 1 1 1 1 1 1 100 1 8 1 8 1 100 1 1 12 10 1 8 1 8 1 8 1 1 12 10 1 8 1 1 12 10 12 10 1 8 10 1 8 10 1 8 1 8 1 1 12 11 1 100 1 8 10 10 1 12 11 1 8 1 12 11 1 8 1 8 11 1 8 11 1 8 1 8 1 100 1 1 12 11 1 1 12 10 1 100 1 12 10 1 1 12 11 1 8 1 8 1 1 1 1 1 1 1 1 1 1 12 11 1 1 1 12 10 12 10 1 1 1 1 1 1 1 12 10 1 7 1 1 12 10 1 1 1 12 10 12 11 1 1 12 10 1 1 1 1 1 1 12 10 12 9 100 1 100 1 1 1 1 1 1 1 7 1 1 12 11 1 7 1 1 1 1 1 1 1 1 1 12 10 1 1 1 100 1 12 10 1 100 1 1 12 10 1 1 1 1 1 1 1 1 1 12 10 1 1 1 1 12 10 1 1 12 10 1 100 1 1 12 10 1 8 1 8 1 100 1 12 10 1 8 1 1 1 1 12 10 1 1 1 12 10 1 12 10 1 12 10 1 12 10 1 1 12 10 1 10 1 100 1 1 12 10 1 100 1 8 1 8 1 100 1 1 12 10 12 10 1 1 1 1 8 1 12 10 1 1 12 10 1 16 1 1 12 10 15 1 100 1 1 12 10 15 1 1 12 18 1 1 12 10 1 1 1 1 12 10 1 12 10 1 1 12 10 1 100 1 1 12 10 1 100 1 1 12 11 1 100 1 12 10 1 1 12 10 1 12 10 12 10 1 1 1 1 1 12 10 1 1 1 12 10 1 1 12 10 15 1 12 18 1 1 1 1 1 1 12 11 1 1 12 10 15 1 12 18 1 12 10 15 1 12 18 1 12 10 1 12 10 1 1 1 7 1 12 10 1 12 10 12 9 1 7 1 1 12 10 1 100 1 1 12 10 1 1 1 1 12 10 1 1 1 10 10 1 7 1 1 12 9 1 1 12 10 1 7 1 12 11 1 1 1 1 1 1 12 10 1 1 1 1 12 10 1 12 10 1 12 10 10 10 10 1 1 1 1 1 1 1 12 10 1 100 11 1 100 1 12 10 11 1 1 12 10 1 1 10 1 1 12 10 12 10 12 10 1 12 10 1 12 10 1 1 1 12 10 1 12 10 1 1 12 10 1 1 1 100 1 1 12 10 1 1 1 1 1 100 1 12 10 1 1 1 1 1 12 10 1 1 1 12 10 1 1 1 12 10 1 1 12 10 15 1 12 18 1 1 12 10 12 10 12 10 1 12 10 1 12 10 12 10 1 100 1 1 1 12 10 8 1 1 12 10 1 8 1 8 1 100 8 8 8 8 8 8 8 8 8 8 8 8 8 8 8 8 8 8 8 8 8 8 8 8 8 8 8 8 8 8 8 8 8 8 8 8 8 8 8 8 8 8 8 8 8 8 8 8 8 8 8 8 8 8 8 8 8 8 8 8 8 8 8 8 8 8 8 1 1 12 10 1 100 10 1 1 1 1 1 1 1 1 1 1 1 1
staticfield org/jetbrains/kotlin/com/intellij/psi/impl/source/tree/CompositeElement LOG Lorg/jetbrains/kotlin/com/intellij/openapi/diagnostic/Logger; org/jetbrains/kotlin/com/intellij/openapi/diagnostic/DefaultLogger
staticfield org/jetbrains/kotlin/com/intellij/psi/impl/source/tree/CompositeElement EMPTY_ARRAY [Lorg/jetbrains/kotlin/com/intellij/psi/impl/source/tree/CompositeElement; 0 [Lorg/jetbrains/kotlin/com/intellij/psi/impl/source/tree/CompositeElement;
staticfield org/jetbrains/kotlin/com/intellij/psi/impl/source/tree/CompositeElement myWrapperUpdater Ljava/util/concurrent/atomic/AtomicReferenceFieldUpdater; java/util/concurrent/atomic/AtomicReferenceFieldUpdater$AtomicReferenceFieldUpdaterImpl
instanceKlass org/jetbrains/kotlin/com/intellij/psi/impl/source/tree/LazyParseablePsiElement
instanceKlass org/jetbrains/kotlin/com/intellij/psi/impl/source/tree/FileElement
ciInstanceKlass org/jetbrains/kotlin/com/intellij/psi/impl/source/tree/LazyParseableElement 1 1 422 1 7 1 7 1 1 100 1 100 1 1 1 1 1 1 1 1 1 1 1 1 1 1 1 1 1 1 1 12 10 1 12 10 1 7 1 12 10 12 9 1 1 12 10 12 9 12 9 12 9 1 7 1 7 1 1 12 10 1 16 1 12 10 15 1 16 1 7 1 1 12 10 15 1 1 12 18 1 1 12 11 1 12 10 1 12 10 1 7 1 1 1 1 1 1 1 1 12 10 1 7 12 11 1 1 12 10 1 12 11 1 100 12 10 1 7 1 12 10 1 1 1 1 12 10 1 12 10 1 100 1 1 12 10 1 1 1 1 12 10 12 10 1 1 1 1 1 1 1 12 10 12 9 1 8 1 7 1 1 12 10 12 10 1 1 1 12 10 1 12 9 1 8 12 9 1 100 10 1 7 1 1 12 10 1 100 10 1 8 1 1 12 10 1 12 10 10 1 7 1 12 10 1 1 12 10 1 8 1 8 16 1 1 12 10 15 1 1 12 18 1 7 1 1 12 10 1 1 1 1 1 7 10 1 12 10 1 8 1 1 12 10 1 100 1 1 12 10 1 8 1 100 1 1 12 10 1 100 1 1 12 10 1 100 1 8 1 12 10 1 12 10 1 1 7 1 1 12 10 1 12 10 15 1 12 18 1 1 12 10 1 1 1 8 12 10 1 1 12 10 12 10 1 12 10 1 1 1 100 1 100 1 12 10 1 1 1 1 1 100 5 0 1 7 1 1 12 9 1 1 12 10 1 12 10 1 1 10 10 1 1 12 10 1 8 1 12 10 1 1 1 1 100 1 7 1 1 12 11 12 10 12 10 1 1 1 7 1 12 10 1 12 10 12 10 15 1 12 18 1 8 1 8 1 100 8 8 8 8 8 8 8 8 8 8 8 8 8 1 1 12 10 1 100 12 10 1 100 10 1 1 1 1 1 1 1 1 1 1 1 1
staticfield org/jetbrains/kotlin/com/intellij/psi/impl/source/tree/LazyParseableElement LOG Lorg/jetbrains/kotlin/com/intellij/openapi/diagnostic/Logger; org/jetbrains/kotlin/com/intellij/openapi/diagnostic/DefaultLogger
staticfield org/jetbrains/kotlin/com/intellij/psi/impl/source/tree/LazyParseableElement NO_TEXT Ljava/util/function/Supplier; org/jetbrains/kotlin/com/intellij/psi/impl/source/tree/LazyParseableElement$$Lambda$160+0x000001c9013a9520
staticfield org/jetbrains/kotlin/com/intellij/psi/impl/source/tree/LazyParseableElement $assertionsDisabled Z 1
instanceKlass org/jetbrains/kotlin/com/intellij/psi/impl/source/tree/java/JavaFileElement
instanceKlass org/jetbrains/kotlin/com/intellij/psi/impl/source/JavaDummyElement
instanceKlass org/jetbrains/kotlin/com/intellij/psi/impl/source/DummyHolderElement
instanceKlass org/jetbrains/kotlin/com/intellij/psi/impl/source/CodeFragmentElement
ciInstanceKlass org/jetbrains/kotlin/com/intellij/psi/impl/source/tree/FileElement 1 1 264 1 7 1 7 1 100 1 1 100 1 100 1 100 1 1 1 1 1 1 1 1 1 1 1 12 9 12 10 1 7 1 1 1 1 1 12 10 1 1 1 12 9 1 1 12 10 1 100 1 1 1 1 12 10 1 1 12 10 1 100 1 100 12 10 1 1 12 10 1 1 12 10 1 100 1 12 10 1 1 1 12 10 1 7 12 10 1 1 1 1 1 1 1 12 10 1 100 12 10 1 12 10 1 100 1 1 12 10 1 12 11 1 7 1 1 1 1 1 1 1 100 1 12 10 1 1 12 10 1 1 1 1 1 1 1 12 10 12 9 1 1 1 1 12 10 1 100 1 12 9 1 100 1 16 1 1 12 10 15 16 1 100 1 1 12 10 15 1 1 12 18 1 100 1 1 12 10 1 100 1 8 1 12 10 1 1 1 1 1 1 1 100 10 1 100 1 1 12 11 1 12 10 1 1 12 10 1 1 1 1 1 1 12 10 12 10 1 12 10 1 12 9 1 8 1 8 1 100 1 100 1 100 8 8 8 8 8 8 8 1 1 12 10 1 100 10 1 100 10 1 100 1 1 1 1 1 1 1 1 1 1 1 1
staticfield org/jetbrains/kotlin/com/intellij/psi/impl/source/tree/FileElement EMPTY_ARRAY [Lorg/jetbrains/kotlin/com/intellij/psi/impl/source/tree/FileElement; 0 [Lorg/jetbrains/kotlin/com/intellij/psi/impl/source/tree/FileElement;
ciInstanceKlass org/jetbrains/kotlin/com/intellij/psi/impl/source/CodeFragmentElement 0 0 25 1 100 1 100 1 1 1 1 100 1 1 12 9 1 12 10 1 1 1 1 1 1 1 1
ciInstanceKlass org/jetbrains/kotlin/com/intellij/psi/impl/source/DummyHolderElement 0 0 51 1 100 1 100 1 1 1 1 1 1 12 10 1 100 1 1 12 9 1 12 10 1 1 1 1 1 8 1 100 8 8 8 1 100 1 1 12 10 1 100 1 12 10 1 1 1 1 1 1 1
instanceKlass org/jetbrains/kotlin/com/intellij/psi/tree/java/IJavaDocElementType
instanceKlass org/jetbrains/kotlin/com/intellij/psi/tree/java/IJavaElementType
instanceKlass org/jetbrains/kotlin/kdoc/parser/KDocElementType
instanceKlass org/jetbrains/kotlin/com/intellij/lang/TokenWrapper
instanceKlass org/jetbrains/kotlin/com/intellij/psi/tree/IElementType$TombstoneElementType
instanceKlass org/jetbrains/kotlin/KtNodeType
instanceKlass org/jetbrains/kotlin/com/intellij/psi/TokenType$1
instanceKlass org/jetbrains/kotlin/com/intellij/psi/WhiteSpaceTokenType
instanceKlass org/jetbrains/kotlin/lexer/KtToken
instanceKlass org/jetbrains/kotlin/com/intellij/psi/stubs/IStubElementType
instanceKlass org/jetbrains/kotlin/com/intellij/psi/tree/ILazyParseableElementType
ciInstanceKlass org/jetbrains/kotlin/com/intellij/psi/tree/IElementType 1 1 416 1 7 1 7 1 1 7 1 1 100 1 1 100 1 100 1 1 100 1 100 1 1 100 1 100 1 1 1 1 1 1 1 1 1 1 1 1 3 1 1 1 1 1 1 1 1 1 1 1 1 1 1 1 12 10 12 9 12 9 1 7 1 1 12 10 1 7 1 1 12 10 1 7 1 12 11 12 9 7 1 100 1 1 1 1 1 1 12 10 1 100 1 1 12 10 1 100 1 1 12 10 1 8 1 1 12 10 12 9 1 1 12 10 1 12 10 1 1 1 1 1 1 1 1 7 1 12 9 1 100 1 8 10 1 1 12 10 1 1 12 10 1 1 1 1 12 10 1 7 1 7 1 1 12 9 1 12 10 1 1 10 12 9 12 9 1 100 1 1 12 11 16 1 100 1 12 10 15 1 16 1 7 1 1 12 10 15 1 1 12 18 1 1 12 11 1 16 1 1 12 10 15 16 1 1 12 18 1 100 1 1 12 10 1 1 12 11 1 1 12 11 1 16 1 1 12 10 15 16 1 1 12 18 1 100 1 1 12 11 1 100 1 1 12 10 1 1 12 11 12 9 1 8 1 12 10 1 8 1 12 11 1 12 10 1 8 1 8 1 100 1 1 12 10 1 1 12 10 1 7 1 12 10 12 9 1 7 1 1 12 10 1 1 1 1 1 1 1 1 1 1 1 1 1 12 10 1 12 10 1 1 7 1 1 1 1 1 8 1 1 1 1 100 10 1 12 11 1 12 11 1 1 12 11 1 1 1 1 1 1 1 12 9 1 1 1 1 12 10 1 16 12 10 15 16 1 1 12 18 12 10 15 1 12 18 12 9 1 8 10 1 8 12 10 1 1 8 1 8 1 100 8 8 8 8 8 8 8 8 8 8 8 8 1 1 12 10 1 100 10 1 100 1 1 1 1 1 1 1 1 1 1 1 1 1
staticfield org/jetbrains/kotlin/com/intellij/psi/tree/IElementType LOG Lorg/jetbrains/kotlin/com/intellij/openapi/diagnostic/Logger; org/jetbrains/kotlin/com/intellij/openapi/diagnostic/DefaultLogger
staticfield org/jetbrains/kotlin/com/intellij/psi/tree/IElementType EMPTY_ARRAY [Lorg/jetbrains/kotlin/com/intellij/psi/tree/IElementType; 0 [Lorg/jetbrains/kotlin/com/intellij/psi/tree/IElementType;
staticfield org/jetbrains/kotlin/com/intellij/psi/tree/IElementType ARRAY_FACTORY Lorg/jetbrains/kotlin/com/intellij/util/ArrayFactory; org/jetbrains/kotlin/com/intellij/psi/tree/IElementType$$Lambda$61+0x000001c90110ae40
staticfield org/jetbrains/kotlin/com/intellij/psi/tree/IElementType TRUE Lorg/jetbrains/kotlin/com/intellij/psi/tree/IElementType$Predicate; org/jetbrains/kotlin/com/intellij/psi/tree/IElementType$$Lambda$62+0x000001c90110b250
staticfield org/jetbrains/kotlin/com/intellij/psi/tree/IElementType lock Ljava/lang/Object; "registry lock"instanceKlass org/jetbrains/kotlin/com/intellij/psi/impl/source/tree/JavaDocElementType$JavaDocLazyElementType
instanceKlass org/jetbrains/kotlin/com/intellij/psi/impl/source/tree/JavaElementType$JavaDummyElementType
instanceKlass org/jetbrains/kotlin/com/intellij/psi/tree/IReparseableElementType
instanceKlass org/jetbrains/kotlin/kdoc/lexer/KDocTokens$2
instanceKlass org/jetbrains/kotlin/kdoc/lexer/KDocTokens$1
instanceKlass org/jetbrains/kotlin/com/intellij/psi/tree/IFileElementType
ciInstanceKlass org/jetbrains/kotlin/com/intellij/psi/tree/ILazyParseableElementType 1 1 205 1 7 1 7 1 100 1 1 1 1 1 1 1 1 1 1 1 1 12 10 1 12 10 1 1 1 1 1 10 1 1 1 12 10 1 1 1 1 100 1 1 12 11 1 1 12 11 12 9 1 100 1 100 1 12 10 1 8 1 1 12 10 1 12 10 1 1 12 10 1 12 10 1 100 1 1 12 10 1 1 1 1 1 1 12 11 1 1 12 10 1 100 1 1 12 10 1 1 12 11 1 1 12 10 1 100 1 1 12 9 1 1 12 10 1 100 1 1 12 11 1 100 1 1 12 11 1 12 11 1 1 1 1 1 1 1 1 1 1 1 12 10 1 100 1 1 1 1 1 1 7 1 1 12 10 8 1 7 1 1 12 10 12 9 1 8 1 8 1 100 1 100 1 100 8 8 8 8 8 8 8 8 1 1 12 10 1 100 12 10 1 100 10 1 100 1 1 1 1 1 1 1 1 1
staticfield org/jetbrains/kotlin/com/intellij/psi/tree/ILazyParseableElementType LANGUAGE_KEY Lorg/jetbrains/kotlin/com/intellij/openapi/util/Key; org/jetbrains/kotlin/com/intellij/openapi/util/Key
staticfield org/jetbrains/kotlin/com/intellij/psi/tree/ILazyParseableElementType $assertionsDisabled Z 1
instanceKlass org/jetbrains/kotlin/com/intellij/psi/impl/source/tree/OwnBufferLeafPsiElement
instanceKlass org/jetbrains/kotlin/com/intellij/psi/impl/source/tree/LeafPsiElement
ciInstanceKlass org/jetbrains/kotlin/com/intellij/psi/impl/source/tree/LeafElement 1 1 391 1 7 1 7 1 1 1 1 1 1 1 1 1 1 1 1 1 1 1 12 10 1 12 10 12 9 1 1 1 1 1 1 1 1 12 10 1 1 12 10 1 1 1 7 1 12 11 1 1 1 1 1 100 12 9 1 1 12 10 1 100 1 100 1 1 12 10 1 12 11 1 12 10 1 1 12 10 1 1 1 1 12 11 1 1 1 1 1 1 7 1 12 10 1 1 1 1 1 1 12 10 100 1 1 1 1 12 10 1 1 1 1 1 1 1 1 12 9 1 100 12 10 1 1 12 10 3 1 1 1 1 1 12 10 1 100 1 1 12 10 1 1 12 10 1 1 12 10 1 1 1 1 100 1 1 12 10 1 1 12 10 1 100 1 1 12 10 1 1 1 1 12 10 1 1 12 10 1 1 1 1 1 7 1 1 12 10 1 1 1 1 1 1 1 1 1 1 1 1 1 1 12 10 1 1 1 1 1 1 1 1 12 9 100 1 1 1 100 1 8 1 12 10 1 1 1 1 1 1 1 1 1 100 1 1 1 1 1 1 1 1 1 1 1 1 1 1 1 12 10 12 9 1 12 10 1 1 1 1 1 7 1 1 12 10 1 100 12 10 1 8 1 1 12 10 1 12 10 1 8 1 100 1 7 1 100 1 1 12 10 10 1 1 12 10 1 1 1 12 10 1 12 10 1 12 10 12 10 1 1 1 12 10 1 1 12 10 8 1 7 1 1 12 10 1 8 1 8 1 100 8 8 8 8 8 8 8 8 8 8 8 8 8 8 8 8 8 8 8 8 8 8 8 8 8 8 8 8 8 8 8 8 8 8 8 8 8 8 1 1 12 10 1 100 10 1 100 10 1 100 1 1 1 1 1 1 1 1 1 1
staticfield org/jetbrains/kotlin/com/intellij/psi/impl/source/tree/LeafElement LOG Lorg/jetbrains/kotlin/com/intellij/openapi/diagnostic/Logger; org/jetbrains/kotlin/com/intellij/openapi/diagnostic/DefaultLogger
staticfield org/jetbrains/kotlin/com/intellij/psi/impl/source/tree/LeafElement CACHED_TEXT Lorg/jetbrains/kotlin/com/intellij/openapi/util/Key; org/jetbrains/kotlin/com/intellij/openapi/util/Key
staticfield org/jetbrains/kotlin/com/intellij/psi/impl/source/tree/LeafElement $assertionsDisabled Z 1
instanceKlass org/jetbrains/kotlin/com/intellij/psi/impl/source/tree/ForeignLeafPsiElement
instanceKlass org/jetbrains/kotlin/com/intellij/psi/impl/source/javadoc/PsiDocTokenImpl
instanceKlass org/jetbrains/kotlin/com/intellij/psi/impl/source/tree/java/PsiJavaTokenImpl
instanceKlass org/jetbrains/kotlin/com/intellij/psi/impl/source/tree/java/PsiKeywordImpl
instanceKlass org/jetbrains/kotlin/com/intellij/psi/impl/source/tree/java/PsiIdentifierImpl
instanceKlass org/jetbrains/kotlin/com/intellij/psi/impl/source/tree/PsiCommentImpl
instanceKlass org/jetbrains/kotlin/com/intellij/psi/impl/source/tree/PsiWhiteSpaceImpl
ciInstanceKlass org/jetbrains/kotlin/com/intellij/psi/impl/source/tree/LeafPsiElement 1 1 391 1 7 1 7 1 100 1 100 1 1 1 1 1 1 1 1 12 10 12 10 1 1 1 1 1 1 1 1 1 1 12 9 100 1 1 1 1 1 1 1 1 1 7 1 12 10 1 12 10 1 12 10 1 1 1 12 10 1 100 1 1 12 11 1 1 12 10 1 1 1 1 1 1 100 1 12 10 1 100 12 10 1 100 1 8 1 1 12 10 1 100 1 1 12 10 1 100 1 1 12 10 1 12 10 1 1 12 10 1 12 10 1 1 12 10 1 100 1 12 10 1 12 10 1 1 1 1 1 1 1 1 1 1 1 100 1 12 10 1 1 1 12 10 1 100 1 12 10 1 1 1 12 10 1 12 10 1 1 1 1 1 12 10 1 100 1 1 1 100 10 1 1 1 1 1 1 1 1 1 1 1 1 1 1 12 9 10 1 7 1 1 12 10 1 100 1 12 10 1 100 1 1 12 10 1 12 10 1 1 1 1 1 1 12 10 1 1 8 10 1 100 10 1 8 1 1 7 1 12 10 1 1 1 100 1 1 1 1 1 1 1 12 10 1 1 1 12 10 12 11 1 1 1 100 1 1 12 10 1 100 1 1 1 12 10 1 1 1 100 1 12 10 1 100 1 1 12 10 1 100 1 100 12 10 1 1 1 1 1 1 12 10 1 100 1 1 1 1 1 1 1 100 1 1 12 10 1 1 12 10 1 100 12 11 1 1 1 1 1 1 12 10 1 12 10 1 1 1 10 1 1 12 10 1 8 1 8 1 100 1 100 8 8 8 8 8 8 8 8 8 8 8 8 8 8 8 8 8 8 8 8 8 8 8 8 8 8 1 1 12 10 1 100 1 12 10 1 100 10 1 100 1 1 1 1 1 1 1 1 1
staticfield org/jetbrains/kotlin/com/intellij/psi/impl/source/tree/LeafPsiElement LOG Lorg/jetbrains/kotlin/com/intellij/openapi/diagnostic/Logger; org/jetbrains/kotlin/com/intellij/openapi/diagnostic/DefaultLogger
ciInstanceKlass org/jetbrains/kotlin/com/intellij/psi/impl/source/tree/PsiWhiteSpaceImpl 1 1 96 1 100 1 7 1 100 1 1 1 1 7 1 1 12 9 1 12 10 1 1 1 1 1 1 1 1 1 12 10 1 7 1 1 12 10 1 1 1 1 1 8 1 1 1 1 12 10 1 100 12 11 1 100 1 1 12 9 1 1 1 8 1 8 1 100 1 100 1 100 8 8 8 8 1 1 12 10 1 100 1 12 10 1 100 10 1 100 1 1 1 1 1 1 1 1
ciInstanceKlass org/jetbrains/kotlin/com/intellij/psi/impl/source/tree/PsiCommentImpl 1 1 129 1 100 1 7 1 100 1 100 1 1 1 1 1 1 12 10 12 10 1 1 1 1 1 1 1 1 1 12 10 1 100 1 1 1 7 1 1 12 10 1 1 1 1 1 100 1 12 10 1 8 1 1 12 10 12 10 1 8 10 1 1 1 100 1 1 12 10 1 100 1 1 1 1 1 1 12 10 1 1 1 1 1 100 1 12 10 1 8 1 8 1 100 1 100 1 100 8 8 8 8 8 8 8 8 8 1 1 12 10 1 100 1 12 10 1 100 10 1 100 1 1 1 1 1 1 1 1 1
ciInstanceKlass org/jetbrains/kotlin/com/intellij/psi/impl/source/CharTableImpl 1 1 387 1 7 1 7 1 100 1 1 100 1 7 1 1 1 1 1 1 12 10 4 1 12 10 12 9 1 1 1 1 1 1 1 12 10 1 7 1 1 12 11 1 1 12 10 1 12 10 1 1 1 1 1 12 10 12 9 1 1 12 10 1 100 1 12 10 1 1 1 1 1 12 10 12 10 1 12 10 1 1 1 7 1 1 12 10 1 1 12 11 1 1 12 11 1 1 1 1 12 10 1 1 1 1 12 10 1 1 1 1 8 1 8 1 8 1 8 1 8 1 8 1 8 1 8 1 8 1 8 1 8 1 8 1 8 1 8 1 8 1 8 1 8 1 8 1 8 1 8 1 8 1 8 1 8 1 8 1 8 1 8 1 8 1 8 1 8 1 8 1 8 1 8 1 8 1 8 1 8 1 8 1 8 1 8 1 8 1 8 1 8 1 8 1 8 1 8 1 8 1 8 1 8 1 8 1 8 1 8 1 8 1 8 1 8 1 8 1 8 1 8 1 8 1 8 1 8 1 8 1 8 1 8 1 8 1 8 1 8 1 8 1 8 1 8 1 8 1 8 1 8 1 8 1 8 1 8 1 8 1 8 1 8 1 8 1 8 1 8 1 8 1 8 1 8 1 8 1 8 1 8 1 1 1 1 1 7 1 1 12 10 1 100 1 7 1 12 10 1 1 12 10 1 1 12 10 1 12 10 1 7 1 1 12 10 12 10 1 1 1 1 1 1 1 7 1 1 12 10 12 10 1 1 1 1 1 1 1 12 10 1 7 12 10 1 8 1 8 1 100 8 8 8 8 8 8 8 8 8 8 8 8 8 1 1 12 10 1 100 12 10 1 100 10 1 100 1 1 1 1 1 1 1 1 1 1 1
staticfield org/jetbrains/kotlin/com/intellij/psi/impl/source/CharTableImpl STATIC_ENTRIES Lorg/jetbrains/kotlin/com/intellij/psi/impl/source/CharTableImpl$StringHashToCharSequencesMap; org/jetbrains/kotlin/com/intellij/psi/impl/source/CharTableImpl$StringHashToCharSequencesMap
ciInstanceKlass org/jetbrains/kotlin/com/intellij/psi/impl/source/CharTableImpl$StringHashToCharSequencesMap 1 1 204 1 7 1 1 7 1 1 7 1 1 100 1 100 1 100 1 1 1 1 1 12 10 1 1 1 1 1 1 1 1 1 1 1 12 10 1 1 12 10 1 1 12 10 1 1 1 1 1 12 10 1 7 1 100 1 1 12 10 1 100 12 9 1 100 1 1 12 10 1 12 10 1 1 1 1 1 1 12 11 1 1 12 11 1 1 1 1 12 10 1 1 1 12 10 1 1 12 10 1 1 12 10 1 16 1 1 12 10 15 16 1 100 1 1 12 10 15 1 1 12 18 1 100 1 1 12 10 1 100 1 1 1 1 1 1 1 1 10 1 1 1 1 1 1 1 1 1 1 1 12 10 1 1 12 10 1 1 1 7 1 1 12 10 1 8 1 8 1 100 8 8 8 8 8 8 8 8 8 1 1 12 10 1 100 1 12 10 1 100 10 1 100 1 1 1 1 1 1 1 1 1 1 1
staticfield org/jetbrains/kotlin/com/intellij/psi/impl/source/CharTableImpl$StringHashToCharSequencesMap $assertionsDisabled Z 1
ciInstanceKlass org/jetbrains/kotlin/com/intellij/openapi/util/text/StringUtil 1 1 2026 1 7 1 7 1 1 100 1 1 100 1 1 100 1 1 100 1 100 1 100 1 100 1 1 100 1 100 1 1 100 1 100 1 1 1 1 8 1 1 8 1 1 1 1 1 1 1 1 1 1 1 1 1 1 1 1 1 1 1 12 10 1 1 1 1 1 1 12 10 1 100 1 100 1 12 10 1 12 10 1 7 1 1 12 11 1 1 1 1 1 1 1 1 1 1 1 3 1 12 10 1 16 1 1 12 10 15 16 1 7 1 1 12 10 15 1 1 12 18 1 100 1 1 12 11 1 1 1 1 1 8 1 8 1 1 12 10 1 8 1 8 1 1 1 1 1 1 1 1 1 16 1 100 1 1 12 10 15 1 16 1 1 12 18 1 100 1 1 1 1 12 10 1 7 1 1 1 1 1 1 12 10 1 1 1 1 10 1 7 1 1 12 10 1 1 12 10 1 1 12 10 12 10 1 12 10 10 1 8 1 1 1 1 1 1 7 10 1 1 1 1 12 10 1 12 10 1 1 100 1 1 12 10 1 1 12 10 1 1 12 10 1 1 1 1 1 12 10 1 1 1 12 10 1 1 1 1 8 1 12 10 1 1 1 1 8 1 12 10 1 8 1 1 1 1 12 10 1 1 12 10 1 1 1 12 10 1 1 12 10 1 1 1 1 11 1 1 1 1 1 12 10 1 1 8 1 8 1 12 10 1 1 1 1 1 1 1 1 1 1 1 1 12 10 1 100 12 9 1 1 1 1 12 10 1 1 1 1 100 1 100 1 1 1 1 1 12 9 12 9 1 100 1 1 12 10 1 1 12 10 1 1 1 1 100 1 12 9 1 100 1 12 10 1 12 10 1 12 10 100 1 1 12 10 1 12 10 1 1 12 10 12 10 1 1 12 10 1 1 1 1 1 1 1 1 1 1 1 1 1 1 12 10 15 16 1 12 18 1 100 1 1 1 1 1 8 1 12 10 1 12 10 1 12 10 1 8 1 8 1 8 1 8 12 10 1 8 1 12 10 1 100 1 1 12 10 12 10 1 8 1 12 10 1 12 10 1 1 1 1 1 1 1 1 12 10 1 1 1 12 10 1 1 1 1 1 12 10 1 12 10 12 10 1 1 100 1 12 10 1 12 10 1 100 10 1 8 1 12 10 1 1 1 1 1 1 1 1 12 10 10 1 100 1 1 12 10 1 1 1 1 1 1 1 1 1 12 10 1 1 1 8 1 12 10 1 1 100 1 12 10 1 1 12 10 1 12 10 1 12 10 1 1 1 1 1 1 1 1 100 12 10 1 1 12 10 10 1 12 10 1 1 1 1 10 1 1 12 10 1 1 12 10 12 10 1 1 1 12 10 1 1 12 10 1 12 10 12 10 12 10 12 10 1 1 12 10 1 1 1 1 1 1 12 10 1 1 1 1 12 10 1 12 10 1 12 10 12 10 1 1 1 8 1 1 1 12 10 11 1 12 10 1 1 12 11 12 10 1 1 10 1 1 12 10 1 1 12 10 1 12 10 1 12 9 1 1 1 1 1 12 10 1 12 10 1 1 10 1 1 1 1 100 12 9 1 100 10 1 100 1 12 11 1 100 1 1 12 10 1 1 12 10 1 1 1 1 1 12 10 1 1 12 10 1 10 12 10 1 1 12 10 12 10 1 12 10 12 10 1 1 12 10 10 1 1 1 100 12 10 1 1 1 12 10 1 1 7 1 1 12 10 1 1 1 1 1 12 10 1 1 1 1 12 10 1 1 1 12 10 1 1 12 10 1 1 1 1 1 100 1 1 12 10 1 100 10 12 10 1 1 12 11 1 1 1 1 1 1 1 1 12 10 1 12 10 1 1 1 16 1 1 12 10 15 1 12 18 1 100 1 100 1 12 10 10 1 1 12 10 1 1 1 1 12 10 1 1 1 12 10 1 100 1 12 11 1 100 1 12 10 1 1 1 1 1 1 1 12 10 1 1 1 1 100 10 1 1 12 10 1 1 1 1 1 1 12 10 1 1 1 1 1 1 1 1 12 10 1 1 1 1 12 10 1 1 1 1 12 10 1 1 1 1 12 10 1 1 12 10 1 1 1 12 10 1 12 10 1 12 10 1 1 1 1 8 1 100 1 12 10 1 100 1 12 10 1 1 1 100 12 10 1 1 12 10 1 1 12 10 1 1 12 10 1 1 12 10 1 12 10 1 1 12 10 1 12 10 1 12 10 1 1 12 10 1 12 10 1 1 1 1 1 100 1 12 11 1 1 1 1 1 1 12 10 1 1 1 7 1 1 12 10 1 100 12 10 1 12 10 1 1 1 1 1 1 1 12 10 1 1 1 1 1 1 1 1 12 10 1 12 10 1 12 10 1 1 1 1 12 10 1 12 10 1 1 12 10 1 1 1 12 10 1 1 1 12 10 1 1 12 10 1 12 10 1 12 10 12 10 1 1 12 10 10 1 12 10 1 12 10 1 1 12 10 1 1 12 10 1 1 12 10 1 12 10 1 12 10 1 12 10 1 10 1 1 12 10 1 1 12 10 1 1 1 1 1 1 12 10 1 1 1 10 1 1 1 12 10 1 100 1 12 10 1 10 1 1 12 10 1 12 10 1 1 1 1 1 1 12 10 1 12 10 1 12 10 1 1 1 1 12 10 1 1 12 10 10 10 1 12 10 1 1 12 10 1 100 10 1 1 12 10 1 12 10 1 1 1 1 1 12 10 1 12 9 12 9 1 12 10 1 8 1 1 12 10 1 12 10 1 8 1 12 10 10 1 1 12 10 10 1 1 1 1 1 1 10 1 1 1 1 1 12 10 10 1 12 10 1 12 10 1 1 1 1 1 1 8 12 10 1 8 1 8 1 1 12 10 1 10 10 1 1 1 12 10 1 1 1 1 1 1 1 8 1 12 10 1 8 1 12 10 1 12 10 1 1 12 10 12 10 1 12 10 1 1 1 1 1 1 1 1 1 1 1 1 12 10 1 1 12 10 12 10 1 8 10 8 1 1 8 1 1 1 7 1 1 12 10 12 10 12 10 12 10 12 10 1 8 1 8 1 12 10 1 1 1 1 1 12 10 1 1 12 10 1 12 10 1 12 10 1 1 12 10 1 1 12 10 1 1 1 8 1 100 1 1 12 10 1 1 1 1 100 1 1 12 9 1 100 12 11 1 1 1 1 12 10 1 1 12 10 1 12 10 1 1 1 1 1 12 10 1 1 1 1 1 12 10 1 1 1 1 1 1 1 1 12 10 1 1 1 1 1 1 1 1 1 1 12 10 1 10 10 1 1 1 1 1 1 1 8 1 1 12 10 1 100 10 1 8 12 10 1 8 1 8 1 1 12 10 1 1 12 10 10 1 1 1 1 1 1 12 10 1 1 1 10 1 1 12 10 1 1 6 0 1 12 10 10 10 10 10 1 1 1 8 10 1 1 12 10 1 100 1 1 1 12 9 1 12 9 1 12 9 1 12 10 12 10 1 12 10 1 1 12 10 1 10 1 12 10 1 1 12 10 1 1 1 1 12 10 1 1 1 1 1 1 1 12 10 1 1 12 10 12 10 1 12 10 1 1 1 1 1 12 10 1 7 1 12 10 10 1 1 1 1 1 100 1 1 12 10 1 12 10 1 1 1 10 1 1 10 1 1 1 1 1 12 9 1 1 12 10 12 10 12 10 1 1 1 8 1 100 1 1 1 1 1 1 8 10 1 1 12 10 1 10 1 12 10 1 1 1 1 12 10 1 1 1 1 11 1 12 11 1 12 11 1 1 12 11 10 1 8 1 1 1 12 10 1 1 1 1 1 1 1 12 10 12 10 15 1 1 12 18 12 9 12 10 15 18 12 9 10 15 18 12 9 1 8 1 8 1 8 1 8 1 8 1 8 1 8 8 1 8 1 8 1 8 1 8 8 1 8 1 8 1 8 8 1 8 1 8 1 8 1 8 8 1 8 1 8 1 8 1 8 1 8 1 8 1 8 1 8 1 8 1 8 1 1 12 10 1 8 1 8 1 8 1 8 100 8 8 8 8 8 8 8 8 8 8 8 8 8 8 8 8 8 8 8 8 8 8 8 8 8 8 8 8 8 8 8 8 8 8 8 8 8 8 8 8 8 8 8 8 8 8 8 8 8 8 8 8 8 8 8 8 8 8 8 8 8 8 8 8 8 8 8 8 8 8 8 8 8 8 8 8 8 8 8 8 8 8 8 8 8 8 8 8 8 8 8 8 8 8 8 8 8 8 8 8 8 8 8 8 8 8 8 8 8 8 8 8 8 8 8 8 8 8 8 8 8 8 8 8 8 8 8 8 8 8 8 8 8 8 8 8 8 8 8 8 8 8 8 8 8 8 8 8 8 8 8 8 8 8 8 8 8 8 8 8 8 8 8 8 8 8 8 8 8 8 8 8 8 8 8 8 8 8 8 8 8 8 8 8 8 8 8 8 8 8 8 8 8 8 8 8 8 8 8 8 8 8 8 8 8 8 8 8 8 8 8 8 8 8 8 8 8 8 8 8 1 1 12 10 1 100 10 1 1 1 1 1 1 1 1 1 1 1 1 1 1 1
staticfield org/jetbrains/kotlin/com/intellij/openapi/util/text/StringUtil QUOTER Ljava/util/function/Function; org/jetbrains/kotlin/com/intellij/openapi/util/text/StringUtil$$Lambda$53+0x000001c9010f08d8
staticfield org/jetbrains/kotlin/com/intellij/openapi/util/text/StringUtil SINGLE_QUOTER Ljava/util/function/Function; org/jetbrains/kotlin/com/intellij/openapi/util/text/StringUtil$$Lambda$54+0x000001c9010f0b10
staticfield org/jetbrains/kotlin/com/intellij/openapi/util/text/StringUtil TRIMMER Ljava/util/function/Function; org/jetbrains/kotlin/com/intellij/openapi/util/text/StringUtil$$Lambda$55+0x000001c9010f0d48
staticfield org/jetbrains/kotlin/com/intellij/openapi/util/text/StringUtil ourPrepositions [Ljava/lang/String; 28 [Ljava/lang/String;
staticfield org/jetbrains/kotlin/com/intellij/openapi/util/text/StringUtil ourOtherNonCapitalizableWords [Ljava/lang/String; 4 [Ljava/lang/String;
staticfield org/jetbrains/kotlin/com/intellij/openapi/util/text/StringUtil MN_QUOTED Ljava/util/List; java/util/Arrays$ArrayList
staticfield org/jetbrains/kotlin/com/intellij/openapi/util/text/StringUtil MN_CHARS Ljava/util/List; java/util/Arrays$ArrayList
staticfield org/jetbrains/kotlin/com/intellij/openapi/util/text/StringUtil UNICODE_CHAR Ljava/util/regex/Pattern; java/util/regex/Pattern
staticfield org/jetbrains/kotlin/com/intellij/openapi/util/text/StringUtil $assertionsDisabled Z 1
ciInstanceKlass org/jetbrains/kotlin/com/intellij/openapi/util/text/Strings 1 1 613 1 7 1 7 1 1 100 1 100 1 1 1 1 1 1 1 1 1 1 1 12 10 1 1 1 1 1 1 1 1 1 1 3 1 7 1 1 12 10 1 12 10 1 1 1 1 1 1 1 1 1 12 10 1 1 1 1 1 7 1 1 12 9 1 7 1 12 10 1 1 1 12 10 1 1 1 1 1 1 12 10 1 1 12 10 1 1 1 1 12 10 1 1 1 1 1 1 12 10 1 1 1 1 12 10 1 12 10 1 1 1 12 10 1 1 1 7 11 1 1 100 1 1 12 10 1 12 10 11 1 12 10 1 12 10 1 1 12 10 1 12 10 1 1 1 100 1 1 1 12 10 1 1 12 10 1 1 12 10 12 10 1 1 12 10 1 1 1 1 1 12 10 1 1 1 1 1 1 1 1 12 10 1 12 10 1 100 10 10 1 1 12 10 1 1 12 10 1 12 10 1 1 12 10 1 1 1 1 100 1 8 1 12 10 1 8 1 12 10 1 1 1 1 1 1 1 12 10 1 1 1 12 10 1 1 12 10 1 12 10 1 1 12 10 1 1 1 100 1 1 12 9 1 12 10 8 12 10 1 8 1 1 12 10 1 1 1 12 10 1 1 12 10 1 12 10 1 12 10 12 10 1 1 12 10 1 100 1 1 12 10 1 1 12 10 1 10 1 12 10 12 10 1 12 10 1 10 1 12 10 1 1 1 100 1 12 10 1 12 10 1 12 10 1 1 1 1 1 1 1 10 12 10 12 10 12 10 1 1 12 10 12 10 1 1 1 1 1 1 1 12 10 1 12 10 1 8 1 8 1 1 12 10 1 1 12 9 1 12 9 1 1 1 1 12 9 12 9 1 1 12 10 1 1 12 9 1 100 1 12 11 1 100 10 1 1 12 11 1 1 12 10 12 10 1 12 10 1 1 1 1 1 1 1 1 7 1 1 12 10 1 12 10 1 1 1 1 1 1 1 1 1 100 11 1 8 11 1 1 12 11 1 100 1 1 12 11 1 100 1 1 12 11 10 1 12 10 1 1 1 1 1 100 11 1 12 11 1 12 10 10 1 12 10 1 1 1 1 1 1 12 10 1 1 1 10 1 12 10 1 1 1 1 1 1 12 10 1 1 1 1 1 1 1 100 1 1 7 1 12 10 1 8 1 8 1 8 1 8 1 8 1 8 1 8 1 8 1 8 1 8 1 7 1 7 1 12 9 1 12 10 12 9 1 8 1 8 100 8 8 8 8 8 8 8 8 8 8 8 8 8 8 8 8 8 8 8 8 8 8 8 8 8 8 8 8 8 8 8 8 8 8 8 8 8 8 8 8 8 8 8 8 1 1 12 10 1 100 10 1 100 1 1 1 1 1 1 1 1 1 1 1
staticfield org/jetbrains/kotlin/com/intellij/openapi/util/text/Strings REPLACES_REFS Ljava/util/List; java/util/Arrays$ArrayList
staticfield org/jetbrains/kotlin/com/intellij/openapi/util/text/Strings REPLACES_DISP Ljava/util/List; java/util/Arrays$ArrayList
staticfield org/jetbrains/kotlin/com/intellij/openapi/util/text/Strings EMPTY_CHAR_SEQUENCE Ljava/lang/CharSequence; org/jetbrains/kotlin/com/intellij/util/text/CharArrayCharSequence
staticfield org/jetbrains/kotlin/com/intellij/openapi/util/text/Strings $assertionsDisabled Z 1
ciInstanceKlass org/jetbrains/kotlin/com/intellij/openapi/util/text/CharSequenceWithStringHash 1 0 27 1 100 1 100 1 100 1 1 1 100 1 8 1 1 12 10 1 1 1 8 1 1 1 8 1 1
ciInstanceKlass org/jetbrains/kotlin/com/intellij/openapi/progress/ProgressIndicator 1 0 45 1 100 1 100 1 1 100 1 100 1 1 1 1 1 1 1 1 1 1 1 1 1 1 1 1 1 1 1 1 1 1 1 1 1 1 1 1 1 100 1 1 1 1 1
ciInstanceKlass org/jetbrains/kotlin/com/intellij/openapi/progress/impl/CoreProgressManager$CheckCanceledBehavior 1 1 55 1 7 1 1 7 1 1 100 1 1 1 1 1 1 1 1 1 12 9 100 1 1 12 10 1 1 1 12 10 1 1 1 1 1 12 10 1 1 8 10 12 9 8 12 9 8 12 9 1 1 1 1 1 1
staticfield org/jetbrains/kotlin/com/intellij/openapi/progress/impl/CoreProgressManager$CheckCanceledBehavior NONE Lorg/jetbrains/kotlin/com/intellij/openapi/progress/impl/CoreProgressManager$CheckCanceledBehavior; org/jetbrains/kotlin/com/intellij/openapi/progress/impl/CoreProgressManager$CheckCanceledBehavior
staticfield org/jetbrains/kotlin/com/intellij/openapi/progress/impl/CoreProgressManager$CheckCanceledBehavior ONLY_HOOKS Lorg/jetbrains/kotlin/com/intellij/openapi/progress/impl/CoreProgressManager$CheckCanceledBehavior; org/jetbrains/kotlin/com/intellij/openapi/progress/impl/CoreProgressManager$CheckCanceledBehavior
staticfield org/jetbrains/kotlin/com/intellij/openapi/progress/impl/CoreProgressManager$CheckCanceledBehavior INDICATOR_PLUS_HOOKS Lorg/jetbrains/kotlin/com/intellij/openapi/progress/impl/CoreProgressManager$CheckCanceledBehavior; org/jetbrains/kotlin/com/intellij/openapi/progress/impl/CoreProgressManager$CheckCanceledBehavior
staticfield org/jetbrains/kotlin/com/intellij/openapi/progress/impl/CoreProgressManager$CheckCanceledBehavior $VALUES [Lorg/jetbrains/kotlin/com/intellij/openapi/progress/impl/CoreProgressManager$CheckCanceledBehavior; 3 [Lorg/jetbrains/kotlin/com/intellij/openapi/progress/impl/CoreProgressManager$CheckCanceledBehavior;
ciInstanceKlass org/jetbrains/kotlin/com/intellij/util/ConcurrencyUtil 1 1 261 1 7 1 100 1 1 100 1 100 1 1 100 1 100 1 1 1 1 1 1 1 12 10 1 7 1 1 12 11 1 1 12 11 1 1 1 1 1 1 1 1 1 1 1 1 1 7 1 12 10 16 1 12 10 15 1 7 1 1 12 10 15 1 1 12 18 1 1 12 10 1 1 1 1 1 1 1 1 1 12 10 1 1 1 100 1 100 1 1 12 9 1 100 1 1 12 10 1 1 12 10 1 12 10 1 1 1 1 1 7 10 1 16 1 1 12 10 15 1 12 18 1 100 1 1 1 1 1 1 12 10 1 1 12 10 1 100 1 1 12 10 1 100 1 12 11 1 1 12 10 1 100 1 1 1 1 1 1 1 1 7 1 12 11 1 7 11 1 12 11 1 1 1 1 12 10 1 1 12 10 1 12 10 1 1 1 8 1 8 1 100 1 8 8 8 8 8 8 8 1 8 1 8 1 8 1 8 8 1 8 8 1 8 8 1 8 8 1 8 1 8 1 8 8 1 8 1 8 1 8 8 8 1 8 1 1 12 10 1 100 12 10 1 100 10 1 100 1 1 1 1 1 1 1 1 1 1 1 1 1
ciInstanceKlass org/jetbrains/kotlin/com/intellij/lang/ASTFactory$DefaultFactoryHolder 1 1 24 1 7 1 100 1 1 100 1 1 1 1 1 1 7 1 12 10 12 9 1 1 1 1
staticfield org/jetbrains/kotlin/com/intellij/lang/ASTFactory$DefaultFactoryHolder DEFAULT Lorg/jetbrains/kotlin/com/intellij/lang/DefaultASTFactoryImpl; org/jetbrains/kotlin/com/intellij/lang/DefaultASTFactoryImpl
instanceKlass org/jetbrains/kotlin/com/intellij/openapi/util/KeyWithDefaultValue$1
ciInstanceKlass org/jetbrains/kotlin/com/intellij/openapi/util/KeyWithDefaultValue 1 1 68 1 100 1 1 7 1 1 7 1 1 1 1 1 1 12 10 12 10 1 1 1 1 1 1 1 1 1 1 1 1 12 10 1 1 1 1 8 1 100 1 100 1 100 8 1 8 8 8 8 1 1 12 10 1 100 10 1 1 1 1 1 1 1 1 1 1 1
ciInstanceKlass org/jetbrains/kotlin/com/intellij/psi/tree/IElementType$Predicate 1 0 18 1 100 1 100 1 1 1 100 1 1 1 1 1 1 1 1 1
ciInstanceKlass org/jetbrains/kotlin/com/intellij/psi/impl/source/tree/JavaASTFactory 1 1 144 1 7 1 7 1 1 1 1 1 1 1 12 10 1 7 1 1 12 10 1 7 1 7 1 1 12 11 12 9 1 1 1 1 1 1 1 12 10 1 7 1 1 12 9 1 12 9 1 12 11 1 100 1 100 1 12 9 1 7 1 12 10 1 7 1 1 12 9 1 7 1 1 12 10 1 7 1 12 10 1 7 1 7 10 1 100 12 9 1 100 1 12 9 1 100 10 1 100 10 1 1 1 1 1 1 100 10 1 1 7 1 1 12 10 1 8 1 100 1 100 1 100 8 8 8 8 8 1 1 12 10 1 100 1 12 10 1 1 1 1 1 1 1
staticfield org/jetbrains/kotlin/com/intellij/psi/impl/source/tree/JavaASTFactory $assertionsDisabled Z 1
ciInstanceKlass org/jetbrains/kotlin/com/intellij/psi/impl/source/tree/java/PsiIdentifierImpl 1 1 91 1 100 1 7 1 100 1 100 1 1 1 1 7 1 1 12 9 1 12 10 1 1 1 1 1 1 1 1 1 1 1 12 10 1 7 1 1 12 10 1 100 1 1 12 10 1 1 1 1 1 100 1 12 10 1 8 1 1 12 10 1 12 10 12 10 1 8 1 100 8 8 8 1 100 1 1 12 10 1 100 1 12 10 1 1 1 1 1 1 1
ciInstanceKlass org/jetbrains/kotlin/com/intellij/psi/impl/source/tree/java/PsiKeywordImpl 1 1 120 1 100 1 7 1 100 1 7 1 1 1 1 1 1 12 10 12 10 1 1 1 1 1 1 1 1 1 12 10 1 1 1 7 1 1 12 10 1 100 1 1 12 10 1 1 1 1 1 100 1 12 10 1 8 1 1 12 10 1 12 10 12 10 1 1 7 1 1 12 10 1 100 1 7 1 12 10 1 7 1 1 12 10 1 7 1 1 12 10 1 1 1 8 1 100 1 100 1 100 8 8 8 8 8 1 1 12 10 1 100 12 10 1 1 1 1 1 1 1
ciInstanceKlass org/jetbrains/kotlin/com/intellij/psi/impl/source/tree/java/PsiJavaTokenImpl 1 1 91 1 100 1 7 1 100 1 1 1 1 1 1 12 10 12 10 1 1 1 1 1 1 1 1 1 12 10 1 1 1 7 1 1 12 10 1 100 1 1 12 10 1 1 1 1 1 100 1 12 10 1 8 1 1 12 10 1 100 12 10 10 1 8 1 100 1 100 1 100 8 8 8 8 8 1 1 12 10 1 100 1 12 10 1 1 1 1 1 1 1
ciInstanceKlass org/jetbrains/kotlin/com/intellij/psi/impl/source/javadoc/PsiDocTokenImpl 0 0 118 1 100 1 100 1 100 1 1 1 1 1 1 12 10 12 10 1 1 1 1 1 1 1 1 1 12 10 1 1 1 100 1 1 12 10 1 100 1 1 12 10 1 1 1 1 12 10 1 100 1 12 9 1 100 1 1 12 10 1 100 12 10 1 1 1 100 1 12 10 1 8 1 1 12 10 1 100 12 10 10 1 8 1 8 1 100 1 100 1 100 8 8 8 8 8 8 1 1 12 10 1 100 1 12 10 1 100 10 1 100 1 1 1 1 1 1 1
ciInstanceKlass org/jetbrains/kotlin/com/intellij/util/keyFMap/OneElementFMap 1 1 142 1 7 1 1 7 1 100 1 1 1 1 1 1 1 1 1 1 1 1 1 12 10 1 12 10 12 9 12 9 1 1 1 1 1 1 1 1 1 100 12 10 1 7 1 12 10 1 1 1 1 1 1 1 12 9 1 1 1 1 1 1 1 1 1 100 1 1 1 100 10 1 8 1 1 12 10 1 12 10 1 8 1 8 12 10 1 1 1 1 12 10 1 1 1 1 12 10 10 1 8 1 8 1 100 1 100 8 8 8 8 8 8 8 8 8 1 8 1 1 12 10 1 100 1 12 10 1 100 10 1 100 1 1 1 1 1 1 1 1 1 1
ciInstanceKlass org/jetbrains/kotlin/idea/KotlinLanguage 1 1 36 1 7 1 7 1 1 1 1 1 1 1 8 1 1 1 8 1 12 10 1 1 1 1 1 1 12 10 12 9 1 1 1 1 1 1
staticfield org/jetbrains/kotlin/idea/KotlinLanguage INSTANCE Lorg/jetbrains/kotlin/idea/KotlinLanguage; org/jetbrains/kotlin/idea/KotlinLanguage
ciInstanceKlass org/jetbrains/kotlin/parsing/KotlinParserDefinition 1 1 276 1 7 1 7 1 100 1 1 1 3 3 3 1 1 3 1 1 1 1 1 1 1 1 1 1 1 1 1 1 1 1 1 1 1 1 1 1 1 1 1 1 1 1 1 1 1 1 1 1 1 1 100 1 1 7 1 1 1 1 1 1 1 12 10 1 1 8 1 7 1 1 12 10 1 7 10 1 7 1 1 100 1 12 10 1 100 1 1 7 1 1 12 9 8 1 12 10 1 7 1 1 7 1 12 9 8 1 12 9 8 1 12 9 8 1 8 1 7 1 1 12 11 1 8 1 7 1 1 12 10 1 8 1 7 1 100 1 100 1 12 9 1 1 12 10 1 12 9 1 12 9 1 100 1 12 10 1 7 1 12 10 1 8 1 100 1 1 12 9 1 100 10 1 7 1 12 10 1 1 1 8 1 7 1 12 10 1 7 1 1 1 1 8 8 1 1 12 9 1 12 9 1 12 9 1 100 1 12 9 1 1 12 11 1 8 1 100 1 100 1 1 12 10 1 1 12 9 1 12 9 1 1 1 1 1 1 1 1 1 1 12 10 12 9 1 8 12 9 1 7 10 1 1 12 10 1 12 10 1 1 12 10 12 9 1 1 1 1 1 1 1 1 1 1 1
staticfield org/jetbrains/kotlin/parsing/KotlinParserDefinition Companion Lorg/jetbrains/kotlin/parsing/KotlinParserDefinition$Companion; org/jetbrains/kotlin/parsing/KotlinParserDefinition$Companion
staticfield org/jetbrains/kotlin/parsing/KotlinParserDefinition STD_SCRIPT_SUFFIX Ljava/lang/String; "kts"staticfield org/jetbrains/kotlin/parsing/KotlinParserDefinition STD_SCRIPT_EXT Ljava/lang/String; ".kts"ciInstanceKlass org/jetbrains/kotlin/com/intellij/psi/LanguageFileViewProviders 1 1 27 1 7 1 1 7 1 1 1 1 1 1 8 1 12 10 1 1 12 10 12 9 1 1 1 1 1
staticfield org/jetbrains/kotlin/com/intellij/psi/LanguageFileViewProviders INSTANCE Lorg/jetbrains/kotlin/com/intellij/psi/LanguageFileViewProviders; org/jetbrains/kotlin/com/intellij/psi/LanguageFileViewProviders
instanceKlass org/jetbrains/kotlin/psi/KtCodeFragment
ciInstanceKlass org/jetbrains/kotlin/psi/KtFile 1 1 750 1 7 1 7 1 100 1 100 1 100 1 100 1 100 1 100 1 1 1 3 3 3 1 1 3 1 1 1 1 1 1 1 1 1 1 1 1 1 1 1 1 1 1 1 1 1 1 1 1 1 1 1 1 1 1 1 1 1 1 1 1 1 1 1 1 1 1 1 1 1 1 1 1 1 1 1 1 1 1 1 1 1 1 1 1 1 1 1 1 1 1 1 1 1 1 1 1 1 1 1 1 1 1 1 1 1 1 1 1 1 1 1 1 1 1 1 1 1 1 1 1 1 1 1 1 1 1 1 1 1 1 1 1 1 1 1 1 1 1 1 1 1 1 1 1 1 1 1 7 1 1 1 1 1 1 1 1 1 8 1 7 1 1 12 10 1 7 1 1 12 9 1 7 1 12 10 12 9 1 12 10 1 100 1 1 12 10 1 7 1 7 1 12 9 8 1 12 10 12 10 1 7 1 12 9 8 1 7 12 10 1 1 7 1 12 10 1 7 1 12 10 1 8 1 7 1 7 1 1 12 10 1 7 1 1 1 1 1 1 1 1 1 1 1 1 1 1 1 12 10 1 12 9 1 100 1 100 1 1 12 11 1 100 1 1 12 11 1 7 12 10 1 1 1 1 1 12 10 1 7 1 12 9 1 7 1 1 12 11 1 7 11 1 8 1 12 10 1 1 12 11 1 100 12 10 1 100 8 12 10 1 12 10 1 100 1 1 12 10 1 8 1 12 10 1 1 12 10 1 7 1 1 12 10 1 1 12 10 1 12 9 8 12 9 1 7 1 12 10 12 11 1 7 1 7 1 1 12 10 1 1 12 10 1 1 1 1 1 12 9 1 100 1 1 12 10 1 7 1 12 10 1 8 1 1 12 10 1 1 12 9 1 7 1 100 1 1 12 10 1 1 12 11 1 100 1 100 1 1 12 10 1 8 1 100 1 12 10 12 10 1 8 1 1 1 1 100 1 12 9 8 1 100 1 100 10 1 8 1 1 12 10 1 12 10 12 10 1 12 9 1 7 1 1 12 9 1 12 11 1 100 1 1 12 10 1 1 12 10 1 8 1 8 8 1 100 1 100 1 1 12 10 1 1 1 100 10 1 8 1 8 1 7 1 1 8 12 10 1 1 12 11 1 7 1 12 11 1 1 12 11 1 100 1 12 10 1 1 12 10 1 1 1 1 1 8 1 1 12 10 1 12 10 1 100 1 1 1 100 1 1 12 10 1 12 10 1 1 12 10 1 1 1 10 1 12 10 1 8 1 7 1 12 10 1 100 1 100 1 8 1 1 12 10 1 12 10 1 8 1 8 10 1 12 10 1 1 100 1 100 1 12 11 1 1 12 11 1 100 1 1 12 9 8 100 1 1 8 12 10 12 9 12 10 12 10 1 12 11 1 7 1 7 1 7 1 7 1 7 1 1 12 10 1 1 1 1 1 8 1 7 12 10 1 100 1 100 1 1 12 10 1 1 1 100 1 1 12 10 1 1 1 12 10 1 12 10 12 10 1 12 10 10 1 1 100 12 10 1 100 1 12 9 1 100 1 1 12 10 10 1 1 12 10 1 100 1 1 12 10 1 12 10 1 1 1 8 1 1 1 1 12 10 12 9 1 7 1 7 1 12 9 1 1 12 9 1 1 12 10 1 1 12 10 1 8 1 1 1 1 1 1 1 1 1 1 1 1 1
staticfield org/jetbrains/kotlin/psi/KtFile Companion Lorg/jetbrains/kotlin/psi/KtFile$Companion; org/jetbrains/kotlin/psi/KtFile$Companion
staticfield org/jetbrains/kotlin/psi/KtFile FILE_DECLARATION_TYPES Lorg/jetbrains/kotlin/com/intellij/psi/tree/TokenSet; org/jetbrains/kotlin/com/intellij/psi/tree/TokenSet
ciInstanceKlass org/jetbrains/kotlin/com/intellij/psi/tree/TokenSet 1 1 313 1 7 1 7 1 1 100 1 1 100 1 7 1 1 100 1 100 1 1 1 1 1 1 1 1 1 1 1 1 1 1 1 1 1 1 1 1 12 10 12 9 12 9 1 7 1 12 9 100 12 9 12 9 1 1 1 1 1 1 1 1 1 1 1 1 1 1 1 1 1 12 10 12 10 1 12 11 1 1 1 1 1 1 16 12 10 15 1 100 1 1 12 10 15 1 12 18 1 1 12 10 1 1 12 10 7 12 9 1 12 9 1 7 10 1 7 1 12 10 1 1 12 10 1 7 1 1 12 11 1 1 12 11 1 1 1 1 1 1 1 12 10 1 100 1 12 10 1 1 12 9 1 7 12 9 12 9 1 12 10 12 9 1 100 1 100 10 1 8 1 1 12 10 1 100 1 1 12 10 12 10 1 12 10 12 10 1 1 1 1 1 1 1 1 100 1 7 1 1 12 10 1 1 12 11 1 12 11 1 12 11 1 12 10 1 1 1 1 1 1 1 1 1 1 12 10 15 1 12 18 12 10 1 1 1 1 1 1 1 12 10 15 18 5 0 1 1 1 100 1 1 12 10 1 1 7 1 12 10 1 12 9 12 10 12 9 1 8 1 8 1 100 1 100 8 8 8 8 8 8 8 8 8 8 8 8 8 1 1 12 10 1 100 1 12 10 1 100 10 1 100 1 1 1 1 1 1 1 1 1 1 1
staticfield org/jetbrains/kotlin/com/intellij/psi/tree/TokenSet EMPTY Lorg/jetbrains/kotlin/com/intellij/psi/tree/TokenSet; org/jetbrains/kotlin/com/intellij/psi/tree/TokenSet
staticfield org/jetbrains/kotlin/com/intellij/psi/tree/TokenSet ANY Lorg/jetbrains/kotlin/com/intellij/psi/tree/TokenSet; org/jetbrains/kotlin/com/intellij/psi/tree/TokenSet
staticfield org/jetbrains/kotlin/com/intellij/psi/tree/TokenSet WHITE_SPACE Lorg/jetbrains/kotlin/com/intellij/psi/tree/TokenSet; org/jetbrains/kotlin/com/intellij/psi/tree/TokenSet
staticfield org/jetbrains/kotlin/com/intellij/psi/tree/TokenSet $assertionsDisabled Z 1
instanceKlass org/jetbrains/kotlin/kdoc/lexer/KDocToken
instanceKlass org/jetbrains/kotlin/lexer/KtSingleValueToken
ciInstanceKlass org/jetbrains/kotlin/lexer/KtToken 1 1 60 1 7 1 7 1 1 1 1 1 1 1 1 1 1 12 10 1 12 10 1 1 1 1 1 7 1 1 12 9 1 12 10 12 9 1 8 1 100 8 8 8 1 100 1 1 12 10 1 100 12 10 1 1 1 1 1 1 1 1
instanceKlass org/jetbrains/kotlin/psi/KtEnumEntry
ciInstanceKlass org/jetbrains/kotlin/psi/KtClass 1 1 199 1 7 1 7 1 1 1 3 3 3 1 1 3 1 1 1 1 1 1 1 1 1 1 1 1 1 1 1 1 1 1 1 1 1 1 1 1 1 1 1 1 1 1 1 1 1 1 1 1 1 1 1 1 1 1 8 1 7 1 1 12 10 12 10 1 7 1 7 1 1 12 9 1 12 9 1 7 1 1 12 10 1 8 1 12 10 12 9 1 8 1 100 1 100 1 1 12 9 8 1 100 1 12 10 1 8 1 7 1 1 12 10 1 1 1 12 10 1 100 1 1 1 1 12 10 1 100 12 10 1 100 1 100 1 12 10 1 12 10 12 11 1 1 12 10 1 1 12 9 1 1 12 10 1 12 9 1 12 9 1 12 9 1 12 9 1 1 12 10 1 1 1 12 10 1 1 12 10 1 12 9 1 100 1 1 12 10 1 100 1 1 1 1 1 1 1 1 1
instanceKlass org/jetbrains/kotlin/lexer/KtKeywordToken
ciInstanceKlass org/jetbrains/kotlin/lexer/KtSingleValueToken 1 1 70 1 7 1 7 1 1 1 1 1 1 1 1 1 1 12 10 1 12 10 12 9 1 1 1 1 1 1 12 10 1 1 1 1 1 100 1 8 1 8 1 100 1 100 8 8 8 8 8 1 1 12 10 1 100 10 1 100 10 1 100 1 1 1 1 1 1 1 1 1
instanceKlass org/jetbrains/kotlin/lexer/KtModifierKeywordToken
ciInstanceKlass org/jetbrains/kotlin/lexer/KtKeywordToken 1 1 78 1 7 1 7 1 1 1 1 1 1 1 12 10 1 1 1 1 12 10 1 1 1 1 12 10 1 1 12 10 1 1 1 1 1 12 10 1 12 10 12 9 1 1 1 1 12 10 1 1 8 1 100 1 100 1 100 8 8 8 8 1 1 12 10 1 100 1 12 10 1 1 1 1 1 1 1 1
ciInstanceKlass org/jetbrains/kotlin/lexer/KtModifierKeywordToken 1 1 64 1 7 1 7 1 1 1 1 1 1 12 10 1 1 1 1 12 10 1 1 1 1 1 1 1 12 10 10 1 1 1 1 1 10 1 8 1 100 1 100 1 100 8 8 8 8 1 1 12 10 1 100 1 12 10 1 1 1 1 1 1 1 1
ciInstanceKlass org/jetbrains/kotlin/psi/stubs/elements/KtNameReferenceExpressionElementType 1 1 132 1 100 1 1 7 1 1 1 1 1 1 1 12 10 1 7 1 7 1 12 10 1 1 1 1 1 1 1 100 1 100 1 1 12 10 1 100 1 1 12 10 1 12 10 1 1 1 1 1 1 1 100 1 100 11 1 12 10 1 1 12 10 1 1 12 10 1 1 1 1 1 1 1 100 1 1 12 10 1 12 10 1 12 10 1 1 1 1 1 12 10 1 12 10 1 12 10 1 8 1 100 1 100 1 100 8 8 8 8 8 8 8 8 8 1 1 12 10 1 100 12 10 1 1 1 1 1 1 1 1 1
ciInstanceKlass org/jetbrains/kotlin/psi/stubs/elements/KtUserTypeElementType 1 1 281 1 100 1 1 7 1 1 100 1 100 1 1 1 1 1 1 1 12 10 1 7 1 7 1 12 10 1 1 1 1 1 1 1 100 1 100 1 12 10 1 1 1 1 1 1 1 100 1 100 1 1 12 10 1 1 12 10 1 1 1 1 1 1 1 12 10 1 1 12 10 1 12 10 1 100 1 1 12 10 1 100 1 1 12 10 1 100 1 1 12 11 1 1 12 10 1 1 12 10 1 100 1 12 11 1 1 12 11 1 100 1 12 11 1 1 12 11 1 100 1 1 12 10 1 100 10 1 1 12 9 1 12 10 1 100 1 1 12 10 1 12 10 1 12 10 1 100 1 12 10 10 1 1 1 1 1 1 1 1 1 1 1 100 1 1 12 10 1 1 1 12 10 1 12 10 1 1 12 9 1 1 12 10 1 100 1 1 12 10 1 100 1 12 10 1 100 1 12 10 1 12 10 1 12 10 1 1 12 11 1 12 10 1 12 10 1 100 1 12 10 1 12 10 1 1 1 1 1 1 1 1 1 1 1 1 1 12 10 1 12 10 1 12 10 1 8 1 100 1 100 8 8 8 8 8 8 8 8 8 8 8 1 1 12 10 1 100 12 10 1 1 1 1 1 1 1 1 1 1 1
ciInstanceKlass org/jetbrains/kotlin/com/intellij/psi/TokenType 1 1 58 1 7 1 100 1 1 7 1 1 1 1 1 1 1 1 1 1 7 1 12 10 12 9 1 7 8 1 7 1 1 12 9 1 12 10 12 9 8 12 9 8 10 12 9 1 7 8 10 12 9 8 12 9 1 1 1 1
staticfield org/jetbrains/kotlin/com/intellij/psi/TokenType WHITE_SPACE Lorg/jetbrains/kotlin/com/intellij/psi/tree/IElementType; org/jetbrains/kotlin/com/intellij/psi/WhiteSpaceTokenType
staticfield org/jetbrains/kotlin/com/intellij/psi/TokenType BAD_CHARACTER Lorg/jetbrains/kotlin/com/intellij/psi/tree/IElementType; org/jetbrains/kotlin/com/intellij/psi/tree/IElementType
staticfield org/jetbrains/kotlin/com/intellij/psi/TokenType NEW_LINE_INDENT Lorg/jetbrains/kotlin/com/intellij/psi/tree/IElementType; org/jetbrains/kotlin/com/intellij/psi/tree/IElementType
staticfield org/jetbrains/kotlin/com/intellij/psi/TokenType ERROR_ELEMENT Lorg/jetbrains/kotlin/com/intellij/psi/tree/IElementType; org/jetbrains/kotlin/com/intellij/psi/TokenType$1
staticfield org/jetbrains/kotlin/com/intellij/psi/TokenType CODE_FRAGMENT Lorg/jetbrains/kotlin/com/intellij/psi/tree/IElementType; org/jetbrains/kotlin/com/intellij/psi/tree/IFileElementType
staticfield org/jetbrains/kotlin/com/intellij/psi/TokenType DUMMY_HOLDER Lorg/jetbrains/kotlin/com/intellij/psi/tree/IElementType; org/jetbrains/kotlin/com/intellij/psi/tree/IFileElementType
ciInstanceKlass org/jetbrains/kotlin/com/intellij/psi/WhiteSpaceTokenType 1 1 114 1 100 1 1 7 1 100 1 1 1 1 8 1 7 1 1 12 9 1 12 10 1 1 1 1 1 1 1 1 12 10 1 100 1 100 1 1 12 11 1 100 1 1 12 11 1 100 1 1 12 9 1 1 12 10 1 100 1 1 12 11 1 1 12 11 1 100 1 1 12 10 1 12 11 1 1 1 1 1 1 1 1 1 1 8 1 100 1 100 1 100 8 8 8 8 1 1 12 10 1 100 1 12 10 1 1 1 1 1 1 1 1 1
instanceKlass org/jetbrains/kotlin/com/intellij/util/text/ImmutableText
ciInstanceKlass org/jetbrains/kotlin/com/intellij/util/text/ImmutableCharSequence 1 1 102 1 7 1 7 1 7 1 1 1 12 10 1 1 1 1 1 1 3 1 1 1 12 10 1 1 12 10 1 1 12 11 1 1 1 7 1 1 12 10 1 1 1 1 1 1 1 12 10 12 10 1 1 1 1 1 8 1 100 1 100 8 8 8 8 8 8 1 1 12 10 1 100 1 12 10 1 1 1 1 1 1 1 1 1 100 1 8 1 1 12 10 1 1 1 8 1 1 1 8 1 1
ciInstanceKlass org/jetbrains/kotlin/com/intellij/util/text/ImmutableText 1 1 285 1 7 1 7 1 100 1 100 1 1 100 1 7 1 1 7 1 1 1 1 1 1 1 1 1 1 1 1 12 10 12 9 1 1 1 1 1 1 1 12 10 1 7 1 12 10 1 7 1 12 10 1 1 1 7 12 10 1 1 12 11 12 9 1 1 12 11 1 1 1 10 1 1 12 10 1 1 12 11 1 12 10 1 1 1 1 12 10 1 1 12 10 1 1 1 1 12 10 1 1 1 1 1 12 10 1 12 10 1 100 10 12 10 12 10 1 1 1 1 7 1 12 10 1 1 1 100 1 1 12 10 1 12 9 1 100 1 1 12 10 1 1 1 12 9 12 9 12 9 1 1 12 10 1 12 9 12 11 1 1 1 12 10 1 12 10 1 12 9 1 12 9 1 1 1 1 1 100 10 1 8 1 1 12 10 1 12 10 1 8 10 1 12 10 1 1 1 12 10 1 1 1 12 10 10 10 1 1 12 10 1 1 12 10 1 1 12 10 1 12 10 1 1 1 1 1 1 1 1 1 1 1 1 1 1 1 8 1 8 1 8 1 100 1 100 8 8 8 1 8 8 8 8 8 8 8 8 8 8 8 8 8 8 1 1 12 10 1 100 10 1 100 10 1 100 1 1 1 1 1 1 1 1 1
staticfield org/jetbrains/kotlin/com/intellij/util/text/ImmutableText EMPTY Lorg/jetbrains/kotlin/com/intellij/util/text/ImmutableText; org/jetbrains/kotlin/com/intellij/util/text/ImmutableText
ciInstanceKlass org/jetbrains/kotlin/com/intellij/util/keyFMap/ArrayBackedFMap 1 1 219 1 7 1 7 1 100 1 1 1 1 1 1 1 1 1 1 12 10 1 12 10 12 9 12 9 1 1 1 1 1 1 7 1 1 12 10 1 1 12 10 100 1 1 12 10 12 10 1 12 10 1 7 1 1 12 10 1 12 10 1 100 1 12 10 1 1 1 1 1 1 1 1 1 1 1 1 1 1 1 1 1 12 10 1 1 12 9 1 100 1 12 10 1 100 1 12 10 1 1 12 10 1 1 12 9 1 12 10 1 1 1 1 1 1 1 1 1 1 1 1 100 1 8 1 12 10 1 12 10 1 8 1 8 1 100 1 1 12 10 1 12 10 1 8 1 8 12 10 1 1 1 1 1 1 1 1 12 10 1 100 100 1 100 1 1 12 10 1 1 1 1 10 1 1 1 12 10 1 1 8 1 8 8 8 8 8 8 8 8 8 8 8 8 8 1 8 1 1 12 10 1 100 10 1 100 10 1 100 1 1 1 1 1 1 1 1 1 1
ciInstanceKlass org/jetbrains/kotlin/lexer/KtTokens 1 1 1212 1 7 1 100 1 1 1 3 1 3 1 3 1 3 1 3 1 3 1 3 1 3 1 3 1 3 1 3 1 3 1 3 1 3 1 3 1 3 1 3 1 3 1 3 1 3 1 3 1 3 1 3 1 3 1 3 1 3 1 3 1 3 1 3 1 3 1 3 1 3 1 3 1 3 1 3 1 3 1 3 1 3 1 3 1 3 1 3 1 3 1 3 1 3 1 3 1 3 1 3 1 3 1 3 1 3 1 3 1 3 1 3 1 3 1 3 1 3 1 3 1 3 1 3 1 3 1 3 1 3 1 3 1 3 1 3 1 3 1 3 1 3 1 3 1 3 1 3 1 3 1 3 1 3 1 3 1 3 1 3 1 3 1 3 1 3 1 3 1 3 1 3 1 3 1 3 1 3 1 3 1 3 1 3 1 3 1 3 1 3 1 3 1 3 1 3 1 3 1 3 1 3 1 3 1 3 1 3 1 3 1 3 1 3 1 3 1 3 1 3 1 3 1 3 1 3 1 3 1 3 1 3 1 3 1 3 1 3 1 3 1 3 1 3 1 3 1 3 1 3 1 3 1 3 1 3 1 3 1 3 1 3 1 3 1 3 1 3 1 3 1 3 1 3 1 3 1 3 1 3 1 3 1 3 1 3 1 3 1 3 1 3 1 3 1 3 1 3 1 3 1 3 1 3 1 1 1 1 1 1 1 1 1 1 1 1 1 1 1 1 1 1 1 1 1 1 1 1 1 1 1 1 1 1 1 1 1 1 1 1 1 1 1 1 1 1 1 1 1 1 1 1 1 1 1 1 1 1 1 1 1 1 1 1 1 1 1 1 1 1 1 1 1 1 1 1 1 1 1 1 1 1 1 1 1 1 1 1 1 1 1 1 1 1 1 1 1 1 1 1 1 1 1 1 1 1 1 1 1 1 1 1 1 1 1 1 1 1 1 1 1 1 1 1 1 1 1 1 1 1 1 1 1 1 1 1 1 1 1 1 1 1 1 1 1 1 1 1 1 1 1 1 1 1 1 1 1 1 1 1 1 1 1 1 1 1 1 1 1 1 1 1 1 1 1 1 1 1 1 1 1 1 1 7 8 1 1 12 10 12 9 8 12 9 8 12 9 8 12 9 8 12 9 1 7 1 1 12 9 12 9 1 7 12 9 9 8 12 9 1 8 12 9 8 12 9 8 12 9 8 12 9 8 12 9 8 12 9 8 12 9 8 12 9 8 12 9 8 12 9 1 8 1 7 1 1 12 10 12 9 1 8 12 9 1 8 12 9 1 8 12 9 1 8 12 9 1 8 12 9 1 8 12 9 1 8 12 9 1 8 1 7 1 1 12 10 12 9 1 8 12 9 1 8 12 9 1 8 12 9 1 8 12 9 1 8 12 9 1 8 12 9 1 8 12 9 1 8 12 9 1 8 12 9 1 8 12 9 1 8 12 9 1 8 12 9 1 8 12 9 1 8 12 9 1 8 12 9 1 8 12 9 1 8 12 9 1 8 12 9 1 8 12 9 8 12 9 8 12 9 8 12 9 1 7 8 1 8 1 12 10 12 9 8 1 8 12 9 8 1 8 12 9 8 1 8 12 9 8 1 8 12 9 8 1 8 12 9 8 1 8 12 9 8 1 8 12 9 8 1 8 12 9 8 1 8 12 9 8 1 8 12 9 8 1 8 12 9 8 1 8 12 9 8 1 8 12 9 8 1 8 12 9 8 1 8 12 9 8 1 8 12 9 8 1 8 12 9 8 1 8 12 9 8 1 8 12 9 8 1 8 12 9 8 1 8 12 9 8 1 8 12 9 8 1 8 12 9 8 1 8 12 9 8 1 8 12 9 8 1 8 12 9 8 1 8 12 9 8 1 8 12 9 8 1 8 12 9 8 1 8 12 9 8 1 8 12 9 8 1 8 12 9 8 1 8 12 9 8 1 8 12 9 8 1 8 12 9 8 1 8 12 9 8 1 8 12 9 8 1 8 12 9 8 1 8 12 9 8 1 8 12 9 8 1 8 12 9 8 1 8 12 9 8 1 8 12 9 8 1 8 1 12 10 12 9 8 1 8 12 9 8 1 8 12 9 8 1 8 12 9 8 1 8 12 9 8 12 9 1 8 1 12 10 12 9 1 8 12 9 1 8 12 9 1 8 12 9 1 8 12 9 1 8 12 9 1 8 12 9 1 8 12 9 1 8 12 9 1 8 12 9 1 8 12 9 1 8 12 9 1 8 12 9 1 8 12 9 1 8 12 9 1 8 1 12 10 12 9 1 8 12 9 1 8 12 9 1 8 12 9 1 8 12 9 1 8 12 9 1 8 12 9 1 8 12 9 1 8 12 9 1 8 12 9 1 8 12 9 1 8 12 9 1 8 12 9 1 8 12 9 1 8 12 9 1 8 12 9 1 8 12 9 12 9 1 8 12 9 1 8 12 9 1 8 12 9 1 8 12 9 1 8 12 9 1 8 12 9 1 8 12 9 1 8 12 9 1 8 12 9 1 8 12 9 1 8 12 9 1 8 12 9 1 8 12 9 1 8 12 9 1 8 12 9 1 8 12 9 1 8 12 9 1 8 12 9 1 8 12 9 1 7 1 7 1 1 12 10 12 9 12 9 12 9 12 9 12 9 12 9 12 9 12 9 12 9 12 9 12 9 1 1 12 10 12 9 12 9 12 9 12 9 12 9 12 9 1 7 1 12 9 1 12 9 12 9 1 1 1 1
staticfield org/jetbrains/kotlin/lexer/KtTokens EOF Lorg/jetbrains/kotlin/lexer/KtToken; org/jetbrains/kotlin/lexer/KtToken
staticfield org/jetbrains/kotlin/lexer/KtTokens RESERVED Lorg/jetbrains/kotlin/lexer/KtToken; org/jetbrains/kotlin/lexer/KtToken
staticfield org/jetbrains/kotlin/lexer/KtTokens BLOCK_COMMENT Lorg/jetbrains/kotlin/lexer/KtToken; org/jetbrains/kotlin/lexer/KtToken
staticfield org/jetbrains/kotlin/lexer/KtTokens EOL_COMMENT Lorg/jetbrains/kotlin/lexer/KtToken; org/jetbrains/kotlin/lexer/KtToken
staticfield org/jetbrains/kotlin/lexer/KtTokens SHEBANG_COMMENT Lorg/jetbrains/kotlin/lexer/KtToken; org/jetbrains/kotlin/lexer/KtToken
staticfield org/jetbrains/kotlin/lexer/KtTokens DOC_COMMENT Lorg/jetbrains/kotlin/com/intellij/psi/tree/IElementType; org/jetbrains/kotlin/kdoc/lexer/KDocTokens$1
staticfield org/jetbrains/kotlin/lexer/KtTokens WHITE_SPACE Lorg/jetbrains/kotlin/com/intellij/psi/tree/IElementType; org/jetbrains/kotlin/com/intellij/psi/WhiteSpaceTokenType
staticfield org/jetbrains/kotlin/lexer/KtTokens INTEGER_LITERAL Lorg/jetbrains/kotlin/lexer/KtToken; org/jetbrains/kotlin/lexer/KtToken
staticfield org/jetbrains/kotlin/lexer/KtTokens FLOAT_LITERAL Lorg/jetbrains/kotlin/lexer/KtToken; org/jetbrains/kotlin/lexer/KtToken
staticfield org/jetbrains/kotlin/lexer/KtTokens CHARACTER_LITERAL Lorg/jetbrains/kotlin/lexer/KtToken; org/jetbrains/kotlin/lexer/KtToken
staticfield org/jetbrains/kotlin/lexer/KtTokens CLOSING_QUOTE Lorg/jetbrains/kotlin/lexer/KtToken; org/jetbrains/kotlin/lexer/KtToken
staticfield org/jetbrains/kotlin/lexer/KtTokens OPEN_QUOTE Lorg/jetbrains/kotlin/lexer/KtToken; org/jetbrains/kotlin/lexer/KtToken
staticfield org/jetbrains/kotlin/lexer/KtTokens REGULAR_STRING_PART Lorg/jetbrains/kotlin/lexer/KtToken; org/jetbrains/kotlin/lexer/KtToken
staticfield org/jetbrains/kotlin/lexer/KtTokens ESCAPE_SEQUENCE Lorg/jetbrains/kotlin/lexer/KtToken; org/jetbrains/kotlin/lexer/KtToken
staticfield org/jetbrains/kotlin/lexer/KtTokens SHORT_TEMPLATE_ENTRY_START Lorg/jetbrains/kotlin/lexer/KtToken; org/jetbrains/kotlin/lexer/KtToken
staticfield org/jetbrains/kotlin/lexer/KtTokens LONG_TEMPLATE_ENTRY_START Lorg/jetbrains/kotlin/lexer/KtToken; org/jetbrains/kotlin/lexer/KtToken
staticfield org/jetbrains/kotlin/lexer/KtTokens LONG_TEMPLATE_ENTRY_END Lorg/jetbrains/kotlin/lexer/KtToken; org/jetbrains/kotlin/lexer/KtToken
staticfield org/jetbrains/kotlin/lexer/KtTokens DANGLING_NEWLINE Lorg/jetbrains/kotlin/lexer/KtToken; org/jetbrains/kotlin/lexer/KtToken
staticfield org/jetbrains/kotlin/lexer/KtTokens PACKAGE_KEYWORD Lorg/jetbrains/kotlin/lexer/KtKeywordToken; org/jetbrains/kotlin/lexer/KtKeywordToken
staticfield org/jetbrains/kotlin/lexer/KtTokens AS_KEYWORD Lorg/jetbrains/kotlin/lexer/KtKeywordToken; org/jetbrains/kotlin/lexer/KtKeywordToken
staticfield org/jetbrains/kotlin/lexer/KtTokens TYPE_ALIAS_KEYWORD Lorg/jetbrains/kotlin/lexer/KtKeywordToken; org/jetbrains/kotlin/lexer/KtKeywordToken
staticfield org/jetbrains/kotlin/lexer/KtTokens CLASS_KEYWORD Lorg/jetbrains/kotlin/lexer/KtKeywordToken; org/jetbrains/kotlin/lexer/KtKeywordToken
staticfield org/jetbrains/kotlin/lexer/KtTokens THIS_KEYWORD Lorg/jetbrains/kotlin/lexer/KtKeywordToken; org/jetbrains/kotlin/lexer/KtKeywordToken
staticfield org/jetbrains/kotlin/lexer/KtTokens SUPER_KEYWORD Lorg/jetbrains/kotlin/lexer/KtKeywordToken; org/jetbrains/kotlin/lexer/KtKeywordToken
staticfield org/jetbrains/kotlin/lexer/KtTokens VAL_KEYWORD Lorg/jetbrains/kotlin/lexer/KtKeywordToken; org/jetbrains/kotlin/lexer/KtKeywordToken
staticfield org/jetbrains/kotlin/lexer/KtTokens VAR_KEYWORD Lorg/jetbrains/kotlin/lexer/KtKeywordToken; org/jetbrains/kotlin/lexer/KtKeywordToken
staticfield org/jetbrains/kotlin/lexer/KtTokens FUN_KEYWORD Lorg/jetbrains/kotlin/lexer/KtModifierKeywordToken; org/jetbrains/kotlin/lexer/KtModifierKeywordToken
staticfield org/jetbrains/kotlin/lexer/KtTokens FOR_KEYWORD Lorg/jetbrains/kotlin/lexer/KtKeywordToken; org/jetbrains/kotlin/lexer/KtKeywordToken
staticfield org/jetbrains/kotlin/lexer/KtTokens NULL_KEYWORD Lorg/jetbrains/kotlin/lexer/KtKeywordToken; org/jetbrains/kotlin/lexer/KtKeywordToken
staticfield org/jetbrains/kotlin/lexer/KtTokens TRUE_KEYWORD Lorg/jetbrains/kotlin/lexer/KtKeywordToken; org/jetbrains/kotlin/lexer/KtKeywordToken
staticfield org/jetbrains/kotlin/lexer/KtTokens FALSE_KEYWORD Lorg/jetbrains/kotlin/lexer/KtKeywordToken; org/jetbrains/kotlin/lexer/KtKeywordToken
staticfield org/jetbrains/kotlin/lexer/KtTokens IS_KEYWORD Lorg/jetbrains/kotlin/lexer/KtKeywordToken; org/jetbrains/kotlin/lexer/KtKeywordToken
staticfield org/jetbrains/kotlin/lexer/KtTokens IN_KEYWORD Lorg/jetbrains/kotlin/lexer/KtModifierKeywordToken; org/jetbrains/kotlin/lexer/KtModifierKeywordToken
staticfield org/jetbrains/kotlin/lexer/KtTokens THROW_KEYWORD Lorg/jetbrains/kotlin/lexer/KtKeywordToken; org/jetbrains/kotlin/lexer/KtKeywordToken
staticfield org/jetbrains/kotlin/lexer/KtTokens RETURN_KEYWORD Lorg/jetbrains/kotlin/lexer/KtKeywordToken; org/jetbrains/kotlin/lexer/KtKeywordToken
staticfield org/jetbrains/kotlin/lexer/KtTokens BREAK_KEYWORD Lorg/jetbrains/kotlin/lexer/KtKeywordToken; org/jetbrains/kotlin/lexer/KtKeywordToken
staticfield org/jetbrains/kotlin/lexer/KtTokens CONTINUE_KEYWORD Lorg/jetbrains/kotlin/lexer/KtKeywordToken; org/jetbrains/kotlin/lexer/KtKeywordToken
staticfield org/jetbrains/kotlin/lexer/KtTokens OBJECT_KEYWORD Lorg/jetbrains/kotlin/lexer/KtKeywordToken; org/jetbrains/kotlin/lexer/KtKeywordToken
staticfield org/jetbrains/kotlin/lexer/KtTokens IF_KEYWORD Lorg/jetbrains/kotlin/lexer/KtKeywordToken; org/jetbrains/kotlin/lexer/KtKeywordToken
staticfield org/jetbrains/kotlin/lexer/KtTokens TRY_KEYWORD Lorg/jetbrains/kotlin/lexer/KtKeywordToken; org/jetbrains/kotlin/lexer/KtKeywordToken
staticfield org/jetbrains/kotlin/lexer/KtTokens ELSE_KEYWORD Lorg/jetbrains/kotlin/lexer/KtKeywordToken; org/jetbrains/kotlin/lexer/KtKeywordToken
staticfield org/jetbrains/kotlin/lexer/KtTokens WHILE_KEYWORD Lorg/jetbrains/kotlin/lexer/KtKeywordToken; org/jetbrains/kotlin/lexer/KtKeywordToken
staticfield org/jetbrains/kotlin/lexer/KtTokens DO_KEYWORD Lorg/jetbrains/kotlin/lexer/KtKeywordToken; org/jetbrains/kotlin/lexer/KtKeywordToken
staticfield org/jetbrains/kotlin/lexer/KtTokens WHEN_KEYWORD Lorg/jetbrains/kotlin/lexer/KtKeywordToken; org/jetbrains/kotlin/lexer/KtKeywordToken
staticfield org/jetbrains/kotlin/lexer/KtTokens INTERFACE_KEYWORD Lorg/jetbrains/kotlin/lexer/KtKeywordToken; org/jetbrains/kotlin/lexer/KtKeywordToken
staticfield org/jetbrains/kotlin/lexer/KtTokens TYPEOF_KEYWORD Lorg/jetbrains/kotlin/lexer/KtKeywordToken; org/jetbrains/kotlin/lexer/KtKeywordToken
staticfield org/jetbrains/kotlin/lexer/KtTokens AS_SAFE Lorg/jetbrains/kotlin/lexer/KtToken; org/jetbrains/kotlin/lexer/KtKeywordToken
staticfield org/jetbrains/kotlin/lexer/KtTokens IDENTIFIER Lorg/jetbrains/kotlin/lexer/KtToken; org/jetbrains/kotlin/lexer/KtToken
staticfield org/jetbrains/kotlin/lexer/KtTokens FIELD_IDENTIFIER Lorg/jetbrains/kotlin/lexer/KtToken; org/jetbrains/kotlin/lexer/KtToken
staticfield org/jetbrains/kotlin/lexer/KtTokens LBRACKET Lorg/jetbrains/kotlin/lexer/KtSingleValueToken; org/jetbrains/kotlin/lexer/KtSingleValueToken
staticfield org/jetbrains/kotlin/lexer/KtTokens RBRACKET Lorg/jetbrains/kotlin/lexer/KtSingleValueToken; org/jetbrains/kotlin/lexer/KtSingleValueToken
staticfield org/jetbrains/kotlin/lexer/KtTokens LBRACE Lorg/jetbrains/kotlin/lexer/KtSingleValueToken; org/jetbrains/kotlin/lexer/KtSingleValueToken
staticfield org/jetbrains/kotlin/lexer/KtTokens RBRACE Lorg/jetbrains/kotlin/lexer/KtSingleValueToken; org/jetbrains/kotlin/lexer/KtSingleValueToken
staticfield org/jetbrains/kotlin/lexer/KtTokens LPAR Lorg/jetbrains/kotlin/lexer/KtSingleValueToken; org/jetbrains/kotlin/lexer/KtSingleValueToken
staticfield org/jetbrains/kotlin/lexer/KtTokens RPAR Lorg/jetbrains/kotlin/lexer/KtSingleValueToken; org/jetbrains/kotlin/lexer/KtSingleValueToken
staticfield org/jetbrains/kotlin/lexer/KtTokens DOT Lorg/jetbrains/kotlin/lexer/KtSingleValueToken; org/jetbrains/kotlin/lexer/KtSingleValueToken
staticfield org/jetbrains/kotlin/lexer/KtTokens PLUSPLUS Lorg/jetbrains/kotlin/lexer/KtSingleValueToken; org/jetbrains/kotlin/lexer/KtSingleValueToken
staticfield org/jetbrains/kotlin/lexer/KtTokens MINUSMINUS Lorg/jetbrains/kotlin/lexer/KtSingleValueToken; org/jetbrains/kotlin/lexer/KtSingleValueToken
staticfield org/jetbrains/kotlin/lexer/KtTokens MUL Lorg/jetbrains/kotlin/lexer/KtSingleValueToken; org/jetbrains/kotlin/lexer/KtSingleValueToken
staticfield org/jetbrains/kotlin/lexer/KtTokens PLUS Lorg/jetbrains/kotlin/lexer/KtSingleValueToken; org/jetbrains/kotlin/lexer/KtSingleValueToken
staticfield org/jetbrains/kotlin/lexer/KtTokens MINUS Lorg/jetbrains/kotlin/lexer/KtSingleValueToken; org/jetbrains/kotlin/lexer/KtSingleValueToken
staticfield org/jetbrains/kotlin/lexer/KtTokens EXCL Lorg/jetbrains/kotlin/lexer/KtSingleValueToken; org/jetbrains/kotlin/lexer/KtSingleValueToken
staticfield org/jetbrains/kotlin/lexer/KtTokens DIV Lorg/jetbrains/kotlin/lexer/KtSingleValueToken; org/jetbrains/kotlin/lexer/KtSingleValueToken
staticfield org/jetbrains/kotlin/lexer/KtTokens PERC Lorg/jetbrains/kotlin/lexer/KtSingleValueToken; org/jetbrains/kotlin/lexer/KtSingleValueToken
staticfield org/jetbrains/kotlin/lexer/KtTokens LT Lorg/jetbrains/kotlin/lexer/KtSingleValueToken; org/jetbrains/kotlin/lexer/KtSingleValueToken
staticfield org/jetbrains/kotlin/lexer/KtTokens GT Lorg/jetbrains/kotlin/lexer/KtSingleValueToken; org/jetbrains/kotlin/lexer/KtSingleValueToken
staticfield org/jetbrains/kotlin/lexer/KtTokens LTEQ Lorg/jetbrains/kotlin/lexer/KtSingleValueToken; org/jetbrains/kotlin/lexer/KtSingleValueToken
staticfield org/jetbrains/kotlin/lexer/KtTokens GTEQ Lorg/jetbrains/kotlin/lexer/KtSingleValueToken; org/jetbrains/kotlin/lexer/KtSingleValueToken
staticfield org/jetbrains/kotlin/lexer/KtTokens EQEQEQ Lorg/jetbrains/kotlin/lexer/KtSingleValueToken; org/jetbrains/kotlin/lexer/KtSingleValueToken
staticfield org/jetbrains/kotlin/lexer/KtTokens ARROW Lorg/jetbrains/kotlin/lexer/KtSingleValueToken; org/jetbrains/kotlin/lexer/KtSingleValueToken
staticfield org/jetbrains/kotlin/lexer/KtTokens DOUBLE_ARROW Lorg/jetbrains/kotlin/lexer/KtSingleValueToken; org/jetbrains/kotlin/lexer/KtSingleValueToken
staticfield org/jetbrains/kotlin/lexer/KtTokens EXCLEQEQEQ Lorg/jetbrains/kotlin/lexer/KtSingleValueToken; org/jetbrains/kotlin/lexer/KtSingleValueToken
staticfield org/jetbrains/kotlin/lexer/KtTokens EQEQ Lorg/jetbrains/kotlin/lexer/KtSingleValueToken; org/jetbrains/kotlin/lexer/KtSingleValueToken
staticfield org/jetbrains/kotlin/lexer/KtTokens EXCLEQ Lorg/jetbrains/kotlin/lexer/KtSingleValueToken; org/jetbrains/kotlin/lexer/KtSingleValueToken
staticfield org/jetbrains/kotlin/lexer/KtTokens EXCLEXCL Lorg/jetbrains/kotlin/lexer/KtSingleValueToken; org/jetbrains/kotlin/lexer/KtSingleValueToken
staticfield org/jetbrains/kotlin/lexer/KtTokens ANDAND Lorg/jetbrains/kotlin/lexer/KtSingleValueToken; org/jetbrains/kotlin/lexer/KtSingleValueToken
staticfield org/jetbrains/kotlin/lexer/KtTokens AND Lorg/jetbrains/kotlin/lexer/KtSingleValueToken; org/jetbrains/kotlin/lexer/KtSingleValueToken
staticfield org/jetbrains/kotlin/lexer/KtTokens OROR Lorg/jetbrains/kotlin/lexer/KtSingleValueToken; org/jetbrains/kotlin/lexer/KtSingleValueToken
staticfield org/jetbrains/kotlin/lexer/KtTokens SAFE_ACCESS Lorg/jetbrains/kotlin/lexer/KtSingleValueToken; org/jetbrains/kotlin/lexer/KtSingleValueToken
staticfield org/jetbrains/kotlin/lexer/KtTokens ELVIS Lorg/jetbrains/kotlin/lexer/KtSingleValueToken; org/jetbrains/kotlin/lexer/KtSingleValueToken
staticfield org/jetbrains/kotlin/lexer/KtTokens QUEST Lorg/jetbrains/kotlin/lexer/KtSingleValueToken; org/jetbrains/kotlin/lexer/KtSingleValueToken
staticfield org/jetbrains/kotlin/lexer/KtTokens COLONCOLON Lorg/jetbrains/kotlin/lexer/KtSingleValueToken; org/jetbrains/kotlin/lexer/KtSingleValueToken
staticfield org/jetbrains/kotlin/lexer/KtTokens COLON Lorg/jetbrains/kotlin/lexer/KtSingleValueToken; org/jetbrains/kotlin/lexer/KtSingleValueToken
staticfield org/jetbrains/kotlin/lexer/KtTokens SEMICOLON Lorg/jetbrains/kotlin/lexer/KtSingleValueToken; org/jetbrains/kotlin/lexer/KtSingleValueToken
staticfield org/jetbrains/kotlin/lexer/KtTokens DOUBLE_SEMICOLON Lorg/jetbrains/kotlin/lexer/KtSingleValueToken; org/jetbrains/kotlin/lexer/KtSingleValueToken
staticfield org/jetbrains/kotlin/lexer/KtTokens RANGE Lorg/jetbrains/kotlin/lexer/KtSingleValueToken; org/jetbrains/kotlin/lexer/KtSingleValueToken
staticfield org/jetbrains/kotlin/lexer/KtTokens RANGE_UNTIL Lorg/jetbrains/kotlin/lexer/KtSingleValueToken; org/jetbrains/kotlin/lexer/KtSingleValueToken
staticfield org/jetbrains/kotlin/lexer/KtTokens EQ Lorg/jetbrains/kotlin/lexer/KtSingleValueToken; org/jetbrains/kotlin/lexer/KtSingleValueToken
staticfield org/jetbrains/kotlin/lexer/KtTokens MULTEQ Lorg/jetbrains/kotlin/lexer/KtSingleValueToken; org/jetbrains/kotlin/lexer/KtSingleValueToken
staticfield org/jetbrains/kotlin/lexer/KtTokens DIVEQ Lorg/jetbrains/kotlin/lexer/KtSingleValueToken; org/jetbrains/kotlin/lexer/KtSingleValueToken
staticfield org/jetbrains/kotlin/lexer/KtTokens PERCEQ Lorg/jetbrains/kotlin/lexer/KtSingleValueToken; org/jetbrains/kotlin/lexer/KtSingleValueToken
staticfield org/jetbrains/kotlin/lexer/KtTokens PLUSEQ Lorg/jetbrains/kotlin/lexer/KtSingleValueToken; org/jetbrains/kotlin/lexer/KtSingleValueToken
staticfield org/jetbrains/kotlin/lexer/KtTokens MINUSEQ Lorg/jetbrains/kotlin/lexer/KtSingleValueToken; org/jetbrains/kotlin/lexer/KtSingleValueToken
staticfield org/jetbrains/kotlin/lexer/KtTokens NOT_IN Lorg/jetbrains/kotlin/lexer/KtKeywordToken; org/jetbrains/kotlin/lexer/KtKeywordToken
staticfield org/jetbrains/kotlin/lexer/KtTokens NOT_IS Lorg/jetbrains/kotlin/lexer/KtKeywordToken; org/jetbrains/kotlin/lexer/KtKeywordToken
staticfield org/jetbrains/kotlin/lexer/KtTokens HASH Lorg/jetbrains/kotlin/lexer/KtSingleValueToken; org/jetbrains/kotlin/lexer/KtSingleValueToken
staticfield org/jetbrains/kotlin/lexer/KtTokens AT Lorg/jetbrains/kotlin/lexer/KtSingleValueToken; org/jetbrains/kotlin/lexer/KtSingleValueToken
staticfield org/jetbrains/kotlin/lexer/KtTokens COMMA Lorg/jetbrains/kotlin/lexer/KtSingleValueToken; org/jetbrains/kotlin/lexer/KtSingleValueToken
staticfield org/jetbrains/kotlin/lexer/KtTokens EOL_OR_SEMICOLON Lorg/jetbrains/kotlin/lexer/KtToken; org/jetbrains/kotlin/lexer/KtToken
staticfield org/jetbrains/kotlin/lexer/KtTokens FILE_KEYWORD Lorg/jetbrains/kotlin/lexer/KtKeywordToken; org/jetbrains/kotlin/lexer/KtKeywordToken
staticfield org/jetbrains/kotlin/lexer/KtTokens FIELD_KEYWORD Lorg/jetbrains/kotlin/lexer/KtKeywordToken; org/jetbrains/kotlin/lexer/KtKeywordToken
staticfield org/jetbrains/kotlin/lexer/KtTokens PROPERTY_KEYWORD Lorg/jetbrains/kotlin/lexer/KtKeywordToken; org/jetbrains/kotlin/lexer/KtKeywordToken
staticfield org/jetbrains/kotlin/lexer/KtTokens RECEIVER_KEYWORD Lorg/jetbrains/kotlin/lexer/KtKeywordToken; org/jetbrains/kotlin/lexer/KtKeywordToken
staticfield org/jetbrains/kotlin/lexer/KtTokens PARAM_KEYWORD Lorg/jetbrains/kotlin/lexer/KtKeywordToken; org/jetbrains/kotlin/lexer/KtKeywordToken
staticfield org/jetbrains/kotlin/lexer/KtTokens SETPARAM_KEYWORD Lorg/jetbrains/kotlin/lexer/KtKeywordToken; org/jetbrains/kotlin/lexer/KtKeywordToken
staticfield org/jetbrains/kotlin/lexer/KtTokens DELEGATE_KEYWORD Lorg/jetbrains/kotlin/lexer/KtKeywordToken; org/jetbrains/kotlin/lexer/KtKeywordToken
staticfield org/jetbrains/kotlin/lexer/KtTokens IMPORT_KEYWORD Lorg/jetbrains/kotlin/lexer/KtKeywordToken; org/jetbrains/kotlin/lexer/KtKeywordToken
staticfield org/jetbrains/kotlin/lexer/KtTokens WHERE_KEYWORD Lorg/jetbrains/kotlin/lexer/KtKeywordToken; org/jetbrains/kotlin/lexer/KtKeywordToken
staticfield org/jetbrains/kotlin/lexer/KtTokens BY_KEYWORD Lorg/jetbrains/kotlin/lexer/KtKeywordToken; org/jetbrains/kotlin/lexer/KtKeywordToken
staticfield org/jetbrains/kotlin/lexer/KtTokens GET_KEYWORD Lorg/jetbrains/kotlin/lexer/KtKeywordToken; org/jetbrains/kotlin/lexer/KtKeywordToken
staticfield org/jetbrains/kotlin/lexer/KtTokens SET_KEYWORD Lorg/jetbrains/kotlin/lexer/KtKeywordToken; org/jetbrains/kotlin/lexer/KtKeywordToken
staticfield org/jetbrains/kotlin/lexer/KtTokens CONSTRUCTOR_KEYWORD Lorg/jetbrains/kotlin/lexer/KtKeywordToken; org/jetbrains/kotlin/lexer/KtKeywordToken
staticfield org/jetbrains/kotlin/lexer/KtTokens INIT_KEYWORD Lorg/jetbrains/kotlin/lexer/KtKeywordToken; org/jetbrains/kotlin/lexer/KtKeywordToken
staticfield org/jetbrains/kotlin/lexer/KtTokens CONTEXT_KEYWORD Lorg/jetbrains/kotlin/lexer/KtKeywordToken; org/jetbrains/kotlin/lexer/KtKeywordToken
staticfield org/jetbrains/kotlin/lexer/KtTokens ABSTRACT_KEYWORD Lorg/jetbrains/kotlin/lexer/KtModifierKeywordToken; org/jetbrains/kotlin/lexer/KtModifierKeywordToken
staticfield org/jetbrains/kotlin/lexer/KtTokens ENUM_KEYWORD Lorg/jetbrains/kotlin/lexer/KtModifierKeywordToken; org/jetbrains/kotlin/lexer/KtModifierKeywordToken
staticfield org/jetbrains/kotlin/lexer/KtTokens CONTRACT_KEYWORD Lorg/jetbrains/kotlin/lexer/KtModifierKeywordToken; org/jetbrains/kotlin/lexer/KtModifierKeywordToken
staticfield org/jetbrains/kotlin/lexer/KtTokens OPEN_KEYWORD Lorg/jetbrains/kotlin/lexer/KtModifierKeywordToken; org/jetbrains/kotlin/lexer/KtModifierKeywordToken
staticfield org/jetbrains/kotlin/lexer/KtTokens INNER_KEYWORD Lorg/jetbrains/kotlin/lexer/KtModifierKeywordToken; org/jetbrains/kotlin/lexer/KtModifierKeywordToken
staticfield org/jetbrains/kotlin/lexer/KtTokens OVERRIDE_KEYWORD Lorg/jetbrains/kotlin/lexer/KtModifierKeywordToken; org/jetbrains/kotlin/lexer/KtModifierKeywordToken
staticfield org/jetbrains/kotlin/lexer/KtTokens PRIVATE_KEYWORD Lorg/jetbrains/kotlin/lexer/KtModifierKeywordToken; org/jetbrains/kotlin/lexer/KtModifierKeywordToken
staticfield org/jetbrains/kotlin/lexer/KtTokens PUBLIC_KEYWORD Lorg/jetbrains/kotlin/lexer/KtModifierKeywordToken; org/jetbrains/kotlin/lexer/KtModifierKeywordToken
staticfield org/jetbrains/kotlin/lexer/KtTokens INTERNAL_KEYWORD Lorg/jetbrains/kotlin/lexer/KtModifierKeywordToken; org/jetbrains/kotlin/lexer/KtModifierKeywordToken
staticfield org/jetbrains/kotlin/lexer/KtTokens PROTECTED_KEYWORD Lorg/jetbrains/kotlin/lexer/KtModifierKeywordToken; org/jetbrains/kotlin/lexer/KtModifierKeywordToken
staticfield org/jetbrains/kotlin/lexer/KtTokens CATCH_KEYWORD Lorg/jetbrains/kotlin/lexer/KtKeywordToken; org/jetbrains/kotlin/lexer/KtKeywordToken
staticfield org/jetbrains/kotlin/lexer/KtTokens OUT_KEYWORD Lorg/jetbrains/kotlin/lexer/KtModifierKeywordToken; org/jetbrains/kotlin/lexer/KtModifierKeywordToken
staticfield org/jetbrains/kotlin/lexer/KtTokens VARARG_KEYWORD Lorg/jetbrains/kotlin/lexer/KtModifierKeywordToken; org/jetbrains/kotlin/lexer/KtModifierKeywordToken
staticfield org/jetbrains/kotlin/lexer/KtTokens REIFIED_KEYWORD Lorg/jetbrains/kotlin/lexer/KtModifierKeywordToken; org/jetbrains/kotlin/lexer/KtModifierKeywordToken
staticfield org/jetbrains/kotlin/lexer/KtTokens DYNAMIC_KEYWORD Lorg/jetbrains/kotlin/lexer/KtKeywordToken; org/jetbrains/kotlin/lexer/KtKeywordToken
staticfield org/jetbrains/kotlin/lexer/KtTokens COMPANION_KEYWORD Lorg/jetbrains/kotlin/lexer/KtModifierKeywordToken; org/jetbrains/kotlin/lexer/KtModifierKeywordToken
staticfield org/jetbrains/kotlin/lexer/KtTokens SEALED_KEYWORD Lorg/jetbrains/kotlin/lexer/KtModifierKeywordToken; org/jetbrains/kotlin/lexer/KtModifierKeywordToken
staticfield org/jetbrains/kotlin/lexer/KtTokens DEFAULT_VISIBILITY_KEYWORD Lorg/jetbrains/kotlin/lexer/KtModifierKeywordToken; org/jetbrains/kotlin/lexer/KtModifierKeywordToken
staticfield org/jetbrains/kotlin/lexer/KtTokens FINALLY_KEYWORD Lorg/jetbrains/kotlin/lexer/KtKeywordToken; org/jetbrains/kotlin/lexer/KtKeywordToken
staticfield org/jetbrains/kotlin/lexer/KtTokens FINAL_KEYWORD Lorg/jetbrains/kotlin/lexer/KtModifierKeywordToken; org/jetbrains/kotlin/lexer/KtModifierKeywordToken
staticfield org/jetbrains/kotlin/lexer/KtTokens LATEINIT_KEYWORD Lorg/jetbrains/kotlin/lexer/KtModifierKeywordToken; org/jetbrains/kotlin/lexer/KtModifierKeywordToken
staticfield org/jetbrains/kotlin/lexer/KtTokens DATA_KEYWORD Lorg/jetbrains/kotlin/lexer/KtModifierKeywordToken; org/jetbrains/kotlin/lexer/KtModifierKeywordToken
staticfield org/jetbrains/kotlin/lexer/KtTokens VALUE_KEYWORD Lorg/jetbrains/kotlin/lexer/KtModifierKeywordToken; org/jetbrains/kotlin/lexer/KtModifierKeywordToken
staticfield org/jetbrains/kotlin/lexer/KtTokens INLINE_KEYWORD Lorg/jetbrains/kotlin/lexer/KtModifierKeywordToken; org/jetbrains/kotlin/lexer/KtModifierKeywordToken
staticfield org/jetbrains/kotlin/lexer/KtTokens NOINLINE_KEYWORD Lorg/jetbrains/kotlin/lexer/KtModifierKeywordToken; org/jetbrains/kotlin/lexer/KtModifierKeywordToken
staticfield org/jetbrains/kotlin/lexer/KtTokens TAILREC_KEYWORD Lorg/jetbrains/kotlin/lexer/KtModifierKeywordToken; org/jetbrains/kotlin/lexer/KtModifierKeywordToken
staticfield org/jetbrains/kotlin/lexer/KtTokens EXTERNAL_KEYWORD Lorg/jetbrains/kotlin/lexer/KtModifierKeywordToken; org/jetbrains/kotlin/lexer/KtModifierKeywordToken
staticfield org/jetbrains/kotlin/lexer/KtTokens ANNOTATION_KEYWORD Lorg/jetbrains/kotlin/lexer/KtModifierKeywordToken; org/jetbrains/kotlin/lexer/KtModifierKeywordToken
staticfield org/jetbrains/kotlin/lexer/KtTokens CROSSINLINE_KEYWORD Lorg/jetbrains/kotlin/lexer/KtModifierKeywordToken; org/jetbrains/kotlin/lexer/KtModifierKeywordToken
staticfield org/jetbrains/kotlin/lexer/KtTokens OPERATOR_KEYWORD Lorg/jetbrains/kotlin/lexer/KtModifierKeywordToken; org/jetbrains/kotlin/lexer/KtModifierKeywordToken
staticfield org/jetbrains/kotlin/lexer/KtTokens INFIX_KEYWORD Lorg/jetbrains/kotlin/lexer/KtModifierKeywordToken; org/jetbrains/kotlin/lexer/KtModifierKeywordToken
staticfield org/jetbrains/kotlin/lexer/KtTokens CONST_KEYWORD Lorg/jetbrains/kotlin/lexer/KtModifierKeywordToken; org/jetbrains/kotlin/lexer/KtModifierKeywordToken
staticfield org/jetbrains/kotlin/lexer/KtTokens SUSPEND_KEYWORD Lorg/jetbrains/kotlin/lexer/KtModifierKeywordToken; org/jetbrains/kotlin/lexer/KtModifierKeywordToken
staticfield org/jetbrains/kotlin/lexer/KtTokens HEADER_KEYWORD Lorg/jetbrains/kotlin/lexer/KtModifierKeywordToken; org/jetbrains/kotlin/lexer/KtModifierKeywordToken
staticfield org/jetbrains/kotlin/lexer/KtTokens IMPL_KEYWORD Lorg/jetbrains/kotlin/lexer/KtModifierKeywordToken; org/jetbrains/kotlin/lexer/KtModifierKeywordToken
staticfield org/jetbrains/kotlin/lexer/KtTokens EXPECT_KEYWORD Lorg/jetbrains/kotlin/lexer/KtModifierKeywordToken; org/jetbrains/kotlin/lexer/KtModifierKeywordToken
staticfield org/jetbrains/kotlin/lexer/KtTokens ACTUAL_KEYWORD Lorg/jetbrains/kotlin/lexer/KtModifierKeywordToken; org/jetbrains/kotlin/lexer/KtModifierKeywordToken
staticfield org/jetbrains/kotlin/lexer/KtTokens KEYWORDS Lorg/jetbrains/kotlin/com/intellij/psi/tree/TokenSet; org/jetbrains/kotlin/com/intellij/psi/tree/TokenSet
staticfield org/jetbrains/kotlin/lexer/KtTokens SOFT_KEYWORDS Lorg/jetbrains/kotlin/com/intellij/psi/tree/TokenSet; org/jetbrains/kotlin/com/intellij/psi/tree/TokenSet
staticfield org/jetbrains/kotlin/lexer/KtTokens MODIFIER_KEYWORDS_ARRAY [Lorg/jetbrains/kotlin/lexer/KtModifierKeywordToken; 35 [Lorg/jetbrains/kotlin/lexer/KtModifierKeywordToken;
staticfield org/jetbrains/kotlin/lexer/KtTokens MODIFIER_KEYWORDS Lorg/jetbrains/kotlin/com/intellij/psi/tree/TokenSet; org/jetbrains/kotlin/com/intellij/psi/tree/TokenSet
staticfield org/jetbrains/kotlin/lexer/KtTokens TYPE_MODIFIER_KEYWORDS Lorg/jetbrains/kotlin/com/intellij/psi/tree/TokenSet; org/jetbrains/kotlin/com/intellij/psi/tree/TokenSet
staticfield org/jetbrains/kotlin/lexer/KtTokens TYPE_ARGUMENT_MODIFIER_KEYWORDS Lorg/jetbrains/kotlin/com/intellij/psi/tree/TokenSet; org/jetbrains/kotlin/com/intellij/psi/tree/TokenSet
staticfield org/jetbrains/kotlin/lexer/KtTokens RESERVED_VALUE_PARAMETER_MODIFIER_KEYWORDS Lorg/jetbrains/kotlin/com/intellij/psi/tree/TokenSet; org/jetbrains/kotlin/com/intellij/psi/tree/TokenSet
staticfield org/jetbrains/kotlin/lexer/KtTokens VISIBILITY_MODIFIERS Lorg/jetbrains/kotlin/com/intellij/psi/tree/TokenSet; org/jetbrains/kotlin/com/intellij/psi/tree/TokenSet
staticfield org/jetbrains/kotlin/lexer/KtTokens MODALITY_MODIFIERS Lorg/jetbrains/kotlin/com/intellij/psi/tree/TokenSet; org/jetbrains/kotlin/com/intellij/psi/tree/TokenSet
staticfield org/jetbrains/kotlin/lexer/KtTokens WHITESPACES Lorg/jetbrains/kotlin/com/intellij/psi/tree/TokenSet; org/jetbrains/kotlin/com/intellij/psi/tree/TokenSet
staticfield org/jetbrains/kotlin/lexer/KtTokens COMMENTS Lorg/jetbrains/kotlin/com/intellij/psi/tree/TokenSet; org/jetbrains/kotlin/com/intellij/psi/tree/TokenSet
staticfield org/jetbrains/kotlin/lexer/KtTokens WHITE_SPACE_OR_COMMENT_BIT_SET Lorg/jetbrains/kotlin/com/intellij/psi/tree/TokenSet; org/jetbrains/kotlin/com/intellij/psi/tree/TokenSet
staticfield org/jetbrains/kotlin/lexer/KtTokens STRINGS Lorg/jetbrains/kotlin/com/intellij/psi/tree/TokenSet; org/jetbrains/kotlin/com/intellij/psi/tree/TokenSet
staticfield org/jetbrains/kotlin/lexer/KtTokens OPERATIONS Lorg/jetbrains/kotlin/com/intellij/psi/tree/TokenSet; org/jetbrains/kotlin/com/intellij/psi/tree/TokenSet
staticfield org/jetbrains/kotlin/lexer/KtTokens AUGMENTED_ASSIGNMENTS Lorg/jetbrains/kotlin/com/intellij/psi/tree/TokenSet; org/jetbrains/kotlin/com/intellij/psi/tree/TokenSet
staticfield org/jetbrains/kotlin/lexer/KtTokens ALL_ASSIGNMENTS Lorg/jetbrains/kotlin/com/intellij/psi/tree/TokenSet; org/jetbrains/kotlin/com/intellij/psi/tree/TokenSet
staticfield org/jetbrains/kotlin/lexer/KtTokens INCREMENT_AND_DECREMENT Lorg/jetbrains/kotlin/com/intellij/psi/tree/TokenSet; org/jetbrains/kotlin/com/intellij/psi/tree/TokenSet
staticfield org/jetbrains/kotlin/lexer/KtTokens QUALIFIED_ACCESS Lorg/jetbrains/kotlin/com/intellij/psi/tree/TokenSet; org/jetbrains/kotlin/com/intellij/psi/tree/TokenSet
ciInstanceKlass org/jetbrains/kotlin/kdoc/lexer/KDocTokens$1 1 1 98 1 7 1 7 1 1 100 1 1 12 10 1 1 1 1 1 1 1 1 1 7 1 1 12 11 1 1 12 11 1 7 1 1 12 11 1 7 1 1 12 10 1 7 1 12 10 1 1 12 10 1 1 12 11 1 1 12 10 1 7 10 1 7 1 1 12 11 1 12 11 1 1 1 1 1 1 1 1 1 1 1 1 1 1 7 1 12 10 1 1 1 1 1 1 1 1 1
ciInstanceKlass org/jetbrains/kotlin/BlockExpressionElementType 1 1 173 1 7 1 7 1 100 1 1 1 3 3 3 1 1 3 1 1 1 1 1 1 1 1 1 1 1 1 1 1 1 1 1 1 1 1 1 1 1 1 1 1 1 7 1 1 1 1 8 1 7 1 1 12 9 1 7 1 12 10 1 1 1 7 1 12 10 1 1 1 1 8 1 7 1 1 12 10 8 8 1 1 12 10 12 9 1 1 12 10 1 1 12 10 1 12 10 1 8 1 100 1 1 12 10 1 8 1 7 1 1 12 11 1 7 1 1 12 11 1 8 1 12 10 1 7 1 1 12 10 1 1 12 11 1 1 12 10 1 8 1 7 1 1 12 10 1 1 12 11 1 8 1 1 12 10 1 12 10 1 1 1 12 10 1 1 1 1 1 1 1 1 1
staticfield org/jetbrains/kotlin/BlockExpressionElementType Companion Lorg/jetbrains/kotlin/BlockExpressionElementType$Companion; org/jetbrains/kotlin/BlockExpressionElementType$Companion
instanceKlass org/jetbrains/kotlin/com/intellij/lang/impl/PsiBuilderImpl
ciInstanceKlass org/jetbrains/kotlin/com/intellij/openapi/util/UnprotectedUserDataHolder 1 1 95 1 7 1 7 1 100 1 100 1 1 1 1 1 1 12 10 1 1 1 1 1 1 1 1 1 12 10 12 9 1 7 1 1 12 11 1 100 1 1 12 10 1 1 12 10 1 1 1 1 1 1 1 1 7 10 1 1 12 11 1 12 10 1 1 8 8 8 1 100 1 100 8 8 8 8 1 1 12 10 1 100 1 12 10 1 1 1 1 1 1 1 1 1 1
ciInstanceKlass org/jetbrains/kotlin/com/intellij/lang/impl/PsiBuilderImpl 1 1 1283 1 7 1 7 1 100 1 1 100 1 1 100 1 1 100 1 1 7 1 1 7 1 1 100 1 1 7 1 1 7 1 1 100 1 1 100 1 1 100 1 1 100 1 1 7 1 1 7 1 1 100 1 1 100 1 100 1 1 100 1 100 1 100 1 7 1 1 7 1 7 1 1 100 1 1 1 1 1 1 1 1 1 1 1 1 1 1 1 1 1 1 1 1 1 1 1 1 1 1 1 1 1 1 1 1 1 1 1 1 1 1 1 1 1 1 1 1 1 1 1 1 1 1 1 1 1 1 1 1 1 1 1 1 1 1 1 12 10 1 7 12 9 1 7 1 1 12 10 1 1 12 10 1 1 1 1 1 7 1 100 1 7 1 7 1 100 1 7 1 7 1 1 12 11 1 100 1 12 10 1 1 1 1 1 1 1 1 1 1 1 1 7 1 1 12 10 1 1 12 10 1 12 9 1 1 12 11 1 7 1 1 12 10 1 12 10 1 1 1 100 1 12 11 1 1 12 11 1 1 12 10 1 1 12 10 1 7 10 12 9 1 7 1 12 10 12 9 1 7 10 12 9 1 7 1 12 10 12 9 12 9 12 9 12 9 12 9 1 7 1 1 12 10 12 9 12 9 1 1 12 11 12 9 1 12 11 12 9 12 9 12 9 12 9 1 100 1 100 1 100 10 1 8 1 1 12 10 1 12 10 1 8 1 8 1 100 1 1 12 10 1 12 10 1 12 10 12 9 1 1 12 10 12 9 1 1 12 10 1 7 1 12 9 12 9 1 12 9 12 9 1 12 9 12 9 1 1 1 1 1 1 1 12 10 1 1 12 10 1 1 12 10 12 9 1 12 11 1 100 10 1 7 1 12 10 1 7 12 9 10 1 1 12 10 1 1 12 10 1 1 12 10 1 12 10 1 1 1 1 1 1 1 1 1 1 12 10 1 1 12 10 1 1 1 1 1 1 10 1 1 1 12 9 1 8 1 12 10 12 9 1 1 12 10 1 12 10 1 1 12 10 1 1 1 12 9 1 12 10 1 1 1 12 9 12 9 1 100 1 1 12 11 12 10 1 12 10 1 12 10 1 1 12 9 12 10 1 1 1 1 1 12 10 1 1 1 12 10 1 1 1 12 10 1 1 1 12 9 1 1 12 10 1 1 12 10 1 100 11 1 1 1 1 10 1 7 1 12 10 1 1 12 11 11 1 12 10 1 1 1 1 12 10 1 1 12 10 1 12 10 1 12 9 1 12 10 1 1 1 8 12 10 1 1 1 12 10 1 1 1 1 1 1 12 10 1 1 12 10 1 1 12 10 1 12 10 1 12 10 1 100 1 1 12 9 1 1 12 10 1 1 12 10 1 1 12 10 1 1 1 1 1 1 1 1 12 10 12 9 1 8 1 7 1 12 10 1 12 10 1 1 12 10 9 1 1 12 10 1 1 12 10 9 1 1 1 1 1 1 1 12 10 1 12 10 1 12 11 1 1 12 10 1 1 12 10 1 12 10 1 1 12 10 1 7 1 1 12 10 1 7 1 7 1 1 12 10 1 12 9 1 100 1 1 12 9 11 1 12 10 1 8 1 12 10 1 8 1 12 10 1 8 1 8 1 1 12 10 1 8 10 1 1 1 1 1 1 1 1 1 1 1 12 10 10 1 7 1 1 12 10 1 1 12 10 1 1 12 10 10 1 100 10 1 12 9 10 1 7 1 100 10 1 12 10 1 100 1 1 12 11 12 9 10 1 100 1 12 10 1 1 12 10 1 100 10 1 100 1 100 1 1 12 10 1 1 1 1 1 1 1 1 1 1 1 1 1 1 1 8 1 7 1 1 12 10 1 1 12 10 1 12 10 1 12 9 1 1 12 10 1 12 10 1 12 9 1 7 10 1 12 10 1 1 12 10 1 12 10 100 1 100 1 12 10 9 1 12 10 1 1 12 10 1 1 12 10 1 100 1 1 12 10 1 8 1 8 1 1 12 11 1 8 1 8 1 8 1 12 10 1 8 1 8 1 7 1 1 12 10 1 1 1 1 1 1 1 1 1 1 1 1 1 1 1 1 7 10 1 12 10 1 1 12 10 1 7 1 1 12 10 1 8 1 8 1 8 1 1 1 12 10 10 9 1 1 12 10 1 1 12 10 1 12 10 1 1 12 10 1 1 12 10 1 1 12 11 1 1 12 10 1 1 12 10 1 1 1 1 1 1 1 1 1 1 1 1 1 1 11 1 12 9 1 1 12 10 11 1 1 1 1 1 12 10 1 1 12 10 1 1 12 10 1 1 12 10 1 1 12 10 1 1 12 10 1 100 1 1 12 10 9 1 1 1 1 1 1 1 12 10 1 100 1 1 12 10 1 1 100 1 12 10 1 12 10 1 1 1 1 1 1 12 11 1 1 7 1 12 9 1 12 9 1 1 12 10 1 100 1 8 10 1 12 10 1 12 10 1 12 10 1 12 10 1 1 1 1 1 1 1 1 1 1 1 1 1 1 12 11 1 7 1 12 10 1 7 1 1 12 11 1 12 10 1 100 12 10 1 1 7 1 12 9 10 1 1 1 10 1 1 1 12 10 1 12 10 1 1 1 1 1 1 1 1 1 1 1 12 10 1 1 1 12 10 1 1 1 1 12 10 1 1 1 1 1 1 1 1 1 1 1 1 1 1 1 1 1 1 1 1 1 1 1 1 1 1 1 7 1 12 10 1 1 12 10 8 1 7 1 12 10 8 1 12 9 1 8 1 8 8 8 8 8 8 8 8 8 8 8 8 8 8 8 8 8 8 8 8 8 8 8 8 8 8 8 8 8 8 8 8 8 8 8 8 8 8 8 8 8 8 8 8 8 1 1 12 10 1 100 10 1 1 1 1 1 1 1 1 1 1 1
staticfield org/jetbrains/kotlin/com/intellij/lang/impl/PsiBuilderImpl LOG Lorg/jetbrains/kotlin/com/intellij/openapi/diagnostic/Logger; org/jetbrains/kotlin/com/intellij/openapi/diagnostic/DefaultLogger
staticfield org/jetbrains/kotlin/com/intellij/lang/impl/PsiBuilderImpl CUSTOM_COMPARATOR Lorg/jetbrains/kotlin/com/intellij/openapi/util/Key; org/jetbrains/kotlin/com/intellij/openapi/util/Key
staticfield org/jetbrains/kotlin/com/intellij/lang/impl/PsiBuilderImpl LAZY_PARSEABLE_TOKENS Lorg/jetbrains/kotlin/com/intellij/openapi/util/Key; org/jetbrains/kotlin/com/intellij/openapi/util/Key
staticfield org/jetbrains/kotlin/com/intellij/lang/impl/PsiBuilderImpl $assertionsDisabled Z 1
ciInstanceKlass org/jetbrains/kotlin/com/intellij/util/text/ImmutableText$CompositeNode 0 0 108 1 100 1 100 1 100 1 1 100 1 1 1 1 1 1 1 1 1 12 10 1 1 12 11 12 9 12 9 12 9 1 1 1 1 12 11 1 1 1 1 12 10 1 1 1 1 1 1 1 1 1 1 1 12 10 1 1 12 10 1 1 1 1 1 1 1 1 12 11 1 100 1 12 10 1 1 12 10 1 1 1 10 12 10 1 1 8 8 8 8 1 1 12 10 1 100 1 12 10 1 1 1 1 1 1 1 1
ciInstanceKlass org/jetbrains/kotlin/com/intellij/util/text/ImmutableText$InnerLeaf 1 1 66 1 7 1 7 1 1 100 1 1 100 1 1 1 1 1 1 1 1 1 1 12 10 1 12 10 12 9 12 9 12 9 1 1 1 12 10 1 1 1 1 1 1 8 8 8 8 1 100 1 1 12 10 1 100 1 12 10 1 1 1 1 1 1 1 1
ciInstanceKlass org/jetbrains/kotlin/com/intellij/util/text/CharSequenceSubSequence 1 1 160 1 7 1 7 1 100 1 100 1 7 1 1 1 1 1 1 1 1 1 1 1 1 1 1 12 10 1 12 10 1 1 12 11 1 100 1 100 10 1 8 1 1 12 10 1 12 10 1 8 1 8 1 1 12 10 1 12 10 12 9 12 9 12 9 1 1 1 1 1 1 1 12 11 1 1 1 12 10 1 7 1 1 12 10 1 7 1 1 12 10 1 12 10 1 1 1 1 12 9 1 100 10 1 12 10 1 1 1 1 12 9 1 100 1 1 12 10 1 1 1 7 1 1 12 10 1 8 1 8 1 100 8 8 8 8 8 8 8 8 1 1 12 10 1 100 10 1 100 10 1 100 1 1 1 1 1 1 1 1
staticfield org/jetbrains/kotlin/com/intellij/util/text/CharSequenceSubSequence $assertionsDisabled Z 1
ciInstanceKlass org/jetbrains/kotlin/parsing/TrailingCommentsBinder 1 1 110 1 7 1 7 1 100 1 1 1 3 3 3 1 1 3 1 1 1 1 1 1 1 1 1 1 1 1 1 1 1 7 1 1 1 1 12 10 1 1 1 8 1 7 1 1 12 10 8 1 7 1 1 12 11 1 1 12 11 1 1 12 11 1 7 1 7 1 12 9 1 1 12 10 1 12 11 1 7 1 1 12 10 1 1 12 9 1 12 9 1 1 1 1 1 1 1 10 12 9 1 1 1 1 1 1 1 1 1 1
staticfield org/jetbrains/kotlin/parsing/TrailingCommentsBinder INSTANCE Lorg/jetbrains/kotlin/parsing/TrailingCommentsBinder; org/jetbrains/kotlin/parsing/TrailingCommentsBinder
ciInstanceKlass org/jetbrains/kotlin/com/intellij/psi/tree/ICustomParsingType 0 0 13 1 100 1 100 1 1 1 1 1 1 1 1
ciInstanceKlass org/jetbrains/kotlin/com/intellij/psi/tree/ILeafElementType 0 0 13 1 100 1 100 1 1 1 1 1 1 1 1
ciInstanceKlass org/jetbrains/kotlin/com/intellij/openapi/progress/Cancellation 1 1 94 1 7 1 100 1 1 1 100 1 100 1 100 1 1 1 1 1 1 1 1 12 9 1 7 1 1 12 10 1 100 1 1 12 11 1 1 1 1 10 1 100 1 12 10 1 1 1 1 1 12 10 1 1 12 10 1 12 10 1 1 1 1 10 1 8 1 100 1 100 8 1 8 8 8 1 1 12 10 1 100 1 12 10 1 1 1 1 1 1 1 1 1 1
staticfield org/jetbrains/kotlin/com/intellij/openapi/progress/Cancellation ourJob Ljava/lang/ThreadLocal; java/lang/ThreadLocal
ciInstanceKlass org/jetbrains/kotlin/com/intellij/openapi/progress/JobCanceledException 0 0 24 1 100 1 100 1 1 1 100 1 100 1 1 1 12 10 1 1 1 1 1 1 1 1
instanceKlass org/jetbrains/kotlin/com/intellij/psi/tree/java/IKeywordElementType
instanceKlass org/jetbrains/kotlin/com/intellij/psi/impl/source/tree/JavaElementType$JavaCompositeElementType
ciInstanceKlass org/jetbrains/kotlin/com/intellij/psi/tree/java/IJavaElementType 1 1 38 1 7 1 7 1 1 1 1 1 1 1 12 10 1 1 1 1 1 7 1 1 12 9 1 12 10 12 9 1 1 1 1 1 1 1 1 1
instanceKlass org/jetbrains/kotlin/com/intellij/psi/impl/compiled/ClsAnonymousClass
ciInstanceKlass org/jetbrains/kotlin/com/intellij/psi/impl/compiled/ClsClassImpl 1 1 885 1 7 1 1 7 1 100 1 100 1 1 100 1 100 1 1 100 1 100 1 1 1 1 1 1 1 1 1 12 10 1 7 1 12 10 12 9 1 1 1 1 1 1 1 1 100 1 12 10 1 100 1 1 12 10 1 1 12 10 1 1 12 10 1 1 12 10 1 12 10 1 12 10 1 100 1 1 12 10 1 1 12 10 1 100 1 12 11 1 12 10 1 12 10 1 100 1 1 12 10 1 1 12 10 1 100 1 1 1 1 1 1 1 12 10 1 7 1 7 1 1 12 9 1 1 12 11 1 7 1 7 1 1 12 10 1 1 12 11 1 7 1 1 1 7 1 12 10 1 1 1 12 11 1 1 100 1 12 10 1 1 1 100 12 10 1 1 1 12 9 1 7 11 1 7 1 1 12 11 1 1 1 1 12 9 1 100 11 1 100 1 12 9 1 1 1 12 10 1 100 1 12 10 1 1 1 12 10 1 1 1 12 10 1 7 1 1 8 10 1 100 1 1 12 10 1 7 1 12 9 12 10 1 1 100 12 9 12 10 1 1 12 10 1 1 1 1 1 1 100 1 12 10 1 100 1 1 12 10 1 100 1 1 12 10 1 100 1 12 10 1 12 10 1 1 100 1 1 12 9 1 100 1 1 12 9 1 1 12 11 1 100 1 1 12 10 1 1 12 9 1 100 9 1 1 1 12 9 9 1 12 11 1 7 1 12 10 12 10 12 10 1 12 10 1 1 1 1 1 1 1 1 1 1 1 1 12 10 1 100 1 12 9 1 100 12 11 100 1 1 1 1 12 9 1 100 11 1 1 1 1 1 100 1 12 9 100 1 1 1 12 10 1 100 1 1 12 10 1 1 12 10 1 12 10 1 1 12 10 1 1 1 1 1 12 10 1 1 1 1 1 12 10 1 1 12 10 1 1 1 1 12 10 1 1 1 1 12 9 1 1 12 10 1 1 12 10 1 12 11 1 1 12 10 1 12 11 1 12 10 1 1 1 1 12 10 1 100 1 12 11 1 1 12 10 1 1 12 10 1 100 10 1 1 12 10 1 1 12 10 1 8 1 12 10 1 1 1 1 1 12 11 1 12 11 1 12 11 1 12 11 1 1 1 8 1 1 12 10 1 12 10 10 1 8 10 1 8 10 1 8 10 1 8 1 8 1 8 1 8 12 10 1 12 10 1 12 10 1 12 11 1 12 10 1 12 11 1 1 12 11 1 100 1 8 1 8 1 1 1 1 1 1 1 1 1 1 1 1 1 1 1 12 10 1 100 1 1 12 10 11 1 1 12 10 12 10 11 12 10 11 11 11 11 11 1 1 12 10 11 11 11 11 11 1 1 1 1 1 1 1 1 1 1 100 1 1 12 10 1 100 1 1 12 10 1 1 1 8 10 1 1 1 100 1 1 12 10 1 100 1 12 10 1 100 1 1 12 10 1 1 1 1 1 1 1 1 1 1 1 1 100 1 12 10 1 1 1 1 1 12 10 1 1 12 9 1 1 12 10 12 10 1 100 1 12 11 1 12 11 11 1 100 12 10 1 1 1 1 1 1 1 1 100 1 100 1 1 12 9 1 100 1 12 10 1 1 12 11 1 100 1 12 11 1 1 12 11 1 12 11 11 1 8 1 100 1 100 1 1 1 1 1 1 1 100 1 1 12 10 1 1 1 1 12 10 1 1 1 1 1 12 10 1 1 1 1 1 12 10 1 100 1 1 1 1 100 1 12 10 1 1 1 1 12 10 12 10 1 12 10 1 12 10 1 1 1 12 10 1 10 1 10 1 10 1 1 8 1 7 1 1 12 10 1 8 1 8 1 100 1 100 8 8 8 8 8 8 8 8 8 8 8 8 8 8 8 8 8 8 8 8 8 8 8 8 8 8 8 8 8 8 8 8 8 8 8 8 8 8 8 8 8 8 8 8 8 8 1 1 12 10 1 100 1 12 10 1 100 10 1 100 1 1 1 1 1 1 1 1 1 1 1 1
staticfield org/jetbrains/kotlin/com/intellij/psi/impl/compiled/ClsClassImpl DELEGATE_KEY Lorg/jetbrains/kotlin/com/intellij/openapi/util/Key; org/jetbrains/kotlin/com/intellij/openapi/util/Key
ciInstanceKlass org/jetbrains/kotlin/com/intellij/psi/JavaTokenType 1 1 555 1 7 1 100 1 100 1 1 1 1 1 1 1 1 1 1 1 1 1 1 1 1 1 1 1 1 1 1 1 1 1 1 1 1 1 1 1 1 1 1 1 1 1 1 1 1 1 1 1 1 1 1 1 1 1 1 1 1 1 1 1 1 1 1 1 1 1 1 1 1 1 1 1 1 1 1 1 1 1 1 1 1 1 1 1 1 1 1 1 1 1 1 1 1 1 1 1 1 1 1 1 1 1 1 1 1 1 1 1 1 1 1 1 1 1 1 1 1 1 1 1 1 1 1 1 1 1 1 1 1 1 1 1 1 1 1 1 1 1 1 7 8 1 1 12 10 12 9 8 12 9 8 12 9 8 12 9 8 12 9 8 12 9 8 12 9 8 12 9 8 12 9 8 12 9 1 7 8 10 12 9 8 12 9 8 12 9 8 12 9 8 12 9 8 12 9 8 12 9 8 12 9 8 12 9 8 12 9 8 12 9 8 12 9 8 12 9 8 12 9 8 12 9 8 12 9 8 12 9 8 12 9 8 12 9 8 12 9 8 12 9 8 12 9 8 12 9 8 12 9 8 12 9 8 12 9 8 12 9 8 12 9 8 12 9 8 12 9 8 12 9 8 12 9 8 12 9 8 12 9 8 12 9 8 12 9 8 12 9 8 12 9 8 12 9 8 12 9 8 12 9 8 12 9 8 12 9 8 12 9 8 12 9 8 12 9 8 12 9 8 12 9 8 12 9 8 12 9 8 12 9 8 12 9 8 12 9 8 12 9 8 12 9 8 12 9 8 12 9 8 12 9 8 12 9 8 12 9 8 12 9 8 12 9 8 12 9 8 12 9 8 12 9 8 12 9 8 12 9 8 12 9 8 12 9 8 12 9 8 12 9 8 12 9 8 12 9 8 12 9 8 12 9 8 12 9 8 12 9 8 12 9 8 12 9 8 12 9 8 12 9 8 12 9 8 12 9 8 12 9 8 12 9 8 12 9 8 12 9 8 12 9 8 12 9 8 12 9 8 12 9 8 12 9 8 12 9 8 12 9 8 12 9 8 12 9 8 12 9 8 12 9 8 12 9 8 12 9 8 12 9 8 12 9 8 12 9 1 8 12 9 1 8 12 9 1 8 12 9 1 8 12 9 1 8 12 9 1 8 12 9 1 8 12 9 1 8 12 9 1 8 12 9 1 8 12 9 1 8 12 9 1 8 12 9 1 8 12 9 1 8 12 9 1 8 12 9 1 8 12 9 1 1 1
staticfield org/jetbrains/kotlin/com/intellij/psi/JavaTokenType IDENTIFIER Lorg/jetbrains/kotlin/com/intellij/psi/tree/IElementType; org/jetbrains/kotlin/com/intellij/psi/tree/java/IJavaElementType
staticfield org/jetbrains/kotlin/com/intellij/psi/JavaTokenType C_STYLE_COMMENT Lorg/jetbrains/kotlin/com/intellij/psi/tree/IElementType; org/jetbrains/kotlin/com/intellij/psi/tree/java/IJavaElementType
staticfield org/jetbrains/kotlin/com/intellij/psi/JavaTokenType END_OF_LINE_COMMENT Lorg/jetbrains/kotlin/com/intellij/psi/tree/IElementType; org/jetbrains/kotlin/com/intellij/psi/tree/java/IJavaElementType
staticfield org/jetbrains/kotlin/com/intellij/psi/JavaTokenType INTEGER_LITERAL Lorg/jetbrains/kotlin/com/intellij/psi/tree/IElementType; org/jetbrains/kotlin/com/intellij/psi/tree/java/IJavaElementType
staticfield org/jetbrains/kotlin/com/intellij/psi/JavaTokenType LONG_LITERAL Lorg/jetbrains/kotlin/com/intellij/psi/tree/IElementType; org/jetbrains/kotlin/com/intellij/psi/tree/java/IJavaElementType
staticfield org/jetbrains/kotlin/com/intellij/psi/JavaTokenType FLOAT_LITERAL Lorg/jetbrains/kotlin/com/intellij/psi/tree/IElementType; org/jetbrains/kotlin/com/intellij/psi/tree/java/IJavaElementType
staticfield org/jetbrains/kotlin/com/intellij/psi/JavaTokenType DOUBLE_LITERAL Lorg/jetbrains/kotlin/com/intellij/psi/tree/IElementType; org/jetbrains/kotlin/com/intellij/psi/tree/java/IJavaElementType
staticfield org/jetbrains/kotlin/com/intellij/psi/JavaTokenType CHARACTER_LITERAL Lorg/jetbrains/kotlin/com/intellij/psi/tree/IElementType; org/jetbrains/kotlin/com/intellij/psi/tree/java/IJavaElementType
staticfield org/jetbrains/kotlin/com/intellij/psi/JavaTokenType STRING_LITERAL Lorg/jetbrains/kotlin/com/intellij/psi/tree/IElementType; org/jetbrains/kotlin/com/intellij/psi/tree/java/IJavaElementType
staticfield org/jetbrains/kotlin/com/intellij/psi/JavaTokenType TEXT_BLOCK_LITERAL Lorg/jetbrains/kotlin/com/intellij/psi/tree/IElementType; org/jetbrains/kotlin/com/intellij/psi/tree/java/IJavaElementType
staticfield org/jetbrains/kotlin/com/intellij/psi/JavaTokenType TRUE_KEYWORD Lorg/jetbrains/kotlin/com/intellij/psi/tree/IElementType; org/jetbrains/kotlin/com/intellij/psi/tree/java/IKeywordElementType
staticfield org/jetbrains/kotlin/com/intellij/psi/JavaTokenType FALSE_KEYWORD Lorg/jetbrains/kotlin/com/intellij/psi/tree/IElementType; org/jetbrains/kotlin/com/intellij/psi/tree/java/IKeywordElementType
staticfield org/jetbrains/kotlin/com/intellij/psi/JavaTokenType NULL_KEYWORD Lorg/jetbrains/kotlin/com/intellij/psi/tree/IElementType; org/jetbrains/kotlin/com/intellij/psi/tree/java/IKeywordElementType
staticfield org/jetbrains/kotlin/com/intellij/psi/JavaTokenType ABSTRACT_KEYWORD Lorg/jetbrains/kotlin/com/intellij/psi/tree/IElementType; org/jetbrains/kotlin/com/intellij/psi/tree/java/IKeywordElementType
staticfield org/jetbrains/kotlin/com/intellij/psi/JavaTokenType ASSERT_KEYWORD Lorg/jetbrains/kotlin/com/intellij/psi/tree/IElementType; org/jetbrains/kotlin/com/intellij/psi/tree/java/IKeywordElementType
staticfield org/jetbrains/kotlin/com/intellij/psi/JavaTokenType BOOLEAN_KEYWORD Lorg/jetbrains/kotlin/com/intellij/psi/tree/IElementType; org/jetbrains/kotlin/com/intellij/psi/tree/java/IKeywordElementType
staticfield org/jetbrains/kotlin/com/intellij/psi/JavaTokenType BREAK_KEYWORD Lorg/jetbrains/kotlin/com/intellij/psi/tree/IElementType; org/jetbrains/kotlin/com/intellij/psi/tree/java/IKeywordElementType
staticfield org/jetbrains/kotlin/com/intellij/psi/JavaTokenType BYTE_KEYWORD Lorg/jetbrains/kotlin/com/intellij/psi/tree/IElementType; org/jetbrains/kotlin/com/intellij/psi/tree/java/IKeywordElementType
staticfield org/jetbrains/kotlin/com/intellij/psi/JavaTokenType CASE_KEYWORD Lorg/jetbrains/kotlin/com/intellij/psi/tree/IElementType; org/jetbrains/kotlin/com/intellij/psi/tree/java/IKeywordElementType
staticfield org/jetbrains/kotlin/com/intellij/psi/JavaTokenType CATCH_KEYWORD Lorg/jetbrains/kotlin/com/intellij/psi/tree/IElementType; org/jetbrains/kotlin/com/intellij/psi/tree/java/IKeywordElementType
staticfield org/jetbrains/kotlin/com/intellij/psi/JavaTokenType CHAR_KEYWORD Lorg/jetbrains/kotlin/com/intellij/psi/tree/IElementType; org/jetbrains/kotlin/com/intellij/psi/tree/java/IKeywordElementType
staticfield org/jetbrains/kotlin/com/intellij/psi/JavaTokenType CLASS_KEYWORD Lorg/jetbrains/kotlin/com/intellij/psi/tree/IElementType; org/jetbrains/kotlin/com/intellij/psi/tree/java/IKeywordElementType
staticfield org/jetbrains/kotlin/com/intellij/psi/JavaTokenType CONST_KEYWORD Lorg/jetbrains/kotlin/com/intellij/psi/tree/IElementType; org/jetbrains/kotlin/com/intellij/psi/tree/java/IKeywordElementType
staticfield org/jetbrains/kotlin/com/intellij/psi/JavaTokenType CONTINUE_KEYWORD Lorg/jetbrains/kotlin/com/intellij/psi/tree/IElementType; org/jetbrains/kotlin/com/intellij/psi/tree/java/IKeywordElementType
staticfield org/jetbrains/kotlin/com/intellij/psi/JavaTokenType DEFAULT_KEYWORD Lorg/jetbrains/kotlin/com/intellij/psi/tree/IElementType; org/jetbrains/kotlin/com/intellij/psi/tree/java/IKeywordElementType
staticfield org/jetbrains/kotlin/com/intellij/psi/JavaTokenType DO_KEYWORD Lorg/jetbrains/kotlin/com/intellij/psi/tree/IElementType; org/jetbrains/kotlin/com/intellij/psi/tree/java/IKeywordElementType
staticfield org/jetbrains/kotlin/com/intellij/psi/JavaTokenType DOUBLE_KEYWORD Lorg/jetbrains/kotlin/com/intellij/psi/tree/IElementType; org/jetbrains/kotlin/com/intellij/psi/tree/java/IKeywordElementType
staticfield org/jetbrains/kotlin/com/intellij/psi/JavaTokenType ELSE_KEYWORD Lorg/jetbrains/kotlin/com/intellij/psi/tree/IElementType; org/jetbrains/kotlin/com/intellij/psi/tree/java/IKeywordElementType
staticfield org/jetbrains/kotlin/com/intellij/psi/JavaTokenType ENUM_KEYWORD Lorg/jetbrains/kotlin/com/intellij/psi/tree/IElementType; org/jetbrains/kotlin/com/intellij/psi/tree/java/IKeywordElementType
staticfield org/jetbrains/kotlin/com/intellij/psi/JavaTokenType EXTENDS_KEYWORD Lorg/jetbrains/kotlin/com/intellij/psi/tree/IElementType; org/jetbrains/kotlin/com/intellij/psi/tree/java/IKeywordElementType
staticfield org/jetbrains/kotlin/com/intellij/psi/JavaTokenType FINAL_KEYWORD Lorg/jetbrains/kotlin/com/intellij/psi/tree/IElementType; org/jetbrains/kotlin/com/intellij/psi/tree/java/IKeywordElementType
staticfield org/jetbrains/kotlin/com/intellij/psi/JavaTokenType FINALLY_KEYWORD Lorg/jetbrains/kotlin/com/intellij/psi/tree/IElementType; org/jetbrains/kotlin/com/intellij/psi/tree/java/IKeywordElementType
staticfield org/jetbrains/kotlin/com/intellij/psi/JavaTokenType FLOAT_KEYWORD Lorg/jetbrains/kotlin/com/intellij/psi/tree/IElementType; org/jetbrains/kotlin/com/intellij/psi/tree/java/IKeywordElementType
staticfield org/jetbrains/kotlin/com/intellij/psi/JavaTokenType FOR_KEYWORD Lorg/jetbrains/kotlin/com/intellij/psi/tree/IElementType; org/jetbrains/kotlin/com/intellij/psi/tree/java/IKeywordElementType
staticfield org/jetbrains/kotlin/com/intellij/psi/JavaTokenType GOTO_KEYWORD Lorg/jetbrains/kotlin/com/intellij/psi/tree/IElementType; org/jetbrains/kotlin/com/intellij/psi/tree/java/IKeywordElementType
staticfield org/jetbrains/kotlin/com/intellij/psi/JavaTokenType IF_KEYWORD Lorg/jetbrains/kotlin/com/intellij/psi/tree/IElementType; org/jetbrains/kotlin/com/intellij/psi/tree/java/IKeywordElementType
staticfield org/jetbrains/kotlin/com/intellij/psi/JavaTokenType IMPLEMENTS_KEYWORD Lorg/jetbrains/kotlin/com/intellij/psi/tree/IElementType; org/jetbrains/kotlin/com/intellij/psi/tree/java/IKeywordElementType
staticfield org/jetbrains/kotlin/com/intellij/psi/JavaTokenType IMPORT_KEYWORD Lorg/jetbrains/kotlin/com/intellij/psi/tree/IElementType; org/jetbrains/kotlin/com/intellij/psi/tree/java/IKeywordElementType
staticfield org/jetbrains/kotlin/com/intellij/psi/JavaTokenType INSTANCEOF_KEYWORD Lorg/jetbrains/kotlin/com/intellij/psi/tree/IElementType; org/jetbrains/kotlin/com/intellij/psi/tree/java/IKeywordElementType
staticfield org/jetbrains/kotlin/com/intellij/psi/JavaTokenType INT_KEYWORD Lorg/jetbrains/kotlin/com/intellij/psi/tree/IElementType; org/jetbrains/kotlin/com/intellij/psi/tree/java/IKeywordElementType
staticfield org/jetbrains/kotlin/com/intellij/psi/JavaTokenType INTERFACE_KEYWORD Lorg/jetbrains/kotlin/com/intellij/psi/tree/IElementType; org/jetbrains/kotlin/com/intellij/psi/tree/java/IKeywordElementType
staticfield org/jetbrains/kotlin/com/intellij/psi/JavaTokenType LONG_KEYWORD Lorg/jetbrains/kotlin/com/intellij/psi/tree/IElementType; org/jetbrains/kotlin/com/intellij/psi/tree/java/IKeywordElementType
staticfield org/jetbrains/kotlin/com/intellij/psi/JavaTokenType NATIVE_KEYWORD Lorg/jetbrains/kotlin/com/intellij/psi/tree/IElementType; org/jetbrains/kotlin/com/intellij/psi/tree/java/IKeywordElementType
staticfield org/jetbrains/kotlin/com/intellij/psi/JavaTokenType NEW_KEYWORD Lorg/jetbrains/kotlin/com/intellij/psi/tree/IElementType; org/jetbrains/kotlin/com/intellij/psi/tree/java/IKeywordElementType
staticfield org/jetbrains/kotlin/com/intellij/psi/JavaTokenType PACKAGE_KEYWORD Lorg/jetbrains/kotlin/com/intellij/psi/tree/IElementType; org/jetbrains/kotlin/com/intellij/psi/tree/java/IKeywordElementType
staticfield org/jetbrains/kotlin/com/intellij/psi/JavaTokenType PRIVATE_KEYWORD Lorg/jetbrains/kotlin/com/intellij/psi/tree/IElementType; org/jetbrains/kotlin/com/intellij/psi/tree/java/IKeywordElementType
staticfield org/jetbrains/kotlin/com/intellij/psi/JavaTokenType PUBLIC_KEYWORD Lorg/jetbrains/kotlin/com/intellij/psi/tree/IElementType; org/jetbrains/kotlin/com/intellij/psi/tree/java/IKeywordElementType
staticfield org/jetbrains/kotlin/com/intellij/psi/JavaTokenType SHORT_KEYWORD Lorg/jetbrains/kotlin/com/intellij/psi/tree/IElementType; org/jetbrains/kotlin/com/intellij/psi/tree/java/IKeywordElementType
staticfield org/jetbrains/kotlin/com/intellij/psi/JavaTokenType SUPER_KEYWORD Lorg/jetbrains/kotlin/com/intellij/psi/tree/IElementType; org/jetbrains/kotlin/com/intellij/psi/tree/java/IKeywordElementType
staticfield org/jetbrains/kotlin/com/intellij/psi/JavaTokenType SWITCH_KEYWORD Lorg/jetbrains/kotlin/com/intellij/psi/tree/IElementType; org/jetbrains/kotlin/com/intellij/psi/tree/java/IKeywordElementType
staticfield org/jetbrains/kotlin/com/intellij/psi/JavaTokenType SYNCHRONIZED_KEYWORD Lorg/jetbrains/kotlin/com/intellij/psi/tree/IElementType; org/jetbrains/kotlin/com/intellij/psi/tree/java/IKeywordElementType
staticfield org/jetbrains/kotlin/com/intellij/psi/JavaTokenType THIS_KEYWORD Lorg/jetbrains/kotlin/com/intellij/psi/tree/IElementType; org/jetbrains/kotlin/com/intellij/psi/tree/java/IKeywordElementType
staticfield org/jetbrains/kotlin/com/intellij/psi/JavaTokenType THROW_KEYWORD Lorg/jetbrains/kotlin/com/intellij/psi/tree/IElementType; org/jetbrains/kotlin/com/intellij/psi/tree/java/IKeywordElementType
staticfield org/jetbrains/kotlin/com/intellij/psi/JavaTokenType PROTECTED_KEYWORD Lorg/jetbrains/kotlin/com/intellij/psi/tree/IElementType; org/jetbrains/kotlin/com/intellij/psi/tree/java/IKeywordElementType
staticfield org/jetbrains/kotlin/com/intellij/psi/JavaTokenType TRANSIENT_KEYWORD Lorg/jetbrains/kotlin/com/intellij/psi/tree/IElementType; org/jetbrains/kotlin/com/intellij/psi/tree/java/IKeywordElementType
staticfield org/jetbrains/kotlin/com/intellij/psi/JavaTokenType RETURN_KEYWORD Lorg/jetbrains/kotlin/com/intellij/psi/tree/IElementType; org/jetbrains/kotlin/com/intellij/psi/tree/java/IKeywordElementType
staticfield org/jetbrains/kotlin/com/intellij/psi/JavaTokenType VOID_KEYWORD Lorg/jetbrains/kotlin/com/intellij/psi/tree/IElementType; org/jetbrains/kotlin/com/intellij/psi/tree/java/IKeywordElementType
staticfield org/jetbrains/kotlin/com/intellij/psi/JavaTokenType STATIC_KEYWORD Lorg/jetbrains/kotlin/com/intellij/psi/tree/IElementType; org/jetbrains/kotlin/com/intellij/psi/tree/java/IKeywordElementType
staticfield org/jetbrains/kotlin/com/intellij/psi/JavaTokenType STRICTFP_KEYWORD Lorg/jetbrains/kotlin/com/intellij/psi/tree/IElementType; org/jetbrains/kotlin/com/intellij/psi/tree/java/IKeywordElementType
staticfield org/jetbrains/kotlin/com/intellij/psi/JavaTokenType WHILE_KEYWORD Lorg/jetbrains/kotlin/com/intellij/psi/tree/IElementType; org/jetbrains/kotlin/com/intellij/psi/tree/java/IKeywordElementType
staticfield org/jetbrains/kotlin/com/intellij/psi/JavaTokenType TRY_KEYWORD Lorg/jetbrains/kotlin/com/intellij/psi/tree/IElementType; org/jetbrains/kotlin/com/intellij/psi/tree/java/IKeywordElementType
staticfield org/jetbrains/kotlin/com/intellij/psi/JavaTokenType VOLATILE_KEYWORD Lorg/jetbrains/kotlin/com/intellij/psi/tree/IElementType; org/jetbrains/kotlin/com/intellij/psi/tree/java/IKeywordElementType
staticfield org/jetbrains/kotlin/com/intellij/psi/JavaTokenType THROWS_KEYWORD Lorg/jetbrains/kotlin/com/intellij/psi/tree/IElementType; org/jetbrains/kotlin/com/intellij/psi/tree/java/IKeywordElementType
staticfield org/jetbrains/kotlin/com/intellij/psi/JavaTokenType LPARENTH Lorg/jetbrains/kotlin/com/intellij/psi/tree/IElementType; org/jetbrains/kotlin/com/intellij/psi/tree/java/IJavaElementType
staticfield org/jetbrains/kotlin/com/intellij/psi/JavaTokenType RPARENTH Lorg/jetbrains/kotlin/com/intellij/psi/tree/IElementType; org/jetbrains/kotlin/com/intellij/psi/tree/java/IJavaElementType
staticfield org/jetbrains/kotlin/com/intellij/psi/JavaTokenType LBRACE Lorg/jetbrains/kotlin/com/intellij/psi/tree/IElementType; org/jetbrains/kotlin/com/intellij/psi/tree/java/IJavaElementType
staticfield org/jetbrains/kotlin/com/intellij/psi/JavaTokenType RBRACE Lorg/jetbrains/kotlin/com/intellij/psi/tree/IElementType; org/jetbrains/kotlin/com/intellij/psi/tree/java/IJavaElementType
staticfield org/jetbrains/kotlin/com/intellij/psi/JavaTokenType LBRACKET Lorg/jetbrains/kotlin/com/intellij/psi/tree/IElementType; org/jetbrains/kotlin/com/intellij/psi/tree/java/IJavaElementType
staticfield org/jetbrains/kotlin/com/intellij/psi/JavaTokenType RBRACKET Lorg/jetbrains/kotlin/com/intellij/psi/tree/IElementType; org/jetbrains/kotlin/com/intellij/psi/tree/java/IJavaElementType
staticfield org/jetbrains/kotlin/com/intellij/psi/JavaTokenType SEMICOLON Lorg/jetbrains/kotlin/com/intellij/psi/tree/IElementType; org/jetbrains/kotlin/com/intellij/psi/tree/java/IJavaElementType
staticfield org/jetbrains/kotlin/com/intellij/psi/JavaTokenType COMMA Lorg/jetbrains/kotlin/com/intellij/psi/tree/IElementType; org/jetbrains/kotlin/com/intellij/psi/tree/java/IJavaElementType
staticfield org/jetbrains/kotlin/com/intellij/psi/JavaTokenType DOT Lorg/jetbrains/kotlin/com/intellij/psi/tree/IElementType; org/jetbrains/kotlin/com/intellij/psi/tree/java/IJavaElementType
staticfield org/jetbrains/kotlin/com/intellij/psi/JavaTokenType ELLIPSIS Lorg/jetbrains/kotlin/com/intellij/psi/tree/IElementType; org/jetbrains/kotlin/com/intellij/psi/tree/java/IJavaElementType
staticfield org/jetbrains/kotlin/com/intellij/psi/JavaTokenType AT Lorg/jetbrains/kotlin/com/intellij/psi/tree/IElementType; org/jetbrains/kotlin/com/intellij/psi/tree/java/IJavaElementType
staticfield org/jetbrains/kotlin/com/intellij/psi/JavaTokenType EQ Lorg/jetbrains/kotlin/com/intellij/psi/tree/IElementType; org/jetbrains/kotlin/com/intellij/psi/tree/java/IJavaElementType
staticfield org/jetbrains/kotlin/com/intellij/psi/JavaTokenType GT Lorg/jetbrains/kotlin/com/intellij/psi/tree/IElementType; org/jetbrains/kotlin/com/intellij/psi/tree/java/IJavaElementType
staticfield org/jetbrains/kotlin/com/intellij/psi/JavaTokenType LT Lorg/jetbrains/kotlin/com/intellij/psi/tree/IElementType; org/jetbrains/kotlin/com/intellij/psi/tree/java/IJavaElementType
staticfield org/jetbrains/kotlin/com/intellij/psi/JavaTokenType EXCL Lorg/jetbrains/kotlin/com/intellij/psi/tree/IElementType; org/jetbrains/kotlin/com/intellij/psi/tree/java/IJavaElementType
staticfield org/jetbrains/kotlin/com/intellij/psi/JavaTokenType TILDE Lorg/jetbrains/kotlin/com/intellij/psi/tree/IElementType; org/jetbrains/kotlin/com/intellij/psi/tree/java/IJavaElementType
staticfield org/jetbrains/kotlin/com/intellij/psi/JavaTokenType QUEST Lorg/jetbrains/kotlin/com/intellij/psi/tree/IElementType; org/jetbrains/kotlin/com/intellij/psi/tree/java/IJavaElementType
staticfield org/jetbrains/kotlin/com/intellij/psi/JavaTokenType COLON Lorg/jetbrains/kotlin/com/intellij/psi/tree/IElementType; org/jetbrains/kotlin/com/intellij/psi/tree/java/IJavaElementType
staticfield org/jetbrains/kotlin/com/intellij/psi/JavaTokenType PLUS Lorg/jetbrains/kotlin/com/intellij/psi/tree/IElementType; org/jetbrains/kotlin/com/intellij/psi/tree/java/IJavaElementType
staticfield org/jetbrains/kotlin/com/intellij/psi/JavaTokenType MINUS Lorg/jetbrains/kotlin/com/intellij/psi/tree/IElementType; org/jetbrains/kotlin/com/intellij/psi/tree/java/IJavaElementType
staticfield org/jetbrains/kotlin/com/intellij/psi/JavaTokenType ASTERISK Lorg/jetbrains/kotlin/com/intellij/psi/tree/IElementType; org/jetbrains/kotlin/com/intellij/psi/tree/java/IJavaElementType
staticfield org/jetbrains/kotlin/com/intellij/psi/JavaTokenType DIV Lorg/jetbrains/kotlin/com/intellij/psi/tree/IElementType; org/jetbrains/kotlin/com/intellij/psi/tree/java/IJavaElementType
staticfield org/jetbrains/kotlin/com/intellij/psi/JavaTokenType AND Lorg/jetbrains/kotlin/com/intellij/psi/tree/IElementType; org/jetbrains/kotlin/com/intellij/psi/tree/java/IJavaElementType
staticfield org/jetbrains/kotlin/com/intellij/psi/JavaTokenType OR Lorg/jetbrains/kotlin/com/intellij/psi/tree/IElementType; org/jetbrains/kotlin/com/intellij/psi/tree/java/IJavaElementType
staticfield org/jetbrains/kotlin/com/intellij/psi/JavaTokenType XOR Lorg/jetbrains/kotlin/com/intellij/psi/tree/IElementType; org/jetbrains/kotlin/com/intellij/psi/tree/java/IJavaElementType
staticfield org/jetbrains/kotlin/com/intellij/psi/JavaTokenType PERC Lorg/jetbrains/kotlin/com/intellij/psi/tree/IElementType; org/jetbrains/kotlin/com/intellij/psi/tree/java/IJavaElementType
staticfield org/jetbrains/kotlin/com/intellij/psi/JavaTokenType EQEQ Lorg/jetbrains/kotlin/com/intellij/psi/tree/IElementType; org/jetbrains/kotlin/com/intellij/psi/tree/java/IJavaElementType
staticfield org/jetbrains/kotlin/com/intellij/psi/JavaTokenType LE Lorg/jetbrains/kotlin/com/intellij/psi/tree/IElementType; org/jetbrains/kotlin/com/intellij/psi/tree/java/IJavaElementType
staticfield org/jetbrains/kotlin/com/intellij/psi/JavaTokenType GE Lorg/jetbrains/kotlin/com/intellij/psi/tree/IElementType; org/jetbrains/kotlin/com/intellij/psi/tree/java/IJavaElementType
staticfield org/jetbrains/kotlin/com/intellij/psi/JavaTokenType NE Lorg/jetbrains/kotlin/com/intellij/psi/tree/IElementType; org/jetbrains/kotlin/com/intellij/psi/tree/java/IJavaElementType
staticfield org/jetbrains/kotlin/com/intellij/psi/JavaTokenType ANDAND Lorg/jetbrains/kotlin/com/intellij/psi/tree/IElementType; org/jetbrains/kotlin/com/intellij/psi/tree/java/IJavaElementType
staticfield org/jetbrains/kotlin/com/intellij/psi/JavaTokenType OROR Lorg/jetbrains/kotlin/com/intellij/psi/tree/IElementType; org/jetbrains/kotlin/com/intellij/psi/tree/java/IJavaElementType
staticfield org/jetbrains/kotlin/com/intellij/psi/JavaTokenType PLUSPLUS Lorg/jetbrains/kotlin/com/intellij/psi/tree/IElementType; org/jetbrains/kotlin/com/intellij/psi/tree/java/IJavaElementType
staticfield org/jetbrains/kotlin/com/intellij/psi/JavaTokenType MINUSMINUS Lorg/jetbrains/kotlin/com/intellij/psi/tree/IElementType; org/jetbrains/kotlin/com/intellij/psi/tree/java/IJavaElementType
staticfield org/jetbrains/kotlin/com/intellij/psi/JavaTokenType LTLT Lorg/jetbrains/kotlin/com/intellij/psi/tree/IElementType; org/jetbrains/kotlin/com/intellij/psi/tree/java/IJavaElementType
staticfield org/jetbrains/kotlin/com/intellij/psi/JavaTokenType GTGT Lorg/jetbrains/kotlin/com/intellij/psi/tree/IElementType; org/jetbrains/kotlin/com/intellij/psi/tree/java/IJavaElementType
staticfield org/jetbrains/kotlin/com/intellij/psi/JavaTokenType GTGTGT Lorg/jetbrains/kotlin/com/intellij/psi/tree/IElementType; org/jetbrains/kotlin/com/intellij/psi/tree/java/IJavaElementType
staticfield org/jetbrains/kotlin/com/intellij/psi/JavaTokenType PLUSEQ Lorg/jetbrains/kotlin/com/intellij/psi/tree/IElementType; org/jetbrains/kotlin/com/intellij/psi/tree/java/IJavaElementType
staticfield org/jetbrains/kotlin/com/intellij/psi/JavaTokenType MINUSEQ Lorg/jetbrains/kotlin/com/intellij/psi/tree/IElementType; org/jetbrains/kotlin/com/intellij/psi/tree/java/IJavaElementType
staticfield org/jetbrains/kotlin/com/intellij/psi/JavaTokenType ASTERISKEQ Lorg/jetbrains/kotlin/com/intellij/psi/tree/IElementType; org/jetbrains/kotlin/com/intellij/psi/tree/java/IJavaElementType
staticfield org/jetbrains/kotlin/com/intellij/psi/JavaTokenType DIVEQ Lorg/jetbrains/kotlin/com/intellij/psi/tree/IElementType; org/jetbrains/kotlin/com/intellij/psi/tree/java/IJavaElementType
staticfield org/jetbrains/kotlin/com/intellij/psi/JavaTokenType ANDEQ Lorg/jetbrains/kotlin/com/intellij/psi/tree/IElementType; org/jetbrains/kotlin/com/intellij/psi/tree/java/IJavaElementType
staticfield org/jetbrains/kotlin/com/intellij/psi/JavaTokenType OREQ Lorg/jetbrains/kotlin/com/intellij/psi/tree/IElementType; org/jetbrains/kotlin/com/intellij/psi/tree/java/IJavaElementType
staticfield org/jetbrains/kotlin/com/intellij/psi/JavaTokenType XOREQ Lorg/jetbrains/kotlin/com/intellij/psi/tree/IElementType; org/jetbrains/kotlin/com/intellij/psi/tree/java/IJavaElementType
staticfield org/jetbrains/kotlin/com/intellij/psi/JavaTokenType PERCEQ Lorg/jetbrains/kotlin/com/intellij/psi/tree/IElementType; org/jetbrains/kotlin/com/intellij/psi/tree/java/IJavaElementType
staticfield org/jetbrains/kotlin/com/intellij/psi/JavaTokenType LTLTEQ Lorg/jetbrains/kotlin/com/intellij/psi/tree/IElementType; org/jetbrains/kotlin/com/intellij/psi/tree/java/IJavaElementType
staticfield org/jetbrains/kotlin/com/intellij/psi/JavaTokenType GTGTEQ Lorg/jetbrains/kotlin/com/intellij/psi/tree/IElementType; org/jetbrains/kotlin/com/intellij/psi/tree/java/IJavaElementType
staticfield org/jetbrains/kotlin/com/intellij/psi/JavaTokenType GTGTGTEQ Lorg/jetbrains/kotlin/com/intellij/psi/tree/IElementType; org/jetbrains/kotlin/com/intellij/psi/tree/java/IJavaElementType
staticfield org/jetbrains/kotlin/com/intellij/psi/JavaTokenType DOUBLE_COLON Lorg/jetbrains/kotlin/com/intellij/psi/tree/IElementType; org/jetbrains/kotlin/com/intellij/psi/tree/java/IJavaElementType
staticfield org/jetbrains/kotlin/com/intellij/psi/JavaTokenType ARROW Lorg/jetbrains/kotlin/com/intellij/psi/tree/IElementType; org/jetbrains/kotlin/com/intellij/psi/tree/java/IJavaElementType
staticfield org/jetbrains/kotlin/com/intellij/psi/JavaTokenType OPEN_KEYWORD Lorg/jetbrains/kotlin/com/intellij/psi/tree/IElementType; org/jetbrains/kotlin/com/intellij/psi/tree/java/IJavaElementType
staticfield org/jetbrains/kotlin/com/intellij/psi/JavaTokenType MODULE_KEYWORD Lorg/jetbrains/kotlin/com/intellij/psi/tree/IElementType; org/jetbrains/kotlin/com/intellij/psi/tree/java/IJavaElementType
staticfield org/jetbrains/kotlin/com/intellij/psi/JavaTokenType REQUIRES_KEYWORD Lorg/jetbrains/kotlin/com/intellij/psi/tree/IElementType; org/jetbrains/kotlin/com/intellij/psi/tree/java/IJavaElementType
staticfield org/jetbrains/kotlin/com/intellij/psi/JavaTokenType EXPORTS_KEYWORD Lorg/jetbrains/kotlin/com/intellij/psi/tree/IElementType; org/jetbrains/kotlin/com/intellij/psi/tree/java/IJavaElementType
staticfield org/jetbrains/kotlin/com/intellij/psi/JavaTokenType OPENS_KEYWORD Lorg/jetbrains/kotlin/com/intellij/psi/tree/IElementType; org/jetbrains/kotlin/com/intellij/psi/tree/java/IJavaElementType
staticfield org/jetbrains/kotlin/com/intellij/psi/JavaTokenType USES_KEYWORD Lorg/jetbrains/kotlin/com/intellij/psi/tree/IElementType; org/jetbrains/kotlin/com/intellij/psi/tree/java/IJavaElementType
staticfield org/jetbrains/kotlin/com/intellij/psi/JavaTokenType PROVIDES_KEYWORD Lorg/jetbrains/kotlin/com/intellij/psi/tree/IElementType; org/jetbrains/kotlin/com/intellij/psi/tree/java/IJavaElementType
staticfield org/jetbrains/kotlin/com/intellij/psi/JavaTokenType TRANSITIVE_KEYWORD Lorg/jetbrains/kotlin/com/intellij/psi/tree/IElementType; org/jetbrains/kotlin/com/intellij/psi/tree/java/IJavaElementType
staticfield org/jetbrains/kotlin/com/intellij/psi/JavaTokenType TO_KEYWORD Lorg/jetbrains/kotlin/com/intellij/psi/tree/IElementType; org/jetbrains/kotlin/com/intellij/psi/tree/java/IJavaElementType
staticfield org/jetbrains/kotlin/com/intellij/psi/JavaTokenType WITH_KEYWORD Lorg/jetbrains/kotlin/com/intellij/psi/tree/IElementType; org/jetbrains/kotlin/com/intellij/psi/tree/java/IJavaElementType
staticfield org/jetbrains/kotlin/com/intellij/psi/JavaTokenType VAR_KEYWORD Lorg/jetbrains/kotlin/com/intellij/psi/tree/IElementType; org/jetbrains/kotlin/com/intellij/psi/tree/java/IJavaElementType
staticfield org/jetbrains/kotlin/com/intellij/psi/JavaTokenType YIELD_KEYWORD Lorg/jetbrains/kotlin/com/intellij/psi/tree/IElementType; org/jetbrains/kotlin/com/intellij/psi/tree/java/IJavaElementType
staticfield org/jetbrains/kotlin/com/intellij/psi/JavaTokenType RECORD_KEYWORD Lorg/jetbrains/kotlin/com/intellij/psi/tree/IElementType; org/jetbrains/kotlin/com/intellij/psi/tree/java/IJavaElementType
staticfield org/jetbrains/kotlin/com/intellij/psi/JavaTokenType SEALED_KEYWORD Lorg/jetbrains/kotlin/com/intellij/psi/tree/IElementType; org/jetbrains/kotlin/com/intellij/psi/tree/java/IJavaElementType
staticfield org/jetbrains/kotlin/com/intellij/psi/JavaTokenType NON_SEALED_KEYWORD Lorg/jetbrains/kotlin/com/intellij/psi/tree/IElementType; org/jetbrains/kotlin/com/intellij/psi/tree/java/IKeywordElementType
staticfield org/jetbrains/kotlin/com/intellij/psi/JavaTokenType PERMITS_KEYWORD Lorg/jetbrains/kotlin/com/intellij/psi/tree/IElementType; org/jetbrains/kotlin/com/intellij/psi/tree/java/IJavaElementType
ciInstanceKlass org/jetbrains/kotlin/com/intellij/psi/impl/source/tree/JavaDocElementType 1 1 143 1 7 1 100 1 1 100 1 1 7 1 1 7 1 7 1 7 1 100 1 100 1 1 1 1 1 1 1 1 1 1 1 1 1 1 1 1 100 1 1 12 10 1 1 100 10 1 1 100 10 1 1 100 10 1 8 1 16 12 11 15 16 1 7 1 1 12 10 15 1 1 12 18 1 12 10 12 9 8 12 11 15 18 12 9 8 12 11 15 18 12 9 8 12 11 15 18 12 9 1 7 8 1 12 10 12 9 8 10 12 9 8 10 12 9 8 1 7 1 1 12 9 1 12 10 12 9 1 7 1 7 1 1 12 10 12 9 1 1 1 1 1
staticfield org/jetbrains/kotlin/com/intellij/psi/impl/source/tree/JavaDocElementType DOC_TAG Lorg/jetbrains/kotlin/com/intellij/psi/tree/IElementType; org/jetbrains/kotlin/com/intellij/psi/impl/source/tree/JavaDocElementType$JavaDocCompositeElementType
staticfield org/jetbrains/kotlin/com/intellij/psi/impl/source/tree/JavaDocElementType DOC_INLINE_TAG Lorg/jetbrains/kotlin/com/intellij/psi/tree/IElementType; org/jetbrains/kotlin/com/intellij/psi/impl/source/tree/JavaDocElementType$JavaDocCompositeElementType
staticfield org/jetbrains/kotlin/com/intellij/psi/impl/source/tree/JavaDocElementType DOC_METHOD_OR_FIELD_REF Lorg/jetbrains/kotlin/com/intellij/psi/tree/IElementType; org/jetbrains/kotlin/com/intellij/psi/impl/source/tree/JavaDocElementType$JavaDocCompositeElementType
staticfield org/jetbrains/kotlin/com/intellij/psi/impl/source/tree/JavaDocElementType DOC_PARAMETER_REF Lorg/jetbrains/kotlin/com/intellij/psi/tree/IElementType; org/jetbrains/kotlin/com/intellij/psi/impl/source/tree/JavaDocElementType$JavaDocCompositeElementType
staticfield org/jetbrains/kotlin/com/intellij/psi/impl/source/tree/JavaDocElementType DOC_TAG_VALUE_ELEMENT Lorg/jetbrains/kotlin/com/intellij/psi/tree/IElementType; org/jetbrains/kotlin/com/intellij/psi/tree/java/IJavaDocElementType
staticfield org/jetbrains/kotlin/com/intellij/psi/impl/source/tree/JavaDocElementType DOC_REFERENCE_HOLDER Lorg/jetbrains/kotlin/com/intellij/psi/tree/ILazyParseableElementType; org/jetbrains/kotlin/com/intellij/psi/impl/source/tree/JavaDocElementType$1
staticfield org/jetbrains/kotlin/com/intellij/psi/impl/source/tree/JavaDocElementType DOC_TYPE_HOLDER Lorg/jetbrains/kotlin/com/intellij/psi/tree/ILazyParseableElementType; org/jetbrains/kotlin/com/intellij/psi/impl/source/tree/JavaDocElementType$2
staticfield org/jetbrains/kotlin/com/intellij/psi/impl/source/tree/JavaDocElementType DOC_COMMENT Lorg/jetbrains/kotlin/com/intellij/psi/tree/ILazyParseableElementType; org/jetbrains/kotlin/com/intellij/psi/impl/source/tree/JavaDocElementType$3
staticfield org/jetbrains/kotlin/com/intellij/psi/impl/source/tree/JavaDocElementType ALL_JAVADOC_ELEMENTS Lorg/jetbrains/kotlin/com/intellij/psi/tree/TokenSet; org/jetbrains/kotlin/com/intellij/psi/tree/TokenSet
ciInstanceKlass org/jetbrains/kotlin/com/intellij/psi/impl/source/tree/ElementType 1 1 643 1 7 1 100 1 100 1 100 1 100 1 100 1 1 1 1 1 1 1 1 1 1 1 1 1 1 1 1 1 1 1 1 1 1 1 1 1 1 1 1 1 7 1 1 12 9 1 12 9 1 7 1 1 12 10 12 9 1 1 12 9 1 1 12 10 12 9 1 12 9 12 9 1 12 9 1 12 9 1 12 9 1 12 9 1 12 9 1 12 9 1 12 9 1 12 9 1 12 9 1 12 9 1 12 9 1 12 9 1 12 9 1 12 9 1 12 9 1 12 9 1 12 9 1 12 9 1 12 9 1 12 9 1 12 9 1 12 9 1 12 9 1 12 9 1 12 9 1 12 9 1 12 9 1 12 9 1 12 9 1 12 9 1 12 9 1 12 9 1 12 9 1 12 9 1 12 9 1 12 9 1 12 9 1 12 9 1 12 9 1 12 9 1 12 9 1 12 9 1 12 9 1 12 9 1 12 9 1 12 9 1 12 9 1 12 9 1 12 9 1 12 9 1 12 9 1 12 9 1 12 9 1 12 9 1 12 9 1 12 9 1 12 9 1 12 9 1 12 9 1 12 9 1 12 9 1 12 9 1 12 9 1 12 9 1 12 9 1 12 9 12 9 1 12 9 1 12 9 1 12 9 12 9 1 12 9 1 12 9 1 12 9 1 12 9 1 12 9 1 12 9 1 12 9 1 12 9 1 12 9 1 12 9 1 12 9 1 12 9 1 12 9 1 12 9 1 12 9 1 12 9 1 12 9 1 12 9 1 12 9 1 12 9 1 12 9 1 12 9 1 12 9 1 12 9 1 12 9 1 12 9 1 12 9 1 12 9 1 12 9 1 12 9 1 12 9 1 12 9 1 12 9 1 12 9 1 12 9 1 12 9 1 12 9 12 9 12 9 12 9 1 12 9 1 12 9 1 12 9 1 12 9 1 12 9 1 12 9 1 12 9 1 12 9 1 12 9 1 12 9 1 12 9 1 12 9 1 12 9 1 12 9 1 12 9 1 12 9 1 12 9 1 12 9 1 12 9 1 12 9 1 12 9 1 12 9 12 9 1 12 9 1 12 9 12 9 12 9 1 12 9 1 12 9 1 12 9 1 12 9 1 12 9 1 12 9 1 12 9 1 12 9 1 12 9 1 12 9 1 12 9 1 12 9 1 12 9 1 12 9 1 12 9 1 12 9 1 12 9 1 12 9 1 12 9 1 12 9 1 12 9 12 9 1 12 9 1 12 9 1 12 9 12 9 1 12 9 12 9 1 12 9 1 12 9 1 12 9 1 12 9 1 12 9 12 9 1 12 9 1 12 9 12 9 12 9 1 12 9 1 12 9 1 12 9 1 12 9 1 12 9 12 9 1 12 9 12 9 1 12 9 1 12 9 12 9 1 12 9 1 12 9 12 9 1 12 9 1 12 9 12 9 1 12 9 12 9 12 9 1 1 1
staticfield org/jetbrains/kotlin/com/intellij/psi/impl/source/tree/ElementType JAVA_PLAIN_COMMENT_BIT_SET Lorg/jetbrains/kotlin/com/intellij/psi/tree/TokenSet; org/jetbrains/kotlin/com/intellij/psi/tree/TokenSet
staticfield org/jetbrains/kotlin/com/intellij/psi/impl/source/tree/ElementType JAVA_COMMENT_BIT_SET Lorg/jetbrains/kotlin/com/intellij/psi/tree/TokenSet; org/jetbrains/kotlin/com/intellij/psi/tree/TokenSet
staticfield org/jetbrains/kotlin/com/intellij/psi/impl/source/tree/ElementType JAVA_COMMENT_OR_WHITESPACE_BIT_SET Lorg/jetbrains/kotlin/com/intellij/psi/tree/TokenSet; org/jetbrains/kotlin/com/intellij/psi/tree/TokenSet
staticfield org/jetbrains/kotlin/com/intellij/psi/impl/source/tree/ElementType KEYWORD_BIT_SET Lorg/jetbrains/kotlin/com/intellij/psi/tree/TokenSet; org/jetbrains/kotlin/com/intellij/psi/tree/TokenSet
staticfield org/jetbrains/kotlin/com/intellij/psi/impl/source/tree/ElementType LITERAL_BIT_SET Lorg/jetbrains/kotlin/com/intellij/psi/tree/TokenSet; org/jetbrains/kotlin/com/intellij/psi/tree/TokenSet
staticfield org/jetbrains/kotlin/com/intellij/psi/impl/source/tree/ElementType OPERATION_BIT_SET Lorg/jetbrains/kotlin/com/intellij/psi/tree/TokenSet; org/jetbrains/kotlin/com/intellij/psi/tree/TokenSet
staticfield org/jetbrains/kotlin/com/intellij/psi/impl/source/tree/ElementType MODIFIER_BIT_SET Lorg/jetbrains/kotlin/com/intellij/psi/tree/TokenSet; org/jetbrains/kotlin/com/intellij/psi/tree/TokenSet
staticfield org/jetbrains/kotlin/com/intellij/psi/impl/source/tree/ElementType PRIMITIVE_TYPE_BIT_SET Lorg/jetbrains/kotlin/com/intellij/psi/tree/TokenSet; org/jetbrains/kotlin/com/intellij/psi/tree/TokenSet
staticfield org/jetbrains/kotlin/com/intellij/psi/impl/source/tree/ElementType EXPRESSION_BIT_SET Lorg/jetbrains/kotlin/com/intellij/psi/tree/TokenSet; org/jetbrains/kotlin/com/intellij/psi/tree/TokenSet
staticfield org/jetbrains/kotlin/com/intellij/psi/impl/source/tree/ElementType ANNOTATION_MEMBER_VALUE_BIT_SET Lorg/jetbrains/kotlin/com/intellij/psi/tree/TokenSet; org/jetbrains/kotlin/com/intellij/psi/tree/TokenSet
staticfield org/jetbrains/kotlin/com/intellij/psi/impl/source/tree/ElementType ARRAY_DIMENSION_BIT_SET Lorg/jetbrains/kotlin/com/intellij/psi/tree/TokenSet; org/jetbrains/kotlin/com/intellij/psi/tree/TokenSet
staticfield org/jetbrains/kotlin/com/intellij/psi/impl/source/tree/ElementType JAVA_STATEMENT_BIT_SET Lorg/jetbrains/kotlin/com/intellij/psi/tree/TokenSet; org/jetbrains/kotlin/com/intellij/psi/tree/TokenSet
staticfield org/jetbrains/kotlin/com/intellij/psi/impl/source/tree/ElementType JAVA_PATTERN_BIT_SET Lorg/jetbrains/kotlin/com/intellij/psi/tree/TokenSet; org/jetbrains/kotlin/com/intellij/psi/tree/TokenSet
staticfield org/jetbrains/kotlin/com/intellij/psi/impl/source/tree/ElementType JAVA_CASE_LABEL_ELEMENT_BIT_SET Lorg/jetbrains/kotlin/com/intellij/psi/tree/TokenSet; org/jetbrains/kotlin/com/intellij/psi/tree/TokenSet
staticfield org/jetbrains/kotlin/com/intellij/psi/impl/source/tree/ElementType JAVA_MODULE_STATEMENT_BIT_SET Lorg/jetbrains/kotlin/com/intellij/psi/tree/TokenSet; org/jetbrains/kotlin/com/intellij/psi/tree/TokenSet
staticfield org/jetbrains/kotlin/com/intellij/psi/impl/source/tree/ElementType IMPORT_STATEMENT_BASE_BIT_SET Lorg/jetbrains/kotlin/com/intellij/psi/tree/TokenSet; org/jetbrains/kotlin/com/intellij/psi/tree/TokenSet
staticfield org/jetbrains/kotlin/com/intellij/psi/impl/source/tree/ElementType CLASS_KEYWORD_BIT_SET Lorg/jetbrains/kotlin/com/intellij/psi/tree/TokenSet; org/jetbrains/kotlin/com/intellij/psi/tree/TokenSet
staticfield org/jetbrains/kotlin/com/intellij/psi/impl/source/tree/ElementType MEMBER_BIT_SET Lorg/jetbrains/kotlin/com/intellij/psi/tree/TokenSet; org/jetbrains/kotlin/com/intellij/psi/tree/TokenSet
staticfield org/jetbrains/kotlin/com/intellij/psi/impl/source/tree/ElementType FULL_MEMBER_BIT_SET Lorg/jetbrains/kotlin/com/intellij/psi/tree/TokenSet; org/jetbrains/kotlin/com/intellij/psi/tree/TokenSet
staticfield org/jetbrains/kotlin/com/intellij/psi/impl/source/tree/ElementType INTEGER_LITERALS Lorg/jetbrains/kotlin/com/intellij/psi/tree/TokenSet; org/jetbrains/kotlin/com/intellij/psi/tree/TokenSet
staticfield org/jetbrains/kotlin/com/intellij/psi/impl/source/tree/ElementType REAL_LITERALS Lorg/jetbrains/kotlin/com/intellij/psi/tree/TokenSet; org/jetbrains/kotlin/com/intellij/psi/tree/TokenSet
staticfield org/jetbrains/kotlin/com/intellij/psi/impl/source/tree/ElementType STRING_LITERALS Lorg/jetbrains/kotlin/com/intellij/psi/tree/TokenSet; org/jetbrains/kotlin/com/intellij/psi/tree/TokenSet
staticfield org/jetbrains/kotlin/com/intellij/psi/impl/source/tree/ElementType TEXT_LITERALS Lorg/jetbrains/kotlin/com/intellij/psi/tree/TokenSet; org/jetbrains/kotlin/com/intellij/psi/tree/TokenSet
staticfield org/jetbrains/kotlin/com/intellij/psi/impl/source/tree/ElementType ALL_LITERALS Lorg/jetbrains/kotlin/com/intellij/psi/tree/TokenSet; org/jetbrains/kotlin/com/intellij/psi/tree/TokenSet
instanceKlass org/jetbrains/kotlin/com/intellij/psi/impl/source/tree/JavaDocElementType$JavaDocCompositeElementType
ciInstanceKlass org/jetbrains/kotlin/com/intellij/psi/tree/java/IJavaDocElementType 1 1 28 1 100 1 7 1 1 1 1 1 7 1 1 12 9 1 12 10 1 1 1 1 1 1 1 1 1 1
ciMethodData java/lang/Object <init> ()V 2 933865 orig 80 0 0 0 0 0 0 0 0 0 0 0 0 0 0 0 0 0 0 0 0 0 0 0 0 0 0 0 0 0 0 0 0 0 0 0 0 0 0 0 0 0 0 0 0 0 0 0 0 0 0 0 0 0 0 0 0 0 0 0 0 0 0 0 0 0 0 0 0 0 0 0 0 0 0 0 0 0 0 0 0 data 4 0x0 0x9 0x1 0x0 oops 0 methods 0
ciMethodData java/lang/String isLatin1 ()Z 2 1101926 orig 80 0 0 0 0 0 0 0 0 0 0 0 0 0 0 0 0 0 0 0 0 0 0 0 0 0 0 0 0 0 0 0 0 0 0 0 0 0 0 0 0 0 0 0 0 0 0 0 0 0 0 0 0 0 0 0 0 0 0 0 0 0 0 0 0 0 0 0 0 0 0 0 0 0 0 0 0 0 0 0 0 data 18 0x30007 0x0 0x58 0x10ce67 0xa0007 0x22a 0x38 0x10cc3d 0xe0003 0x10cc3d 0x18 0x0 0x0 0x0 0x0 0x9 0x1 0x0 oops 0 methods 0
ciMethodData java/lang/String coder ()B 2 966109 orig 80 0 0 0 0 0 0 0 0 0 0 0 0 201 1 0 0 0 0 0 0 0 0 0 0 0 0 0 0 0 0 0 0 0 0 0 0 0 0 0 0 0 0 0 0 0 0 0 0 0 0 0 0 0 0 0 0 0 0 0 0 0 0 0 0 0 0 0 0 0 0 0 0 0 0 0 0 0 0 0 0 data 14 0x30007 0x0 0x38 0xebccd 0xa0003 0xebccd 0x18 0x0 0x0 0x0 0x0 0x9 0x1 0x0 oops 0 methods 0
ciMethodData java/lang/String length ()I 2 770606 orig 80 0 0 0 0 0 0 0 0 0 0 0 0 201 1 0 0 0 0 0 0 0 0 0 0 0 0 0 0 0 0 0 0 0 0 0 0 0 0 0 0 0 0 0 0 0 0 0 0 0 0 0 0 0 0 0 0 0 0 0 0 0 0 0 0 0 0 0 0 0 0 0 0 0 0 0 0 0 0 0 0 data 16 0x60005 0xbc120 0x0 0x0 0x0 0x0 0x0 0x0 0x0 0x0 0x0 0x0 0x0 0x9 0x1 0x0 oops 0 methods 0
ciMethodData java/lang/String charAt (I)C 2 856369 orig 80 0 0 0 0 0 0 0 0 0 0 0 0 201 1 0 0 0 0 0 0 0 0 0 0 0 0 0 0 0 0 0 0 0 0 0 0 0 0 0 0 0 0 0 0 0 0 0 0 0 0 0 0 0 0 0 0 0 0 0 0 0 0 0 0 0 0 0 0 0 0 0 0 0 0 0 0 0 0 0 0 data 25 0x10005 0xd100c 0x0 0x0 0x0 0x0 0x0 0x40007 0x3 0x30 0xd1009 0xc0002 0xd1009 0x150002 0x3 0x0 0x0 0x0 0x0 0x0 0x0 0x9 0x2 0x0 0x0 oops 0 methods 0
ciMethodData java/lang/StringLatin1 charAt ([BI)C 2 849161 orig 80 0 0 0 0 0 0 0 0 0 0 0 0 0 0 0 0 0 0 0 0 0 0 0 0 0 0 0 0 0 0 0 0 0 0 0 0 0 0 0 0 0 0 0 0 0 0 0 0 0 0 0 0 0 0 0 0 0 0 0 0 0 0 0 0 0 0 0 0 0 0 0 0 0 0 0 0 0 0 0 0 data 18 0x10007 0x0 0x40 0xcf393 0x70007 0xcf393 0x30 0x0 0xf0002 0x0 0x0 0x0 0x0 0x0 0x9 0x2 0x0 0x0 oops 0 methods 0
ciMethodData java/lang/StringUTF16 charAt ([BI)C 2 24804 orig 80 0 0 0 0 0 0 0 0 0 0 0 0 0 0 0 0 0 0 0 0 0 0 0 0 0 0 0 0 0 0 0 0 0 0 0 0 0 0 0 0 0 0 0 0 0 0 0 0 0 0 0 0 0 0 0 0 0 0 0 0 0 0 0 0 0 0 0 0 0 0 0 0 0 0 0 0 0 0 0 0 data 14 0x20002 0x60e4 0x70002 0x8f1 0x0 0x0 0x0 0x0 0x0 0x0 0x9 0x2 0x0 0x0 oops 0 methods 0
ciMethodData java/lang/StringUTF16 checkIndex (I[B)V 2 24804 orig 80 0 0 0 0 0 0 0 0 0 0 0 0 0 0 0 0 0 0 0 0 0 0 0 0 0 0 0 0 0 0 0 0 0 0 0 0 0 0 0 0 0 0 0 0 0 0 0 0 0 0 0 0 0 0 0 0 0 0 0 0 0 0 0 0 0 0 0 0 0 0 0 0 0 0 0 0 0 0 0 0 data 14 0x20002 0x60e4 0x50002 0x60e4 0x0 0x0 0x0 0x0 0x0 0x0 0x9 0x2 0x0 0x0 oops 0 methods 0
ciMethodData java/lang/StringUTF16 length ([B)I 2 24806 orig 80 0 0 0 0 0 0 0 0 0 0 0 0 0 0 0 0 0 0 0 0 0 0 0 0 0 0 0 0 0 0 0 0 0 0 0 0 0 0 0 0 0 0 0 0 0 0 0 0 0 0 0 0 0 0 0 0 0 0 0 0 0 0 0 0 0 0 0 0 0 0 0 0 0 0 0 0 0 0 0 0 data 6 0x0 0x0 0x0 0x9 0x1 0x0 oops 0 methods 0
ciMethodData java/lang/String checkIndex (II)V 2 25545 orig 80 0 0 0 0 0 0 0 0 0 0 0 0 0 0 0 0 0 0 0 0 0 0 0 0 0 0 0 0 0 0 0 0 0 0 0 0 0 0 0 0 0 0 0 0 0 0 0 0 0 0 0 0 0 0 0 0 0 0 0 0 0 0 0 0 0 0 0 0 0 0 0 0 0 0 0 0 0 0 0 0 data 57 0x10007 0x0 0x40 0x63c9 0x60007 0x63c9 0x158 0x0 0x110002 0x0 0x170005 0x0 0x0 0x0 0x0 0x0 0x0 0x1b0005 0x0 0x0 0x0 0x0 0x0 0x0 0x210005 0x0 0x0 0x0 0x0 0x0 0x0 0x250005 0x0 0x0 0x0 0x0 0x0 0x0 0x280005 0x0 0x0 0x0 0x0 0x0 0x0 0x2b0002 0x0 0x0 0x0 0x0 0x0 0x0 0x0 0x9 0x2 0x0 0x0 oops 0 methods 0
ciMethodData java/lang/String substring (II)Ljava/lang/String; 2 12564 orig 80 1 0 0 0 0 0 0 0 0 0 0 0 201 1 0 0 0 0 0 0 0 0 0 0 0 0 0 0 0 0 0 0 0 0 0 0 0 0 0 1 0 0 0 0 0 0 0 0 0 0 0 0 0 0 0 0 0 0 0 0 0 0 0 0 0 0 0 0 0 0 0 0 0 0 0 0 0 0 0 0 data 46 0x10005 0x3014 0x0 0x0 0x0 0x0 0x0 0x80002 0x3014 0xc0007 0xbc2 0x40 0x2452 0x110007 0x2135 0x20 0x31d 0x1c0005 0x2cf7 0x0 0x0 0x0 0x0 0x0 0x80000006001f0007 0x5 0x48 0x2cf3 0x290002 0x2cf3 0x2c0003 0x2cf3 0x28 0x360002 0x5 0x0 0x0 0x0 0x0 0x0 0x0 0x9 0x3 0x0 0x0 0x0 oops 0 methods 0
ciMethod java/lang/IndexOutOfBoundsException <init> (Ljava/lang/String;)V 0 0 1 0 -1
ciMethodData java/lang/ref/Reference refersTo (Ljava/lang/Object;)Z 2 87208 orig 80 0 0 0 0 0 0 0 0 0 0 0 0 0 0 0 0 0 0 0 0 0 0 0 0 0 0 0 0 0 0 0 0 0 0 0 0 0 0 0 0 0 0 0 0 0 0 0 0 0 0 0 0 0 0 0 0 0 0 0 0 0 0 0 0 0 0 0 0 0 0 0 0 0 0 0 0 0 0 0 0 data 17 0x20005 0x12b2c 0x0 0x1c968d36790 0xf98 0x1c963472a20 0x1941 0x0 0x0 0x0 0x0 0x0 0x0 0x9 0x2 0x0 0x0 oops 2 3 java/util/WeakHashMap$Entry 5 java/lang/ref/WeakReference methods 0
ciMethod java/util/concurrent/atomic/AtomicReference <init> ()V 1024 0 33717 0 0
ciMethod java/util/concurrent/atomic/AtomicReference get ()Ljava/lang/Object; 260 0 130 0 0
ciMethod java/util/concurrent/atomic/AtomicReference set (Ljava/lang/Object;)V 300 0 150 0 0
ciMethodData java/lang/ref/Reference refersToImpl (Ljava/lang/Object;)Z 2 50415 orig 80 0 0 0 0 0 0 0 0 0 0 0 0 201 1 0 0 0 0 0 0 0 0 0 0 0 0 0 0 0 0 0 0 0 0 0 0 0 0 0 0 0 0 0 0 0 0 0 0 0 0 0 0 0 0 0 0 0 0 0 0 0 0 0 0 0 0 0 0 0 0 0 0 0 0 0 0 0 0 0 0 data 17 0x20005 0xc3ee 0x0 0x0 0x0 0x0 0x0 0x0 0x0 0x0 0x0 0x0 0x0 0x9 0x2 0x0 0x0 oops 0 methods 0
ciMethodData java/lang/ThreadLocal getMap (Ljava/lang/Thread;)Ljava/lang/ThreadLocal$ThreadLocalMap; 2 34208 orig 80 0 0 0 0 0 0 0 0 0 0 0 0 201 1 0 0 0 0 0 0 0 0 0 0 0 0 0 0 0 0 0 0 0 0 0 0 0 0 0 0 0 0 0 0 0 0 0 0 0 0 0 0 0 0 0 0 0 0 0 0 0 0 0 0 0 0 0 0 0 0 0 0 0 0 0 0 0 0 0 0 data 6 0x0 0x0 0x9 0x2 0x0 0x0 oops 0 methods 0
ciMethodData java/lang/ThreadLocal get ()Ljava/lang/Object; 2 33304 orig 80 1 0 0 0 0 0 0 0 0 0 0 0 201 1 0 0 0 0 0 0 0 0 0 0 0 0 0 0 0 0 0 0 0 0 0 0 0 0 0 0 0 0 0 0 0 0 0 0 0 0 0 0 0 0 0 0 0 0 0 0 0 0 0 0 0 0 0 0 0 0 0 0 0 0 0 0 0 0 0 0 data 40 0x2 0x8115 0x60005 0x6ce8 0x0 0x1c968d32c40 0x674 0x1c968d32cf0 0xdb9 0xb0007 0x0 0x78 0x8115 0x100005 0x8115 0x0 0x0 0x0 0x0 0x0 0x150007 0xd 0x20 0x8109 0x220005 0xd 0x0 0x0 0x0 0x0 0x0 0x0 0x0 0x0 0x0 0x0 0x0 0x9 0x1 0x0 oops 2 5 sun/nio/fs/NativeBuffers$1 7 java/lang/ThreadLocal$SuppliedThreadLocal methods 0
ciMethodData java/lang/ThreadLocal$ThreadLocalMap getEntry (Ljava/lang/ThreadLocal;)Ljava/lang/ThreadLocal$ThreadLocalMap$Entry; 2 33197 orig 80 1 0 0 0 0 0 0 0 0 0 0 0 0 0 0 0 0 0 0 0 0 0 0 0 0 0 0 0 0 0 0 0 0 0 0 0 0 0 0 0 0 0 0 0 0 0 0 0 0 0 0 0 0 0 0 0 0 0 0 0 0 0 0 0 0 0 0 0 0 0 0 0 0 0 0 0 0 0 0 0 data 32 0x150007 0x3 0x78 0x80a4 0x1a0005 0x80a4 0x0 0x0 0x0 0x0 0x0 0x1d0007 0x36b8 0x20 0x49ec 0x260005 0x36bb 0x0 0x0 0x0 0x0 0x0 0x0 0x0 0x0 0x0 0x0 0x0 0x9 0x2 0x0 0x0 oops 0 methods 0
ciMethodData java/lang/ThreadLocal setInitialValue ()Ljava/lang/Object; 1 152 orig 80 0 0 0 0 0 0 0 0 0 0 0 0 0 0 0 0 0 0 0 0 0 0 0 0 0 0 0 0 0 0 0 0 0 0 0 0 0 0 0 0 0 0 0 0 0 0 0 0 0 0 0 0 0 0 0 0 0 0 0 0 0 0 0 0 0 0 0 0 0 0 0 0 0 0 0 0 0 0 0 0 data 66 0x10005 0x4 0x0 0x1c968d30280 0x87 0x1c968d32cf0 0x6 0x50002 0x91 0xb0005 0x4 0x0 0x1c968d30280 0x87 0x1c968d32cf0 0x6 0x100007 0x0 0x70 0x91 0x160005 0x91 0x0 0x0 0x0 0x0 0x0 0x190003 0x91 0x50 0x1f0005 0x0 0x0 0x0 0x0 0x0 0x0 0x230004 0xffffffffffffff70 0x0 0x1c968d30280 0x87 0x1c968d32cf0 0x6 0x260007 0x90 0x68 0x1 0x2a0004 0x0 0x0 0x1c9695fc920 0x1 0x0 0x0 0x2d0002 0x1 0x0 0x0 0x0 0x0 0x0 0x0 0x9 0x1 0xffffffffffffffff oops 7 3 java/lang/ThreadLocal 5 java/lang/ThreadLocal$SuppliedThreadLocal 12 java/lang/ThreadLocal 14 java/lang/ThreadLocal$SuppliedThreadLocal 40 java/lang/ThreadLocal 42 java/lang/ThreadLocal$SuppliedThreadLocal 51 sun/nio/ch/Util$1 methods 0
ciMethodData java/lang/ThreadLocal$ThreadLocalMap getEntryAfterMiss (Ljava/lang/ThreadLocal;ILjava/lang/ThreadLocal$ThreadLocalMap$Entry;)Ljava/lang/ThreadLocal$ThreadLocalMap$Entry; 2 14095 orig 80 0 0 0 0 0 0 0 0 0 0 0 0 0 0 0 0 0 0 0 0 0 0 0 0 0 0 0 0 0 0 0 0 0 0 0 0 0 0 0 0 0 0 0 0 0 0 0 0 0 0 0 0 0 0 0 0 0 0 0 0 0 0 0 0 0 0 0 0 0 0 0 0 0 0 0 0 0 0 0 0 data 53 0xc0007 0xb 0x148 0x6d6b 0x110005 0x6d6b 0x0 0x0 0x0 0x0 0x0 0x140007 0x36b9 0x20 0x36b2 0x1b0005 0x36b9 0x0 0x0 0x0 0x0 0x0 0x1e0007 0x36b9 0x70 0x0 0x230005 0x0 0x0 0x0 0x0 0x0 0x0 0x270003 0x0 0x28 0x2d0002 0x36b9 0x360003 0x36bb 0xfffffffffffffed0 0x0 0x0 0x0 0x0 0x0 0x0 0x9 0x4 0x0 0x0 0x0 0x0 oops 0 methods 0
ciMethodData java/util/concurrent/atomic/AtomicReference <init> ()V 2 33717 orig 80 0 0 0 0 0 0 0 0 0 0 0 0 0 0 0 0 0 0 0 0 0 0 0 0 0 0 0 0 0 0 0 0 0 0 0 0 0 0 0 0 0 0 0 0 0 0 0 0 0 0 0 0 0 0 0 0 0 0 0 0 0 0 0 0 0 0 0 0 0 0 0 0 0 0 0 0 0 0 0 0 data 7 0x10002 0x81b6 0x0 0x0 0x9 0x1 0x0 oops 0 methods 0
ciMethodData java/lang/ThreadLocal$ThreadLocalMap nextIndex (II)I 2 15370 orig 80 0 0 0 0 0 0 0 0 0 0 0 0 0 0 0 0 0 0 0 0 0 0 0 0 0 0 0 0 0 0 0 0 0 0 0 0 0 0 0 2 0 0 0 0 0 0 0 0 0 0 0 0 0 0 0 0 0 0 0 0 0 0 0 0 0 0 0 0 0 0 0 0 0 0 0 0 0 0 0 0 data 12 0x8000000600040007 0x2cde 0x38 0xdce 0xa0003 0xdce 0x18 0x0 0x9 0x2 0x0 0x0 oops 0 methods 0
ciMethod kotlin/jvm/internal/Intrinsics checkNotNullExpressionValue (Ljava/lang/Object;Ljava/lang/String;)V 1024 0 41569 0 96
ciMethodData kotlin/jvm/internal/Intrinsics checkNotNullExpressionValue (Ljava/lang/Object;Ljava/lang/String;)V 2 41569 orig 80 0 0 0 0 0 0 0 0 0 0 0 0 0 0 0 0 0 0 0 0 0 0 0 0 0 0 0 0 0 0 0 0 0 0 0 0 0 0 0 0 0 0 0 0 0 0 0 0 0 0 0 0 0 0 0 0 0 0 0 0 0 0 0 0 0 0 0 0 0 0 0 0 0 0 0 0 0 0 0 0 data 48 0x10007 0xa062 0x130 0x0 0xc0002 0x0 0x100005 0x0 0x0 0x0 0x0 0x0 0x0 0x150005 0x0 0x0 0x0 0x0 0x0 0x0 0x180005 0x0 0x0 0x0 0x0 0x0 0x0 0x1b0002 0x0 0x1e0002 0x0 0x210004 0x0 0x0 0x0 0x0 0x0 0x0 0x0 0x0 0x0 0x0 0x0 0x0 0x9 0x2 0x0 0x0 oops 0 methods 0
ciMethod org/jetbrains/kotlin/com/intellij/util/containers/ContainerUtil immutableCopy (Ljava/util/List;)Ljava/util/List; 26 0 12 0 -1
ciMethod org/jetbrains/kotlin/it/unimi/dsi/fastutil/ints/Int2ObjectOpenHashMap realSize ()I 122 0 61 0 -1
ciMethod org/jetbrains/kotlin/it/unimi/dsi/fastutil/ints/Int2ObjectOpenHashMap find (I)I 516 1726 3120 0 0
ciMethod org/jetbrains/kotlin/it/unimi/dsi/fastutil/ints/Int2ObjectOpenHashMap insert (IILjava/lang/Object;)V 526 0 3119 0 0
ciMethod org/jetbrains/kotlin/it/unimi/dsi/fastutil/ints/Int2ObjectOpenHashMap put (ILjava/lang/Object;)Ljava/lang/Object; 528 0 3120 0 0
ciMethod org/jetbrains/kotlin/it/unimi/dsi/fastutil/ints/Int2ObjectOpenHashMap get (I)Ljava/lang/Object; 800 2182 14157 0 416
ciMethod org/jetbrains/kotlin/it/unimi/dsi/fastutil/ints/Int2ObjectOpenHashMap rehash (I)V 12 1132 61 0 0
ciMethod org/jetbrains/kotlin/it/unimi/dsi/fastutil/HashCommon mix (I)I 658 0 26159 0 96
ciMethod org/jetbrains/kotlin/it/unimi/dsi/fastutil/HashCommon nextPowerOfTwo (J)J 546 0 845 0 -1
ciMethod org/jetbrains/kotlin/it/unimi/dsi/fastutil/HashCommon maxFill (IF)I 728 0 844 0 -1
ciMethod org/jetbrains/kotlin/it/unimi/dsi/fastutil/HashCommon arraySize (IF)I 24 0 844 0 0
ciMethod org/jetbrains/kotlin/com/intellij/lang/LanguageExtension forLanguage (Lorg/jetbrains/kotlin/com/intellij/lang/Language;)Ljava/lang/Object; 1024 0 28161 0 0
ciMethod org/jetbrains/kotlin/com/intellij/lang/LanguageExtension findForLanguage (Lorg/jetbrains/kotlin/com/intellij/lang/Language;)Ljava/lang/Object; 32 24 15 0 0
ciMethod org/jetbrains/kotlin/com/intellij/lang/LanguageExtension $$$reportNull$$$0 (I)V 0 0 1 0 -1
ciMethod org/jetbrains/kotlin/com/intellij/openapi/util/KeyedExtensionCollector keyToString (Ljava/lang/Object;)Ljava/lang/String; 14 0 7 0 -1
ciMethod org/jetbrains/kotlin/com/intellij/openapi/util/KeyedExtensionCollector forKey (Ljava/lang/Object;)Ljava/util/List; 158 0 72 0 -1
ciMethod org/jetbrains/kotlin/com/intellij/openapi/util/KeyedExtensionCollector buildExtensions (Ljava/lang/String;Ljava/lang/Object;)Ljava/util/List; 26 0 12 0 -1
ciMethod org/jetbrains/kotlin/com/intellij/openapi/util/KeyedExtensionCollector $$$reportNull$$$0 (I)V 0 0 1 0 -1
ciMethod org/jetbrains/kotlin/com/intellij/openapi/progress/ProgressManager checkCanceled ()V 1024 0 56826 0 0
ciMethod org/jetbrains/kotlin/com/intellij/openapi/progress/ProgressIndicatorProvider doCheckCanceled ()V 0 0 1 0 -1
ciMethod org/jetbrains/kotlin/com/intellij/openapi/progress/ProgressIndicatorProvider checkCanceled ()V 1024 0 56701 0 864
ciMethod org/jetbrains/kotlin/com/intellij/openapi/progress/impl/CoreProgressManager runCheckCanceledHooks (Lorg/jetbrains/kotlin/com/intellij/openapi/progress/ProgressIndicator;)Z 0 0 1 0 -1
ciMethod org/jetbrains/kotlin/com/intellij/openapi/progress/impl/CoreProgressManager doCheckCanceled ()V 0 0 14487 0 864
ciMethod org/jetbrains/kotlin/com/intellij/openapi/progress/impl/CoreProgressManager getProgressIndicator ()Lorg/jetbrains/kotlin/com/intellij/openapi/progress/ProgressIndicator; 2 0 122 0 -1
ciMethod org/jetbrains/kotlin/com/intellij/openapi/progress/impl/CoreProgressManager isInNonCancelableSection ()Z 528 0 14609 0 0
ciMethod org/jetbrains/kotlin/com/intellij/openapi/util/UserDataHolderBase <init> ()V 1024 0 33613 0 256
ciMethod org/jetbrains/kotlin/com/intellij/openapi/util/UserDataHolderBase getUserData (Lorg/jetbrains/kotlin/com/intellij/openapi/util/Key;)Ljava/lang/Object; 4786 0 9819 0 288
ciMethod org/jetbrains/kotlin/com/intellij/openapi/util/UserDataHolderBase getUserMap ()Lorg/jetbrains/kotlin/com/intellij/util/keyFMap/KeyFMap; 718 0 25857 0 0
ciMethod org/jetbrains/kotlin/com/intellij/openapi/util/UserDataHolderBase changeUserMap (Lorg/jetbrains/kotlin/com/intellij/util/keyFMap/KeyFMap;Lorg/jetbrains/kotlin/com/intellij/util/keyFMap/KeyFMap;)Z 88 0 218 0 -1
ciMethod org/jetbrains/kotlin/com/intellij/openapi/util/UserDataHolderBase putUserDataIfAbsent (Lorg/jetbrains/kotlin/com/intellij/openapi/util/Key;Ljava/lang/Object;)Ljava/lang/Object; 24 0 28 0 0
ciMethod org/jetbrains/kotlin/com/intellij/openapi/util/UserDataHolderBase $$$reportNull$$$0 (I)V 0 0 1 0 -1
ciMethod org/jetbrains/kotlin/com/intellij/lang/Language getBaseLanguage ()Lorg/jetbrains/kotlin/com/intellij/lang/Language; 24 0 12 0 -1
ciMethod org/jetbrains/kotlin/com/intellij/lang/ParserDefinition getCommentTokens ()Lorg/jetbrains/kotlin/com/intellij/psi/tree/TokenSet; 0 0 1 0 -1
ciMethod org/jetbrains/kotlin/com/intellij/util/keyFMap/KeyFMap plus (Lorg/jetbrains/kotlin/com/intellij/openapi/util/Key;Ljava/lang/Object;)Lorg/jetbrains/kotlin/com/intellij/util/keyFMap/KeyFMap; 0 0 1 0 -1
ciMethod org/jetbrains/kotlin/com/intellij/util/keyFMap/KeyFMap get (Lorg/jetbrains/kotlin/com/intellij/openapi/util/Key;)Ljava/lang/Object; 0 0 1 0 -1
ciMethod org/jetbrains/kotlin/com/intellij/lang/DefaultASTFactory createComment (Lorg/jetbrains/kotlin/com/intellij/psi/tree/IElementType;Ljava/lang/CharSequence;)Lorg/jetbrains/kotlin/com/intellij/psi/impl/source/tree/LeafElement; 0 0 1 0 -1
ciMethod org/jetbrains/kotlin/com/intellij/lang/DefaultASTFactoryImpl createLazy (Lorg/jetbrains/kotlin/com/intellij/psi/tree/ILazyParseableElementType;Ljava/lang/CharSequence;)Lorg/jetbrains/kotlin/com/intellij/psi/impl/source/tree/LazyParseableElement; 24 0 12 0 -1
ciMethod org/jetbrains/kotlin/com/intellij/lang/DefaultASTFactoryImpl createLeaf (Lorg/jetbrains/kotlin/com/intellij/psi/tree/IElementType;Ljava/lang/CharSequence;)Lorg/jetbrains/kotlin/com/intellij/psi/impl/source/tree/LeafElement; 1024 0 6748 0 0
ciMethod org/jetbrains/kotlin/com/intellij/lang/DefaultASTFactoryImpl createComment (Lorg/jetbrains/kotlin/com/intellij/psi/tree/IElementType;Ljava/lang/CharSequence;)Lorg/jetbrains/kotlin/com/intellij/psi/impl/source/tree/LeafElement; 0 0 47 0 0
ciMethod org/jetbrains/kotlin/com/intellij/lang/DefaultASTFactoryImpl $$$reportNull$$$0 (I)V 0 0 1 0 -1
ciMethod org/jetbrains/kotlin/com/intellij/lang/ASTFactory createLazy (Lorg/jetbrains/kotlin/com/intellij/psi/tree/ILazyParseableElementType;Ljava/lang/CharSequence;)Lorg/jetbrains/kotlin/com/intellij/psi/impl/source/tree/LazyParseableElement; 0 0 1 0 -1
ciMethod org/jetbrains/kotlin/com/intellij/lang/ASTFactory createLeaf (Lorg/jetbrains/kotlin/com/intellij/psi/tree/IElementType;Ljava/lang/CharSequence;)Lorg/jetbrains/kotlin/com/intellij/psi/impl/source/tree/LeafElement; 0 0 1 0 -1
ciMethod org/jetbrains/kotlin/com/intellij/lang/ASTFactory lazy (Lorg/jetbrains/kotlin/com/intellij/psi/tree/ILazyParseableElementType;Ljava/lang/CharSequence;)Lorg/jetbrains/kotlin/com/intellij/psi/impl/source/tree/LazyParseableElement; 524 0 262 0 0
ciMethod org/jetbrains/kotlin/com/intellij/lang/ASTFactory leaf (Lorg/jetbrains/kotlin/com/intellij/psi/tree/IElementType;Ljava/lang/CharSequence;)Lorg/jetbrains/kotlin/com/intellij/psi/impl/source/tree/LeafElement; 968 0 7630 0 0
ciMethod org/jetbrains/kotlin/com/intellij/lang/ASTFactory factory (Lorg/jetbrains/kotlin/com/intellij/psi/tree/IElementType;)Lorg/jetbrains/kotlin/com/intellij/lang/ASTFactory; 1024 0 14447 0 0
ciMethod org/jetbrains/kotlin/com/intellij/lang/ASTFactory $$$reportNull$$$0 (I)V 0 0 1 0 -1
ciMethod org/jetbrains/kotlin/com/intellij/util/CharTable intern (Ljava/lang/CharSequence;II)Ljava/lang/CharSequence; 0 0 1 0 -1
ciMethod org/jetbrains/kotlin/com/intellij/psi/impl/source/tree/CompositeElement rawAddChildrenWithoutNotifications (Lorg/jetbrains/kotlin/com/intellij/psi/impl/source/tree/TreeElement;)V 1024 0 19050 0 -1
ciMethod org/jetbrains/kotlin/com/intellij/psi/impl/source/tree/TreeElement <init> (Lorg/jetbrains/kotlin/com/intellij/psi/tree/IElementType;)V 1024 0 18271 0 0
ciMethod org/jetbrains/kotlin/com/intellij/psi/impl/source/tree/TreeElement $$$reportNull$$$0 (I)V 0 0 1 0 -1
ciMethod org/jetbrains/kotlin/com/intellij/psi/impl/ElementBase <init> ()V 1024 0 24497 0 0
ciMethod org/jetbrains/kotlin/com/intellij/psi/impl/source/CodeFragmentElement <init> (Ljava/lang/CharSequence;)V 0 0 1 0 -1
ciMethod org/jetbrains/kotlin/com/intellij/psi/impl/source/DummyHolderElement <init> (Ljava/lang/CharSequence;)V 0 0 1 0 -1
ciMethod org/jetbrains/kotlin/com/intellij/psi/tree/IElementType getLanguage ()Lorg/jetbrains/kotlin/com/intellij/lang/Language; 1024 0 28017 0 0
ciMethod org/jetbrains/kotlin/com/intellij/psi/tree/IElementType getIndex ()S 504 0 252 0 0
ciMethod org/jetbrains/kotlin/com/intellij/psi/tree/IElementType $$$reportNull$$$0 (I)V 0 0 1 0 -1
ciMethod org/jetbrains/kotlin/com/intellij/psi/tree/ILazyParseableElementType createNode (Ljava/lang/CharSequence;)Lorg/jetbrains/kotlin/com/intellij/lang/ASTNode; 24 0 12 0 -1
ciMethod org/jetbrains/kotlin/com/intellij/psi/impl/source/tree/LeafElement <init> (Lorg/jetbrains/kotlin/com/intellij/psi/tree/IElementType;Ljava/lang/CharSequence;)V 1024 0 10414 0 0
ciMethod org/jetbrains/kotlin/com/intellij/psi/impl/source/tree/LeafElement $$$reportNull$$$0 (I)V 0 0 1 0 -1
ciMethod org/jetbrains/kotlin/com/intellij/psi/impl/source/tree/PsiWhiteSpaceImpl <init> (Ljava/lang/CharSequence;)V 374 0 3406 0 0
ciMethod org/jetbrains/kotlin/com/intellij/psi/impl/source/tree/LeafPsiElement <init> (Lorg/jetbrains/kotlin/com/intellij/psi/tree/IElementType;Ljava/lang/CharSequence;)V 1024 0 10414 0 0
ciMethod org/jetbrains/kotlin/com/intellij/psi/impl/source/tree/LeafPsiElement $$$reportNull$$$0 (I)V 0 0 1 0 -1
ciMethod org/jetbrains/kotlin/com/intellij/psi/impl/source/tree/PsiCommentImpl <init> (Lorg/jetbrains/kotlin/com/intellij/psi/tree/IElementType;Ljava/lang/CharSequence;)V 94 0 47 0 -1
ciMethod org/jetbrains/kotlin/com/intellij/psi/impl/source/tree/PsiCommentImpl $$$reportNull$$$0 (I)V 0 0 1 0 -1
ciMethod org/jetbrains/kotlin/com/intellij/psi/impl/source/CharTableImpl intern (Ljava/lang/CharSequence;)Ljava/lang/CharSequence; 0 0 1 0 -1
ciMethod org/jetbrains/kotlin/com/intellij/psi/impl/source/CharTableImpl doIntern (Ljava/lang/CharSequence;II)Ljava/lang/CharSequence; 1024 0 11027 0 0
ciMethod org/jetbrains/kotlin/com/intellij/psi/impl/source/CharTableImpl intern (Ljava/lang/CharSequence;II)Ljava/lang/CharSequence; 1024 0 11165 0 0
ciMethod org/jetbrains/kotlin/com/intellij/psi/impl/source/CharTableImpl createSequence (Ljava/lang/CharSequence;II)Ljava/lang/String; 3044 0 1686 0 0
ciMethod org/jetbrains/kotlin/com/intellij/psi/impl/source/CharTableImpl subSequenceHashCode (Ljava/lang/CharSequence;II)I 1024 0 11297 0 0
ciMethod org/jetbrains/kotlin/com/intellij/psi/impl/source/CharTableImpl access$600 (Ljava/lang/CharSequence;II)Ljava/lang/String; 812 0 1548 0 0
ciMethod org/jetbrains/kotlin/com/intellij/psi/impl/source/CharTableImpl $$$reportNull$$$0 (I)V 0 0 1 0 0
ciMethod org/jetbrains/kotlin/com/intellij/psi/impl/source/CharTableImpl$StringHashToCharSequencesMap getSubSequenceWithHashCode (ILjava/lang/CharSequence;II)Ljava/lang/CharSequence; 1024 0 11033 0 0
ciMethod org/jetbrains/kotlin/com/intellij/psi/impl/source/CharTableImpl$StringHashToCharSequencesMap charSequenceSubSequenceEquals (Ljava/lang/CharSequence;Ljava/lang/CharSequence;II)Z 1024 2928 9748 0 0
ciMethod org/jetbrains/kotlin/com/intellij/psi/impl/source/CharTableImpl$StringHashToCharSequencesMap getOrAddSubSequenceWithHashCode (ILjava/lang/CharSequence;II)Ljava/lang/CharSequence; 1024 0 4351 0 0
ciMethod org/jetbrains/kotlin/com/intellij/psi/impl/source/CharTableImpl$StringHashToCharSequencesMap access$100 (Lorg/jetbrains/kotlin/com/intellij/psi/impl/source/CharTableImpl$StringHashToCharSequencesMap;ILjava/lang/CharSequence;II)Ljava/lang/CharSequence; 1024 0 11027 0 0
ciMethod org/jetbrains/kotlin/com/intellij/psi/impl/source/CharTableImpl$StringHashToCharSequencesMap access$200 (Lorg/jetbrains/kotlin/com/intellij/psi/impl/source/CharTableImpl$StringHashToCharSequencesMap;ILjava/lang/CharSequence;II)Ljava/lang/CharSequence; 644 0 4087 0 0
ciMethod org/jetbrains/kotlin/com/intellij/psi/impl/source/CharTableImpl$StringHashToCharSequencesMap $$$reportNull$$$0 (I)V 0 0 1 0 -1
ciMethod org/jetbrains/kotlin/com/intellij/openapi/util/text/StringUtil stringHashCode (Ljava/lang/CharSequence;)I 380 0 270 0 0
ciMethod org/jetbrains/kotlin/com/intellij/openapi/util/text/StringUtil stringHashCode (Ljava/lang/CharSequence;II)I 988 0 11027 0 0
ciMethod org/jetbrains/kotlin/com/intellij/openapi/util/text/StringUtil $$$reportNull$$$0 (I)V 0 0 1 0 -1
ciMethodData org/jetbrains/kotlin/it/unimi/dsi/fastutil/HashCommon mix (I)I 2 26159 orig 80 0 0 0 0 0 0 0 0 0 0 0 0 201 1 0 0 0 0 0 0 0 0 0 0 0 0 0 0 0 0 0 0 0 0 0 0 0 0 0 0 0 0 0 0 0 0 0 0 0 0 0 0 0 0 0 0 0 0 0 0 0 0 0 0 0 0 0 0 0 0 0 0 0 0 0 0 0 0 0 0 data 5 0x0 0x0 0x9 0x1 0x0 oops 0 methods 0
ciMethod org/jetbrains/kotlin/com/intellij/openapi/util/text/Strings stringHashCode (Ljava/lang/CharSequence;)I 380 0 280 0 0
ciMethod org/jetbrains/kotlin/com/intellij/openapi/util/text/Strings stringHashCode (Ljava/lang/CharSequence;II)I 988 0 11027 0 0
ciMethod org/jetbrains/kotlin/com/intellij/openapi/util/text/Strings stringHashCode (Ljava/lang/CharSequence;III)I 988 3970 9754 0 1728
ciMethod org/jetbrains/kotlin/com/intellij/openapi/util/text/Strings $$$reportNull$$$0 (I)V 0 0 1 0 -1
ciMethodData org/jetbrains/kotlin/it/unimi/dsi/fastutil/ints/Int2ObjectOpenHashMap find (I)I 2 7857 orig 80 0 0 0 0 0 0 0 0 0 0 0 0 201 1 0 0 0 0 0 0 0 0 0 0 0 0 0 0 0 0 0 0 0 0 0 0 0 0 0 0 0 0 0 0 0 0 0 0 0 0 0 0 0 0 0 0 0 0 0 0 0 0 0 0 0 0 0 0 0 0 0 0 0 0 0 0 0 0 0 0 data 39 0x10007 0xb2d 0x58 0x1 0x80007 0x1 0x38 0x0 0xf0003 0x0 0x18 0x210002 0xb2d 0x2f0007 0x592 0x20 0x59b 0x3a0007 0x592 0x20 0x0 0x500007 0x1b52 0x20 0x592 0x5b0007 0x1b52 0xffffffffffffffe0 0x0 0x0 0x0 0x0 0x0 0x0 0x0 0x9 0x2 0x0 0x0 oops 0 methods 0
ciMethodData org/jetbrains/kotlin/it/unimi/dsi/fastutil/ints/Int2ObjectOpenHashMap put (ILjava/lang/Object;)Ljava/lang/Object; 2 3120 orig 80 0 0 0 0 0 0 0 0 0 0 0 0 201 1 0 0 0 0 0 0 0 0 0 0 0 0 0 0 0 0 0 0 0 0 0 0 0 0 0 0 0 0 0 0 0 0 0 0 0 0 0 0 0 0 0 0 0 0 0 0 0 0 0 0 0 0 0 0 0 0 0 0 0 0 0 0 0 0 0 0 data 26 0x20002 0xb28 0x70007 0x0 0x30 0xb28 0x110002 0xb28 0x270004 0x0 0x0 0x0 0x0 0x0 0x0 0x0 0x0 0x0 0x0 0x0 0x0 0x9 0x3 0x0 0x0 0x0 oops 0 methods 0
ciMethodData org/jetbrains/kotlin/it/unimi/dsi/fastutil/ints/Int2ObjectOpenHashMap insert (IILjava/lang/Object;)V 2 3119 orig 80 0 0 0 0 0 0 0 0 0 0 0 0 0 0 0 0 0 0 0 0 0 0 0 0 0 0 0 0 0 0 0 0 0 0 0 0 0 0 0 0 0 0 0 0 0 0 0 0 0 0 0 0 0 0 0 0 0 0 0 0 0 0 0 0 0 0 0 0 0 0 0 0 0 0 0 0 0 0 0 0 data 36 0x50007 0xb27 0x20 0x1 0x1a0004 0x0 0x0 0x1c963471920 0x575 0x1c969cddaf0 0xd5 0x2a0007 0xaf1 0x68 0x37 0x380002 0x37 0x3b0005 0x0 0x0 0x1c9694f0980 0x14 0x1c969f5a5b0 0x23 0x0 0x0 0x0 0x0 0x0 0x0 0x9 0x4 0x0 0x0 0x0 0x0 oops 4 7 java/lang/String 9 org/jetbrains/kotlin/com/intellij/util/containers/IntKeyWeakValueHashMap$MyReference 20 org/jetbrains/kotlin/it/unimi/dsi/fastutil/ints/Int2ObjectOpenHashMap 22 org/jetbrains/kotlin/com/intellij/psi/impl/source/CharTableImpl$StringHashToCharSequencesMap methods 0
ciMethodData org/jetbrains/kotlin/it/unimi/dsi/fastutil/HashCommon arraySize (IF)I 1 844 orig 80 0 0 0 0 0 0 0 0 0 0 0 0 0 0 0 0 0 0 0 0 0 0 0 0 0 0 0 0 0 0 0 0 0 0 0 0 0 0 0 0 0 0 0 0 0 0 0 0 0 0 0 0 0 0 0 0 0 0 0 0 0 0 0 0 0 0 0 0 0 0 0 0 0 0 0 0 0 0 0 0 data 66 0x80002 0x340 0xc0002 0x340 0xf0002 0x340 0x180007 0x340 0x190 0x0 0x230002 0x0 0x280005 0x0 0x0 0x0 0x0 0x0 0x0 0x2c0005 0x0 0x0 0x0 0x0 0x0 0x0 0x310005 0x0 0x0 0x0 0x0 0x0 0x0 0x350005 0x0 0x0 0x0 0x0 0x0 0x0 0x3a0005 0x0 0x0 0x0 0x0 0x0 0x0 0x3d0005 0x0 0x0 0x0 0x0 0x0 0x0 0x400002 0x0 0x0 0x0 0x0 0x0 0x0 0x0 0x9 0x2 0x0 0x0 oops 0 methods 0
ciMethodData org/jetbrains/kotlin/it/unimi/dsi/fastutil/ints/Int2ObjectOpenHashMap rehash (I)V 1 4463 orig 80 0 0 0 0 0 0 0 0 0 0 0 0 0 0 0 0 0 0 0 0 0 0 0 0 0 0 0 0 0 0 0 0 0 0 0 0 0 0 0 0 0 0 0 0 0 0 0 0 0 0 0 0 0 0 0 0 0 0 0 0 0 0 0 0 0 0 0 0 0 0 0 0 0 0 0 0 0 0 0 0 data 59 0x250002 0x37 0x2f0007 0x37 0x110 0xb76 0x390007 0xb76 0x38 0x1c2 0x3c0003 0x1c2 0xffffffffffffffe0 0x450002 0xb76 0x4f0007 0x912 0x58 0x264 0x5f0007 0x264 0x38 0x201 0x620003 0x201 0xffffffffffffffe0 0x760004 0x0 0x0 0x1c969cddaf0 0x120 0x1c96aa7f780 0xdd 0x770003 0xb76 0xffffffffffffff08 0x830104 0x0 0x0 0x1c969cddaf0 0x2 0x1c963471920 0x1 0x980002 0x37 0x0 0x0 0x0 0x0 0x0 0x0 0x0 0x0 0x0 0x0 0x9 0x2 0x0 0x0 oops 4 29 org/jetbrains/kotlin/com/intellij/util/containers/IntKeyWeakValueHashMap$MyReference 31 org/jetbrains/kotlin/parsing/TrailingCommentsBinder 39 org/jetbrains/kotlin/com/intellij/util/containers/IntKeyWeakValueHashMap$MyReference 41 java/lang/String methods 0
ciMethod org/jetbrains/kotlin/com/intellij/openapi/progress/ProgressIndicator checkCanceled ()V 0 0 1 0 -1
ciMethod org/jetbrains/kotlin/com/intellij/util/ConcurrencyUtil cacheOrGet (Ljava/util/concurrent/ConcurrentMap;Ljava/lang/Object;Ljava/lang/Object;)Ljava/lang/Object; 506 0 302 0 -1
ciMethod org/jetbrains/kotlin/com/intellij/openapi/util/KeyWithDefaultValue getDefaultValue ()Ljava/lang/Object; 0 0 1 0 -1
ciMethod org/jetbrains/kotlin/com/intellij/psi/tree/IElementType$Predicate matches (Lorg/jetbrains/kotlin/com/intellij/psi/tree/IElementType;)Z 0 0 1 0 -1
ciMethod org/jetbrains/kotlin/com/intellij/psi/impl/source/tree/JavaASTFactory createLeaf (Lorg/jetbrains/kotlin/com/intellij/psi/tree/IElementType;Ljava/lang/CharSequence;)Lorg/jetbrains/kotlin/com/intellij/psi/impl/source/tree/LeafElement; 1764 0 882 0 0
ciMethod org/jetbrains/kotlin/com/intellij/psi/impl/source/tree/JavaASTFactory $$$reportNull$$$0 (I)V 0 0 1 0 -1
ciMethod org/jetbrains/kotlin/com/intellij/psi/impl/source/tree/java/PsiIdentifierImpl <init> (Ljava/lang/CharSequence;)V 218 0 109 0 0
ciMethod org/jetbrains/kotlin/com/intellij/psi/impl/source/tree/java/PsiKeywordImpl <init> (Lorg/jetbrains/kotlin/com/intellij/psi/tree/IElementType;Ljava/lang/CharSequence;)V 58 0 29 0 0
ciMethod org/jetbrains/kotlin/com/intellij/psi/impl/source/tree/java/PsiKeywordImpl $$$reportNull$$$0 (I)V 0 0 1 0 -1
ciMethod org/jetbrains/kotlin/com/intellij/psi/impl/source/tree/java/PsiJavaTokenImpl <init> (Lorg/jetbrains/kotlin/com/intellij/psi/tree/IElementType;Ljava/lang/CharSequence;)V 244 0 122 0 0
ciMethod org/jetbrains/kotlin/com/intellij/psi/impl/source/tree/java/PsiJavaTokenImpl $$$reportNull$$$0 (I)V 0 0 1 0 -1
ciMethod org/jetbrains/kotlin/parsing/KotlinParserDefinition getCommentTokens ()Lorg/jetbrains/kotlin/com/intellij/psi/tree/TokenSet; 1024 0 6865 0 0
ciMethod org/jetbrains/kotlin/com/intellij/psi/tree/TokenSet get (I)Z 558 0 3143 0 0
ciMethod org/jetbrains/kotlin/com/intellij/psi/tree/TokenSet contains (Lorg/jetbrains/kotlin/com/intellij/psi/tree/IElementType;)Z 748 0 6330 0 288
ciMethod org/jetbrains/kotlin/com/intellij/util/text/ImmutableText length ()I 1024 0 6112 0 0
ciMethod org/jetbrains/kotlin/com/intellij/util/text/ImmutableText charAt (I)C 768 0 13891 0 0
ciMethod org/jetbrains/kotlin/com/intellij/util/text/ImmutableText findLeaf (I)Lorg/jetbrains/kotlin/com/intellij/util/text/ImmutableText$InnerLeaf; 2 0 11 0 0
ciMethod org/jetbrains/kotlin/com/intellij/util/text/ImmutableText outOfRange (I)Ljava/lang/IndexOutOfBoundsException; 0 0 1 0 -1
ciMethodData org/jetbrains/kotlin/com/intellij/openapi/util/UserDataHolderBase <init> ()V 2 33613 orig 80 0 0 0 0 0 0 0 0 0 0 0 0 0 0 0 0 0 0 0 0 0 0 0 0 0 0 0 0 0 0 0 0 0 0 0 0 0 0 0 0 0 0 0 0 0 0 0 0 0 0 0 0 0 0 0 0 0 0 0 0 0 0 0 0 0 0 0 0 0 0 0 0 0 0 0 0 0 0 0 0 data 18 0x10002 0x814e 0x80005 0x814e 0x0 0x0 0x0 0x0 0x0 0x0 0x0 0x0 0x0 0x0 0x0 0x9 0x1 0x6 oops 0 methods 0
ciMethod org/jetbrains/kotlin/com/intellij/lang/impl/PsiBuilderImpl getASTFactory ()Lorg/jetbrains/kotlin/com/intellij/lang/ASTFactory; 974 0 7981 0 0
ciMethod org/jetbrains/kotlin/com/intellij/lang/impl/PsiBuilderImpl insertLeaves (IILorg/jetbrains/kotlin/com/intellij/psi/impl/source/tree/CompositeElement;)I 1024 728 16087 0 -1
ciMethod org/jetbrains/kotlin/com/intellij/lang/impl/PsiBuilderImpl createLazy (Lorg/jetbrains/kotlin/com/intellij/psi/tree/ILazyParseableElementType;Ljava/lang/CharSequence;Lorg/jetbrains/kotlin/com/intellij/lang/ASTFactory;)Lorg/jetbrains/kotlin/com/intellij/psi/impl/source/tree/LazyParseableElement; 10 0 251 0 0
ciMethod org/jetbrains/kotlin/com/intellij/lang/impl/PsiBuilderImpl createLeaf (Lorg/jetbrains/kotlin/com/intellij/psi/tree/IElementType;II)Lorg/jetbrains/kotlin/com/intellij/psi/impl/source/tree/TreeElement; 836 0 11165 0 0
ciMethod org/jetbrains/kotlin/com/intellij/lang/impl/PsiBuilderImpl $$$reportNull$$$0 (I)V 0 0 1 0 0
ciMethod org/jetbrains/kotlin/com/intellij/util/text/ImmutableText$InnerLeaf <init> (Ljava/lang/CharSequence;IILorg/jetbrains/kotlin/com/intellij/util/text/ImmutableText$1;)V 22 0 11 0 -1
ciMethodData org/jetbrains/kotlin/com/intellij/util/text/ImmutableText charAt (I)C 2 13891 orig 80 1 0 0 0 0 0 0 0 0 0 0 0 201 1 0 0 0 0 0 0 0 0 0 0 0 0 0 0 0 0 0 0 0 0 0 0 0 0 0 1 0 0 0 0 0 0 0 0 0 0 0 0 0 0 0 0 0 0 0 0 0 0 0 0 0 0 0 0 0 0 0 0 0 0 0 0 0 0 0 0 data 31 0x8000000600060007 0x5 0x60 0x34bf 0xe0007 0x0 0x40 0x34bf 0x160007 0x34bf 0x30 0x0 0x1c0002 0x5 0x2e0005 0x0 0x0 0x1c963471920 0x34c4 0x0 0x0 0x0 0x0 0x0 0x0 0x0 0x0 0x9 0x2 0x0 0x0 oops 1 17 java/lang/String methods 0
ciMethodData org/jetbrains/kotlin/com/intellij/util/text/ImmutableText findLeaf (I)Lorg/jetbrains/kotlin/com/intellij/util/text/ImmutableText$InnerLeaf; 1 11 orig 80 0 0 0 0 0 0 0 0 0 0 0 0 0 0 0 0 0 0 0 0 0 0 0 0 0 0 0 0 0 0 0 0 0 0 0 0 0 0 0 0 0 0 0 0 0 0 0 0 0 0 0 0 0 0 0 0 0 0 0 0 0 0 0 0 0 0 0 0 0 0 0 0 0 0 0 0 0 0 0 0 data 66 0x10007 0xa 0x30 0x0 0x60002 0x0 0x100005 0x0 0x0 0x1c963471920 0xa 0x0 0x0 0x1b0007 0xa 0x30 0x0 0x200002 0x0 0x250004 0xfffffffffffffff6 0x0 0x1c963471920 0xa 0x0 0x0 0x280007 0x0 0x30 0xa 0x370002 0xa 0x3c0004 0x0 0x0 0x0 0x0 0x0 0x0 0x460005 0x0 0x0 0x0 0x0 0x0 0x0 0x500007 0x0 0x38 0x0 0x5c0003 0x0 0x18 0x760003 0x0 0xfffffffffffffec0 0x0 0x0 0x0 0x0 0x0 0x0 0x9 0x2 0x0 0x0 oops 2 9 java/lang/String 22 java/lang/String methods 0
ciMethodData org/jetbrains/kotlin/com/intellij/psi/tree/TokenSet get (I)Z 2 3143 orig 80 0 0 0 0 0 0 0 0 0 0 0 0 201 1 0 0 0 0 0 0 0 0 0 0 0 0 0 0 0 0 0 0 0 0 0 0 0 0 0 0 0 0 0 0 0 0 0 0 0 0 0 0 0 0 0 0 0 0 0 0 0 0 0 0 0 0 0 0 0 0 0 0 0 0 0 0 0 0 0 0 data 23 0xb0007 0x7d 0x78 0xab3 0x140007 0x0 0x58 0xab3 0x230007 0x822 0x38 0x291 0x270003 0x291 0x18 0x0 0x0 0x0 0x0 0x9 0x2 0x0 0x0 oops 0 methods 0
ciMethodData org/jetbrains/kotlin/com/intellij/psi/tree/TokenSet contains (Lorg/jetbrains/kotlin/com/intellij/psi/tree/IElementType;)Z 2 6330 orig 80 0 0 0 0 0 0 0 0 0 0 0 0 201 1 0 0 0 0 0 0 0 0 0 0 0 0 0 0 0 0 0 0 0 0 0 0 0 0 0 0 0 0 0 0 0 0 0 0 0 0 0 0 0 0 0 0 0 0 0 0 0 0 0 0 0 0 0 0 0 0 0 0 0 0 0 0 0 0 0 0 data 53 0x10007 0x1744 0x20 0x0 0x70005 0x1744 0x0 0x0 0x0 0x0 0x0 0xd0007 0x0 0x70 0x1744 0x150007 0xfd6 0x50 0x76e 0x1a0002 0x76e 0x1d0007 0x208 0x98 0x566 0x240007 0x153c 0x90 0x0 0x2c0005 0x0 0x0 0x0 0x0 0x0 0x0 0x310007 0x0 0x38 0x0 0x350003 0x208 0x18 0x0 0x0 0x0 0x0 0x0 0x0 0x9 0x2 0x0 0xffffffffffffffff oops 0 methods 0
ciMethodData org/jetbrains/kotlin/com/intellij/openapi/progress/ProgressIndicatorProvider checkCanceled ()V 2 56701 orig 80 0 0 0 0 0 0 0 0 0 0 0 0 0 0 0 0 0 0 0 0 0 0 0 0 0 0 0 0 0 0 0 0 0 0 0 0 0 0 0 0 0 0 0 0 0 0 0 0 0 0 0 0 0 0 0 0 0 0 0 0 0 0 0 0 0 0 0 0 0 0 0 0 0 0 0 0 0 0 0 0 data 10 0x2 0xdb7e 0x0 0x0 0x0 0x0 0x0 0x0 0x9 0x0 oops 0 methods 0
ciMethodData org/jetbrains/kotlin/com/intellij/lang/impl/PsiBuilderImpl $$$reportNull$$$0 (I)V 1 0 orig 80 0 0 0 0 0 0 0 0 0 0 0 0 0 0 0 0 0 0 0 0 0 0 0 0 0 0 0 0 0 0 0 0 0 0 0 0 0 0 0 0 0 0 0 0 0 0 0 0 0 0 0 0 0 0 0 0 0 0 0 0 0 0 0 0 0 0 0 0 0 0 0 0 0 0 0 0 0 0 0 0 data 1230 0x10008 0x70 0x0 0x390 0x0 0x390 0x0 0x390 0x0 0x390 0x0 0x390 0x0 0x390 0x0 0x390 0x0 0x390 0x0 0x390 0x0 0x390 0x0 0x390 0x0 0x390 0x0 0x390 0x0 0x390 0x0 0x390 0x0 0x390 0x0 0x390 0x0 0x390 0x0 0x390 0x0 0x3a8 0x0 0x3a8 0x0 0x3a8 0x0 0x3a8 0x0 0x390 0x0 0x390 0x0 0x390 0x0 0x390 0x0 0x390 0x0 0x3a8 0x0 0x390 0x0 0x3a8 0x0 0x390 0x0 0x390 0x0 0x390 0x0 0x3a8 0x0 0x3a8 0x0 0x3a8 0x0 0x390 0x0 0x390 0x0 0x390 0x0 0x390 0x0 0x390 0x0 0x3a8 0x0 0x3a8 0x0 0x3a8 0x0 0x390 0x0 0x3a8 0x0 0x3a8 0x0 0x390 0x0 0x3a8 0x0 0x390 0x0 0x3a8 0x0 0x3a8 0x0 0x3a8 0x0 0x390 0x0 0x390 0xef0003 0x0 0x30 0xf50003 0x0 0x18 0xf90008 0x70 0x0 0x390 0x0 0x390 0x0 0x390 0x0 0x390 0x0 0x390 0x0 0x390 0x0 0x390 0x0 0x390 0x0 0x390 0x0 0x390 0x0 0x390 0x0 0x390 0x0 0x390 0x0 0x390 0x0 0x390 0x0 0x390 0x0 0x390 0x0 0x390 0x0 0x390 0x0 0x3a8 0x0 0x3a8 0x0 0x3a8 0x0 0x3a8 0x0 0x390 0x0 0x390 0x0 0x390 0x0 0x390 0x0 0x390 0x0 0x3a8 0x0 0x390 0x0 0x3a8 0x0 0x390 0x0 0x390 0x0 0x390 0x0 0x3a8 0x0 0x3a8 0x0 0x3a8 0x0 0x390 0x0 0x390 0x0 0x390 0x0 0x390 0x0 0x390 0x0 0x3a8 0x0 0x3a8 0x0 0x3a8 0x0 0x390 0x0 0x3a8 0x0 0x3a8 0x0 0x390 0x0 0x3a8 0x0 0x390 0x0 0x3a8 0x0 0x3a8 0x0 0x3a8 0x0 0x390 0x0 0x390 0x1e50003 0x0 0x30 0x1e90003 0x0 0x18 0x1f00008 0x70 0x0 0x390 0x0 0x390 0x0 0x3e0 0x0 0x430 0x0 0x480 0x0 0x4d0 0x0 0x3e0 0x0 0x430 0x0 0x520 0x0 0x480 0x0 0x4d0 0x0 0x3e0 0x0 0x430 0x0 0x520 0x0 0x480 0x0 0x3e0 0x0 0x430 0x0 0x480 0x0 0x570 0x0 0x5c0 0x0 0x5c0 0x0 0x5c0 0x0 0x5c0 0x0 0x610 0x0 0x610 0x0 0x610 0x0 0x610 0x0 0x660 0x0 0x5c0 0x0 0x6b0 0x0 0x5c0 0x0 0x700 0x0 0x750 0x0 0x7a0 0x0 0x5c0 0x0 0x5c0 0x0 0x5c0 0x0 0x6b0 0x0 0x7f0 0x0 0x840 0x0 0x890 0x0 0x610 0x0 0x5c0 0x0 0x5c0 0x0 0x5c0 0x0 0x390 0x0 0x5c0 0x0 0x5c0 0x0 0x8e0 0x0 0x5c0 0x0 0x390 0x0 0x5c0 0x0 0x5c0 0x0 0x5c0 0x0 0x930 0x0 0x930 0x2e10004 0x0 0x0 0x0 0x0 0x0 0x0 0x2e20003 0x0 0x5b8 0x2ea0004 0x0 0x0 0x0 0x0 0x0 0x0 0x2eb0003 0x0 0x568 0x2f30004 0x0 0x0 0x0 0x0 0x0 0x0 0x2f40003 0x0 0x518 0x2fc0004 0x0 0x0 0x0 0x0 0x0 0x0 0x2fd0003 0x0 0x4c8 0x3050004 0x0 0x0 0x0 0x0 0x0 0x0 0x3060003 0x0 0x478 0x30e0004 0x0 0x0 0x0 0x0 0x0 0x0 0x30f0003 0x0 0x428 0x3170004 0x0 0x0 0x0 0x0 0x0 0x0 0x3180003 0x0 0x3d8 0x3200004 0x0 0x0 0x0 0x0 0x0 0x0 0x3210003 0x0 0x388 0x3290004 0x0 0x0 0x0 0x0 0x0 0x0 0x32a0003 0x0 0x338 0x3320004 0x0 0x0 0x0 0x0 0x0 0x0 0x3330003 0x0 0x2e8 0x33b0004 0x0 0x0 0x0 0x0 0x0 0x0 0x33c0003 0x0 0x298 0x3440004 0x0 0x0 0x0 0x0 0x0 0x0 0x3450003 0x0 0x248 0x34d0004 0x0 0x0 0x0 0x0 0x0 0x0 0x34e0003 0x0 0x1f8 0x3560004 0x0 0x0 0x0 0x0 0x0 0x0 0x3570003 0x0 0x1a8 0x35f0004 0x0 0x0 0x0 0x0 0x0 0x0 0x3600003 0x0 0x158 0x3680004 0x0 0x0 0x0 0x0 0x0 0x0 0x3690003 0x0 0x108 0x3710004 0x0 0x0 0x0 0x0 0x0 0x0 0x3720003 0x0 0xb8 0x37a0004 0x0 0x0 0x0 0x0 0x0 0x0 0x37b0003 0x0 0x68 0x3830004 0x0 0x0 0x0 0x0 0x0 0x0 0x3840003 0x0 0x18 0x3880008 0x70 0x0 0x390 0x0 0x390 0x0 0x390 0x0 0x390 0x0 0x390 0x0 0x390 0x0 0x390 0x0 0x390 0x0 0x390 0x0 0x390 0x0 0x390 0x0 0x390 0x0 0x390 0x0 0x390 0x0 0x390 0x0 0x390 0x0 0x390 0x0 0x390 0x0 0x390 0x0 0x3e0 0x0 0x430 0x0 0x480 0x0 0x4d0 0x0 0x390 0x0 0x390 0x0 0x390 0x0 0x390 0x0 0x390 0x0 0x520 0x0 0x390 0x0 0x570 0x0 0x390 0x0 0x390 0x0 0x390 0x0 0x5c0 0x0 0x610 0x0 0x610 0x0 0x390 0x0 0x390 0x0 0x390 0x0 0x390 0x0 0x390 0x0 0x660 0x0 0x660 0x0 0x660 0x0 0x390 0x0 0x6b0 0x0 0x6b0 0x0 0x390 0x0 0x700 0x0 0x390 0x0 0x750 0x0 0x750 0x0 0x750 0x0 0x390 0x0 0x390 0x4790004 0x0 0x0 0x0 0x0 0x0 0x0 0x47a0003 0x0 0x3d8 0x4820004 0x0 0x0 0x0 0x0 0x0 0x0 0x4830003 0x0 0x388 0x48b0004 0x0 0x0 0x0 0x0 0x0 0x0 0x48c0003 0x0 0x338 0x4940004 0x0 0x0 0x0 0x0 0x0 0x0 0x4950003 0x0 0x2e8 0x49d0004 0x0 0x0 0x0 0x0 0x0 0x0 0x49e0003 0x0 0x298 0x4a60004 0x0 0x0 0x0 0x0 0x0 0x0 0x4a70003 0x0 0x248 0x4af0004 0x0 0x0 0x0 0x0 0x0 0x0 0x4b00003 0x0 0x1f8 0x4b80004 0x0 0x0 0x0 0x0 0x0 0x0 0x4b90003 0x0 0x1a8 0x4c10004 0x0 0x0 0x0 0x0 0x0 0x0 0x4c20003 0x0 0x158 0x4ca0004 0x0 0x0 0x0 0x0 0x0 0x0 0x4cb0003 0x0 0x108 0x4d30004 0x0 0x0 0x0 0x0 0x0 0x0 0x4d40003 0x0 0xb8 0x4dc0004 0x0 0x0 0x0 0x0 0x0 0x0 0x4dd0003 0x0 0x68 0x4e50004 0x0 0x0 0x0 0x0 0x0 0x0 0x4e60003 0x0 0x18 0x4ea0008 0x70 0x0 0x390 0x0 0x390 0x0 0x3e0 0x0 0x3e0 0x0 0x3e0 0x0 0x3e0 0x0 0x3e0 0x0 0x3e0 0x0 0x3e0 0x0 0x3e0 0x0 0x3e0 0x0 0x3e0 0x0 0x3e0 0x0 0x3e0 0x0 0x3e0 0x0 0x3e0 0x0 0x3e0 0x0 0x3e0 0x0 0x430 0x0 0x480 0x0 0x480 0x0 0x480 0x0 0x480 0x0 0x498 0x0 0x4e8 0x0 0x538 0x0 0x588 0x0 0x5d8 0x0 0x480 0x0 0x628 0x0 0x480 0x0 0x678 0x0 0x678 0x0 0x678 0x0 0x480 0x0 0x480 0x0 0x480 0x0 0x6c8 0x0 0x6c8 0x0 0x718 0x0 0x718 0x0 0x768 0x0 0x480 0x0 0x480 0x0 0x480 0x0 0x7b8 0x0 0x480 0x0 0x480 0x0 0x808 0x0 0x480 0x0 0x858 0x0 0x480 0x0 0x480 0x0 0x480 0x0 0x8a8 0x0 0x8f8 0x5d90004 0x0 0x0 0x0 0x0 0x0 0x0 0x5da0003 0x0 0x580 0x5e20004 0x0 0x0 0x0 0x0 0x0 0x0 0x5e30003 0x0 0x530 0x5eb0004 0x0 0x0 0x0 0x0 0x0 0x0 0x5ec0003 0x0 0x4e0 0x5ef0003 0x0 0x4c8 0x5f70004 0x0 0x0 0x0 0x0 0x0 0x0 0x5f80003 0x0 0x478 0x6000004 0x0 0x0 0x0 0x0 0x0 0x0 0x6010003 0x0 0x428 0x6090004 0x0 0x0 0x0 0x0 0x0 0x0 0x60a0003 0x0 0x3d8 0x6120004 0x0 0x0 0x0 0x0 0x0 0x0 0x6130003 0x0 0x388 0x61b0004 0x0 0x0 0x0 0x0 0x0 0x0 0x61c0003 0x0 0x338 0x6240004 0x0 0x0 0x0 0x0 0x0 0x0 0x6250003 0x0 0x2e8 0x62d0004 0x0 0x0 0x0 0x0 0x0 0x0 0x62e0003 0x0 0x298 0x6360004 0x0 0x0 0x0 0x0 0x0 0x0 0x6370003 0x0 0x248 0x63f0004 0x0 0x0 0x0 0x0 0x0 0x0 0x6400003 0x0 0x1f8 0x6480004 0x0 0x0 0x0 0x0 0x0 0x0 0x6490003 0x0 0x1a8 0x6510004 0x0 0x0 0x0 0x0 0x0 0x0 0x6520003 0x0 0x158 0x65a0004 0x0 0x0 0x0 0x0 0x0 0x0 0x65b0003 0x0 0x108 0x6630004 0x0 0x0 0x0 0x0 0x0 0x0 0x6640003 0x0 0xb8 0x66c0004 0x0 0x0 0x0 0x0 0x0 0x0 0x66d0003 0x0 0x68 0x6750004 0x0 0x0 0x0 0x0 0x0 0x0 0x6760003 0x0 0x18 0x6790002 0x0 0x67d0008 0x70 0x0 0x390 0x0 0x390 0x0 0x390 0x0 0x390 0x0 0x390 0x0 0x390 0x0 0x390 0x0 0x390 0x0 0x390 0x0 0x390 0x0 0x390 0x0 0x390 0x0 0x390 0x0 0x390 0x0 0x390 0x0 0x390 0x0 0x390 0x0 0x390 0x0 0x390 0x0 0x3b8 0x0 0x3b8 0x0 0x3b8 0x0 0x3b8 0x0 0x390 0x0 0x390 0x0 0x390 0x0 0x390 0x0 0x390 0x0 0x3b8 0x0 0x390 0x0 0x3b8 0x0 0x390 0x0 0x390 0x0 0x390 0x0 0x3b8 0x0 0x3b8 0x0 0x3b8 0x0 0x390 0x0 0x390 0x0 0x390 0x0 0x390 0x0 0x390 0x0 0x3b8 0x0 0x3b8 0x0 0x3b8 0x0 0x390 0x0 0x3b8 0x0 0x3b8 0x0 0x390 0x0 0x3b8 0x0 0x390 0x0 0x3b8 0x0 0x3b8 0x0 0x3b8 0x0 0x390 0x0 0x390 0x76d0002 0x0 0x7700003 0x0 0x40 0x7780002 0x0 0x77b0003 0x0 0x18 0x0 0x0 0x0 0x0 0x0 0x0 0x0 0x0 0x0 0x0 0x0 0x0 0x0 0x0 0x0 0x0 0x9 0x1 0x0 oops 0 methods 0
ciMethodData org/jetbrains/kotlin/com/intellij/openapi/progress/ProgressManager checkCanceled ()V 2 56826 orig 80 0 0 0 0 0 0 0 0 0 0 0 0 0 0 0 0 0 0 0 0 0 0 0 0 0 0 0 0 0 0 0 0 0 0 0 0 0 0 0 0 0 0 0 0 0 0 0 0 0 0 0 0 0 0 0 0 0 0 0 0 0 0 0 0 0 0 0 0 0 0 0 0 0 0 0 0 0 0 0 0 data 19 0x50007 0x37c 0x58 0xd87f 0x90005 0x0 0x0 0x1c968daf580 0xd87f 0x0 0x0 0x0 0x0 0x0 0x0 0x0 0x0 0x9 0x0 oops 1 7 org/jetbrains/kotlin/com/intellij/openapi/progress/impl/CoreProgressManager methods 0
ciMethodData org/jetbrains/kotlin/com/intellij/openapi/progress/impl/CoreProgressManager doCheckCanceled ()V 2 14487 orig 80 0 0 0 0 0 0 0 0 0 0 0 0 0 0 0 0 0 0 0 0 0 0 0 0 0 0 0 0 0 0 0 0 0 0 0 0 0 0 0 0 0 0 0 0 0 0 0 0 0 0 0 0 0 0 0 0 0 0 0 0 0 0 0 0 0 0 0 0 0 0 0 0 0 0 0 0 0 0 0 0 data 53 0x10005 0x0 0x0 0x1c968daf580 0x3897 0x0 0x0 0x40007 0x0 0x30 0x3897 0x70002 0x3897 0x120007 0x0 0x20 0x3897 0x1a0007 0x0 0xc8 0x0 0x1e0005 0x0 0x0 0x0 0x0 0x0 0x0 0x230007 0x0 0x58 0x0 0x270005 0x0 0x0 0x0 0x0 0x0 0x0 0x2c0003 0x0 0x28 0x300002 0x0 0x0 0x0 0x0 0x0 0x0 0x0 0x9 0x1 0x0 oops 1 3 org/jetbrains/kotlin/com/intellij/openapi/progress/impl/CoreProgressManager methods 0
ciMethod org/jetbrains/kotlin/com/intellij/psi/tree/ICustomParsingType parse (Ljava/lang/CharSequence;Lorg/jetbrains/kotlin/com/intellij/util/CharTable;)Lorg/jetbrains/kotlin/com/intellij/lang/ASTNode; 0 0 1 0 -1
ciMethod org/jetbrains/kotlin/com/intellij/psi/tree/ILeafElementType createLeafNode (Ljava/lang/CharSequence;)Lorg/jetbrains/kotlin/com/intellij/lang/ASTNode; 0 0 1 0 -1
ciMethodData org/jetbrains/kotlin/com/intellij/openapi/util/UserDataHolderBase getUserMap ()Lorg/jetbrains/kotlin/com/intellij/util/keyFMap/KeyFMap; 2 25857 orig 80 0 0 0 0 0 0 0 0 0 0 0 0 201 1 0 0 0 0 0 0 0 0 0 0 0 0 0 0 0 0 0 0 0 0 0 0 0 0 0 0 0 0 0 0 0 0 0 0 0 0 0 0 0 0 0 0 0 0 0 0 0 0 0 0 0 0 0 0 0 0 0 0 0 0 0 0 0 0 0 0 data 29 0x10005 0x639a 0x0 0x0 0x0 0x0 0x0 0x40004 0x0 0x0 0x1c968b51bd0 0x19fb 0x1c96a3cc190 0x4889 0x80007 0x639a 0x30 0x0 0xc0002 0x0 0x0 0x0 0x0 0x0 0x0 0x0 0x9 0x1 0x0 oops 2 10 org/jetbrains/kotlin/com/intellij/util/keyFMap/ArrayBackedFMap 12 org/jetbrains/kotlin/com/intellij/util/keyFMap/EmptyFMap methods 0
ciMethodData org/jetbrains/kotlin/it/unimi/dsi/fastutil/ints/Int2ObjectOpenHashMap get (I)Ljava/lang/Object; 2 39945 orig 80 0 0 0 0 0 0 0 0 0 0 0 0 201 1 0 0 0 0 0 0 0 0 0 0 0 0 0 0 0 0 0 0 0 0 0 0 0 0 0 0 0 0 0 0 0 0 0 0 0 0 0 0 0 0 0 0 0 0 0 0 0 0 0 0 0 0 0 0 0 0 0 0 0 0 0 0 0 0 0 0 data 42 0x10007 0x35bd 0x58 0x0 0x80007 0x0 0x38 0x0 0x140003 0x0 0x18 0x230002 0x35bd 0x310007 0x2fbc 0x20 0x601 0x3b0007 0x171b 0x20 0x18a1 0x560007 0xa13a 0x20 0xda7 0x600007 0x97c6 0xffffffffffffffe0 0x974 0x0 0x0 0x0 0x0 0x0 0x0 0x0 0x0 0x0 0x9 0x2 0x0 0x0 oops 0 methods 0
ciMethodData org/jetbrains/kotlin/com/intellij/openapi/util/UserDataHolderBase getUserData (Lorg/jetbrains/kotlin/com/intellij/openapi/util/Key;)Ljava/lang/Object; 2 9819 orig 80 0 0 0 0 0 0 0 0 0 0 0 0 0 0 0 0 0 0 0 0 0 0 0 0 0 0 0 0 0 0 0 0 0 0 0 0 0 0 0 0 0 0 0 0 0 0 0 0 0 0 0 0 0 0 0 0 0 0 0 0 0 0 0 0 0 0 0 0 0 0 0 0 0 0 0 0 0 0 0 0 data 66 0x10007 0x1d03 0x30 0x0 0x50002 0x0 0x90005 0x35f 0x0 0x1c968b4e8d0 0x18c3 0x1c968b51b20 0xe1 0xd0005 0x112 0x0 0x1c968b51bd0 0x18c3 0x1c96a3cc190 0x32e 0x140007 0x18d7 0x120 0x42c 0x180004 0xfffffffffffffbd4 0x0 0x1c968b4d720 0x32 0x0 0x0 0x1b0007 0x42c 0xc8 0x0 0x210004 0x0 0x0 0x0 0x0 0x0 0x0 0x240005 0x0 0x0 0x0 0x0 0x0 0x0 0x270005 0x0 0x0 0x0 0x0 0x0 0x0 0x0 0x0 0x0 0x0 0x0 0x0 0x9 0x2 0x0 0x0 oops 5 9 org/jetbrains/kotlin/idea/KotlinLanguage 11 org/jetbrains/kotlin/psi/KtClass 16 org/jetbrains/kotlin/com/intellij/util/keyFMap/ArrayBackedFMap 18 org/jetbrains/kotlin/com/intellij/util/keyFMap/EmptyFMap 27 org/jetbrains/kotlin/com/intellij/openapi/util/Key methods 0
ciMethodData org/jetbrains/kotlin/com/intellij/openapi/util/UserDataHolderBase putUserDataIfAbsent (Lorg/jetbrains/kotlin/com/intellij/openapi/util/Key;Ljava/lang/Object;)Ljava/lang/Object; 1 32 orig 80 0 0 0 0 0 0 0 0 0 0 0 0 0 0 0 0 0 0 0 0 0 0 0 0 0 0 0 0 0 0 0 0 0 0 0 0 0 0 0 0 0 0 0 0 0 0 0 0 0 0 0 0 0 0 0 0 0 0 0 0 0 0 0 0 0 0 0 0 0 0 0 0 0 0 0 0 0 0 0 0 data 78 0x10007 0x14 0x30 0x0 0x60002 0x0 0xa0007 0x14 0x30 0x0 0xf0002 0x0 0x130005 0x10 0x0 0x1c9696014d0 0x2 0x1c969601580 0x2 0x190005 0x8 0x0 0x1c969601630 0x4 0x1c96a3cc190 0x8 0x220007 0x14 0x50 0x0 0x280007 0x0 0x30 0x0 0x2d0002 0x0 0x340005 0x8 0x0 0x1c969601630 0x4 0x1c96a3cc190 0x8 0x3e0007 0x0 0x78 0x14 0x450005 0x10 0x0 0x1c9696014d0 0x2 0x1c969601580 0x2 0x480007 0x0 0x50 0x14 0x4d0007 0x14 0x30 0x0 0x520002 0x0 0x560003 0x0 0xfffffffffffffe60 0x0 0x0 0x0 0x0 0x0 0x0 0x9 0x3 0x0 0x0 0x0 oops 8 15 org/jetbrains/kotlin/psi/KtFile 17 org/jetbrains/kotlin/com/intellij/psi/impl/compiled/ClsClassImpl 22 org/jetbrains/kotlin/com/intellij/util/keyFMap/OneElementFMap 24 org/jetbrains/kotlin/com/intellij/util/keyFMap/EmptyFMap 39 org/jetbrains/kotlin/com/intellij/util/keyFMap/OneElementFMap 41 org/jetbrains/kotlin/com/intellij/util/keyFMap/EmptyFMap 50 org/jetbrains/kotlin/psi/KtFile 52 org/jetbrains/kotlin/com/intellij/psi/impl/compiled/ClsClassImpl methods 0
ciMethodData org/jetbrains/kotlin/com/intellij/lang/LanguageExtension forLanguage (Lorg/jetbrains/kotlin/com/intellij/lang/Language;)Ljava/lang/Object; 2 28161 orig 80 1 0 0 0 0 0 0 0 0 0 0 0 0 0 0 0 0 0 0 0 0 0 0 0 0 0 0 0 0 0 0 0 0 0 0 0 0 0 0 1 0 0 0 0 0 0 0 0 0 0 0 0 0 0 0 0 0 0 0 0 0 0 0 0 0 0 0 0 0 0 0 0 0 0 0 0 0 0 0 0 data 45 0x10007 0x6c02 0x30 0x0 0x60002 0x0 0xe0005 0x0 0x0 0x1c968b4e8d0 0x6876 0x1c968b4e980 0x38c 0x8000000600130007 0x7 0x20 0x6bfc 0x1a0005 0x1 0x0 0x1c968b4ea30 0x5 0x1c968b4eae0 0x1 0x1f0007 0x2 0x20 0x5 0x2a0005 0x0 0x0 0x1c968b4e980 0x2 0x0 0x0 0x0 0x0 0x0 0x0 0x0 0x0 0x9 0x2 0x0 0x0 oops 5 9 org/jetbrains/kotlin/idea/KotlinLanguage 11 org/jetbrains/kotlin/com/intellij/lang/java/JavaLanguage 20 org/jetbrains/kotlin/com/intellij/psi/LanguageFileViewProviders 22 org/jetbrains/kotlin/com/intellij/lang/LanguageParserDefinitions 31 org/jetbrains/kotlin/com/intellij/lang/java/JavaLanguage methods 0
ciMethodData org/jetbrains/kotlin/com/intellij/psi/tree/IElementType getLanguage ()Lorg/jetbrains/kotlin/com/intellij/lang/Language; 2 28017 orig 80 0 0 0 0 0 0 0 0 0 0 0 0 0 0 0 0 0 0 0 0 0 0 0 0 0 0 0 0 0 0 0 0 0 0 0 0 0 0 0 0 0 0 0 0 0 0 0 0 0 0 0 0 0 0 0 0 0 0 0 0 0 0 0 0 0 0 0 0 0 0 0 0 0 0 0 0 0 0 0 0 data 15 0x50007 0x6b72 0x30 0x0 0xa0002 0x0 0x0 0x0 0x0 0x0 0x0 0x0 0x9 0x1 0x0 oops 0 methods 0
ciMethodData org/jetbrains/kotlin/com/intellij/util/text/ImmutableText length ()I 2 6112 orig 80 0 0 0 0 0 0 0 0 0 0 0 0 0 0 0 0 0 0 0 0 0 0 0 0 0 0 0 0 0 0 0 0 0 0 0 0 0 0 0 0 0 0 0 0 0 0 0 0 0 0 0 0 0 0 0 0 0 0 0 0 0 0 0 0 0 0 0 0 0 0 0 0 0 0 0 0 0 0 0 0 data 16 0x40005 0x0 0x0 0x1c963471920 0x15e1 0x0 0x0 0x0 0x0 0x0 0x0 0x0 0x0 0x9 0x1 0x0 oops 1 3 java/lang/String methods 0
ciMethodData org/jetbrains/kotlin/com/intellij/psi/impl/ElementBase <init> ()V 2 24497 orig 80 0 0 0 0 0 0 0 0 0 0 0 0 0 0 0 0 0 0 0 0 0 0 0 0 0 0 0 0 0 0 0 0 0 0 0 0 0 0 0 0 0 0 0 0 0 0 0 0 0 0 0 0 0 0 0 0 0 0 0 0 0 0 0 0 0 0 0 0 0 0 0 0 0 0 0 0 0 0 0 0 data 7 0x10002 0x5db2 0x0 0x0 0x9 0x1 0x6 oops 0 methods 0
ciMethodData org/jetbrains/kotlin/com/intellij/psi/impl/source/tree/TreeElement <init> (Lorg/jetbrains/kotlin/com/intellij/psi/tree/IElementType;)V 2 18271 orig 80 0 0 0 0 0 0 0 0 0 0 0 0 0 0 0 0 0 0 0 0 0 0 0 0 0 0 0 0 0 0 0 0 0 0 0 0 0 0 0 0 0 0 0 0 0 0 0 0 0 0 0 0 0 0 0 0 0 0 0 0 0 0 0 0 0 0 0 0 0 0 0 0 0 0 0 0 0 0 0 0 data 18 0x10007 0x4560 0x30 0x0 0x50002 0x0 0x90002 0x4560 0x0 0x0 0x0 0x0 0x0 0x0 0x9 0x2 0x16 0x0 oops 0 methods 0
ciMethodData org/jetbrains/kotlin/com/intellij/psi/impl/source/CharTableImpl subSequenceHashCode (Ljava/lang/CharSequence;II)I 2 11297 orig 80 0 0 0 0 0 0 0 0 0 0 0 0 0 0 0 0 0 0 0 0 0 0 0 0 0 0 0 0 0 0 0 0 0 0 0 0 0 0 0 0 0 0 0 0 0 0 0 0 0 0 0 0 0 0 0 0 0 0 0 0 0 0 0 0 0 0 0 0 0 0 0 0 0 0 0 0 0 0 0 0 data 36 0x10007 0x2a22 0x30 0x0 0x60002 0x0 0xa0007 0x2959 0x88 0xc9 0xf0005 0x0 0x0 0x1c96a175080 0xa 0x1c963471920 0xbf 0x140007 0x79 0x30 0x50 0x180002 0x50 0x1f0002 0x29d2 0x0 0x0 0x0 0x0 0x0 0x0 0x9 0x3 0x0 0x0 0x0 oops 2 13 org/jetbrains/kotlin/com/intellij/util/text/ImmutableText 15 java/lang/String methods 0
ciMethodData org/jetbrains/kotlin/com/intellij/lang/ASTFactory factory (Lorg/jetbrains/kotlin/com/intellij/psi/tree/IElementType;)Lorg/jetbrains/kotlin/com/intellij/lang/ASTFactory; 2 14447 orig 80 0 0 0 0 0 0 0 0 0 0 0 0 0 0 0 0 0 0 0 0 0 0 0 0 0 0 0 0 0 0 0 0 0 0 0 0 0 0 0 0 0 0 0 0 0 0 0 0 0 0 0 0 0 0 0 0 0 0 0 0 0 0 0 0 0 0 0 0 0 0 0 0 0 0 0 0 0 0 0 0 data 30 0x40005 0x2d3d 0x0 0x1c9636555c0 0x57 0x1c963655670 0x8dc 0x70005 0x0 0x0 0x1c963654e20 0x3670 0x0 0x0 0xa0004 0x0 0x0 0x1c9697d0c10 0x32fe 0x1c963652a40 0x372 0x0 0x0 0x0 0x0 0x0 0x0 0x9 0x1 0x0 oops 5 3 org/jetbrains/kotlin/psi/stubs/elements/KtUserTypeElementType 5 org/jetbrains/kotlin/psi/stubs/elements/KtNameReferenceExpressionElementType 10 org/jetbrains/kotlin/com/intellij/lang/LanguageASTFactory 17 org/jetbrains/kotlin/com/intellij/lang/DefaultASTFactoryImpl 19 org/jetbrains/kotlin/com/intellij/psi/impl/source/tree/JavaASTFactory methods 0
ciMethodData org/jetbrains/kotlin/com/intellij/lang/impl/PsiBuilderImpl insertLeaves (IILorg/jetbrains/kotlin/com/intellij/psi/impl/source/tree/CompositeElement;)I 2 16087 orig 80 0 0 0 0 0 0 0 0 0 0 0 0 0 0 0 0 0 0 0 0 0 0 0 0 0 0 0 0 0 0 0 0 0 0 0 0 0 0 0 0 0 0 0 0 0 0 0 0 0 0 0 0 0 0 0 0 0 0 0 0 0 0 0 0 0 0 0 0 0 0 0 0 0 0 0 0 0 0 0 0 data 52 0x50002 0x3cd8 0xb0007 0x3cd8 0x130 0x296e 0xe0002 0x296e 0x270007 0x296e 0x78 0x0 0x300004 0x0 0x0 0x0 0x0 0x0 0x0 0x330007 0x0 0x90 0x0 0x450005 0x0 0x0 0x1c9688f2840 0x296e 0x0 0x0 0x4d0005 0x6d0 0x0 0x1c9688f2a70 0x2271 0x1c9688f3580 0x2d 0x530003 0x296e 0xfffffffffffffee8 0x0 0x0 0x0 0x0 0x0 0x0 0x9 0x4 0x0 0x0 0x0 0x0 oops 3 26 org/jetbrains/kotlin/com/intellij/lang/impl/PsiBuilderImpl 33 org/jetbrains/kotlin/com/intellij/psi/impl/source/tree/CompositeElement 35 org/jetbrains/kotlin/com/intellij/psi/impl/source/tree/FileElement methods 0
ciMethodData org/jetbrains/kotlin/com/intellij/lang/impl/PsiBuilderImpl createLeaf (Lorg/jetbrains/kotlin/com/intellij/psi/tree/IElementType;II)Lorg/jetbrains/kotlin/com/intellij/psi/impl/source/tree/TreeElement; 2 11165 orig 80 0 0 0 0 0 0 0 0 0 0 0 0 0 0 0 0 0 0 0 0 0 0 0 0 0 0 0 0 0 0 0 0 0 0 0 0 0 0 0 0 0 0 0 0 0 0 0 0 0 0 0 0 0 0 0 0 0 0 0 0 0 0 0 0 0 0 0 0 0 0 0 0 0 0 0 0 0 0 0 0 data 127 0x10007 0x29fb 0x30 0x0 0x60002 0x0 0x130005 0x0 0x0 0x1c968ea95b0 0x29fb 0x0 0x0 0x1f0005 0x29fb 0x0 0x0 0x0 0x0 0x0 0x220007 0x1d27 0x30 0xcd4 0x2b0002 0xcd4 0x300004 0xffffffffffffe2d9 0x0 0x1c968ea9660 0xb 0x1c968ea9710 0x1b 0x330007 0x1d27 0xf8 0x0 0x370004 0x0 0x0 0x0 0x0 0x0 0x0 0x400005 0x0 0x0 0x0 0x0 0x0 0x0 0x450004 0x0 0x0 0x0 0x0 0x0 0x0 0x490007 0x0 0x30 0x0 0x4e0002 0x0 0x530002 0x1d27 0x590004 0xffffffffffffe35a 0x0 0x1c968ea9660 0xb 0x1c968ea9710 0x1b 0x5c0007 0x1ca6 0x68 0x81 0x600004 0x0 0x0 0x1c968ea97c0 0x17 0x1c968ea9870 0x5 0x670002 0x81 0x6d0007 0x1ca6 0xa8 0x0 0x750005 0x0 0x0 0x0 0x0 0x0 0x0 0x7c0007 0x0 0x50 0x0 0x820007 0x0 0x30 0x0 0x870002 0x0 0x8e0002 0x1ca6 0x920007 0x1ca6 0x30 0x0 0x970002 0x0 0x0 0x0 0x0 0x0 0x0 0x0 0x9 0x4 0x0 0x0 0x0 0x0 oops 7 9 org/jetbrains/kotlin/com/intellij/psi/impl/source/CharTableImpl 29 org/jetbrains/kotlin/lexer/KtModifierKeywordToken 31 org/jetbrains/kotlin/lexer/KtKeywordToken 69 org/jetbrains/kotlin/lexer/KtModifierKeywordToken 71 org/jetbrains/kotlin/lexer/KtKeywordToken 80 org/jetbrains/kotlin/BlockExpressionElementType 82 org/jetbrains/kotlin/kdoc/lexer/KDocTokens$1 methods 0
ciMethodData org/jetbrains/kotlin/com/intellij/openapi/util/UserDataHolderBase changeUserMap (Lorg/jetbrains/kotlin/com/intellij/util/keyFMap/KeyFMap;Lorg/jetbrains/kotlin/com/intellij/util/keyFMap/KeyFMap;)Z 1 222 orig 80 0 0 0 0 0 0 0 0 0 0 0 0 0 0 0 0 0 0 0 0 0 0 0 0 0 0 0 0 0 0 0 0 0 0 0 0 0 0 0 0 0 0 0 0 0 0 0 0 0 0 0 0 0 0 0 0 0 0 0 0 0 0 0 0 0 0 0 0 0 0 0 0 0 0 0 0 0 0 0 0 data 30 0x10007 0xb2 0x30 0x0 0x50002 0x0 0x90007 0xb2 0x30 0x0 0xd0002 0x0 0x130005 0xb2 0x0 0x0 0x0 0x0 0x0 0x0 0x0 0x0 0x0 0x0 0x0 0x9 0x3 0xffffffffffffffff 0xffffffffffffffff 0xffffffffffffffff oops 0 methods 0
ciMethodData org/jetbrains/kotlin/com/intellij/psi/impl/source/CharTableImpl $$$reportNull$$$0 (I)V 1 0 orig 80 0 0 0 0 0 0 0 0 0 0 0 0 0 0 0 0 0 0 0 0 0 0 0 0 0 0 0 0 0 0 0 0 0 0 0 0 0 0 0 0 0 0 0 0 0 0 0 0 0 0 0 0 0 0 0 0 0 0 0 0 0 0 0 0 0 0 0 0 0 0 0 0 0 0 0 0 0 0 0 0 data 434 0x10008 0x24 0x0 0x130 0x0 0x130 0x0 0x148 0x0 0x130 0x0 0x148 0x0 0x148 0x0 0x130 0x0 0x130 0x0 0x148 0x0 0x130 0x0 0x130 0x0 0x148 0x0 0x148 0x0 0x130 0x0 0x130 0x0 0x148 0x0 0x130 0x0 0x130 0x570003 0x0 0x30 0x5d0003 0x0 0x18 0x610008 0x24 0x0 0x130 0x0 0x130 0x0 0x148 0x0 0x130 0x0 0x148 0x0 0x148 0x0 0x130 0x0 0x130 0x0 0x148 0x0 0x130 0x0 0x130 0x0 0x148 0x0 0x148 0x0 0x130 0x0 0x130 0x0 0x148 0x0 0x130 0x0 0x130 0xb50003 0x0 0x30 0xb90003 0x0 0x18 0xc00008 0x24 0x0 0x130 0x0 0x130 0x0 0x180 0x0 0x130 0x0 0x180 0x0 0x180 0x0 0x130 0x0 0x1d0 0x0 0x180 0x0 0x130 0x0 0x130 0x0 0x180 0x0 0x180 0x0 0x130 0x0 0x130 0x0 0x180 0x0 0x220 0x0 0x270 0x1190004 0x0 0x0 0x0 0x0 0x0 0x0 0x11a0003 0x0 0x158 0x1220004 0x0 0x0 0x0 0x0 0x0 0x0 0x1230003 0x0 0x108 0x12b0004 0x0 0x0 0x0 0x0 0x0 0x0 0x12c0003 0x0 0xb8 0x1340004 0x0 0x0 0x0 0x0 0x0 0x0 0x1350003 0x0 0x68 0x13d0004 0x0 0x0 0x0 0x0 0x0 0x0 0x13e0003 0x0 0x18 0x1420008 0x24 0x0 0x130 0x0 0x130 0x0 0x180 0x0 0x130 0x0 0x1d0 0x0 0x1d0 0x0 0x130 0x0 0x130 0x0 0x180 0x0 0x130 0x0 0x130 0x0 0x220 0x0 0x220 0x0 0x130 0x0 0x130 0x0 0x270 0x0 0x130 0x0 0x130 0x1990004 0x0 0x0 0x0 0x0 0x0 0x0 0x19a0003 0x0 0x158 0x1a20004 0x0 0x0 0x0 0x0 0x0 0x0 0x1a30003 0x0 0x108 0x1ab0004 0x0 0x0 0x0 0x0 0x0 0x0 0x1ac0003 0x0 0xb8 0x1b40004 0x0 0x0 0x0 0x0 0x0 0x0 0x1b50003 0x0 0x68 0x1bd0004 0x0 0x0 0x0 0x0 0x0 0x0 0x1be0003 0x0 0x18 0x1c20008 0x24 0x0 0x130 0x0 0x130 0x0 0x180 0x0 0x198 0x0 0x180 0x0 0x180 0x0 0x198 0x0 0x130 0x0 0x180 0x0 0x1e8 0x0 0x1e8 0x0 0x180 0x0 0x180 0x0 0x238 0x0 0x288 0x0 0x180 0x0 0x2d8 0x0 0x328 0x2190004 0x0 0x0 0x0 0x0 0x0 0x0 0x21a0003 0x0 0x210 0x21d0003 0x0 0x1f8 0x2250004 0x0 0x0 0x0 0x0 0x0 0x0 0x2260003 0x0 0x1a8 0x22e0004 0x0 0x0 0x0 0x0 0x0 0x0 0x22f0003 0x0 0x158 0x2370004 0x0 0x0 0x0 0x0 0x0 0x0 0x2380003 0x0 0x108 0x2400004 0x0 0x0 0x0 0x0 0x0 0x0 0x2410003 0x0 0xb8 0x2490004 0x0 0x0 0x0 0x0 0x0 0x0 0x24a0003 0x0 0x68 0x2520004 0x0 0x0 0x0 0x0 0x0 0x0 0x2530003 0x0 0x18 0x2560002 0x0 0x25a0008 0x24 0x0 0x130 0x0 0x130 0x0 0x158 0x0 0x130 0x0 0x158 0x0 0x158 0x0 0x130 0x0 0x130 0x0 0x158 0x0 0x130 0x0 0x130 0x0 0x158 0x0 0x158 0x0 0x130 0x0 0x130 0x0 0x158 0x0 0x130 0x0 0x130 0x2b10002 0x0 0x2b40003 0x0 0x40 0x2bc0002 0x0 0x2bf0003 0x0 0x18 0x0 0x0 0x0 0x0 0x0 0x0 0x9 0x1 0x0 oops 0 methods 0
ciMethodData org/jetbrains/kotlin/com/intellij/openapi/util/text/StringUtil stringHashCode (Ljava/lang/CharSequence;)I 1 270 orig 80 0 0 0 0 0 0 0 0 0 0 0 0 0 0 0 0 0 0 0 0 0 0 0 0 0 0 0 0 0 0 0 0 0 0 0 0 0 0 0 0 0 0 0 0 0 0 0 0 0 0 0 0 0 0 0 0 0 0 0 0 0 0 0 0 0 0 0 0 0 0 0 0 0 0 0 0 0 0 0 0 data 17 0x10007 0x50 0x30 0x0 0x60002 0x0 0xa0002 0x50 0x0 0x0 0x0 0x0 0x0 0x0 0x9 0x1 0x0 oops 0 methods 0
ciMethodData org/jetbrains/kotlin/com/intellij/openapi/util/text/Strings stringHashCode (Ljava/lang/CharSequence;)I 1 280 orig 80 0 0 0 0 0 0 0 0 0 0 0 0 0 0 0 0 0 0 0 0 0 0 0 0 0 0 0 0 0 0 0 0 0 0 0 0 0 0 0 0 0 0 0 0 0 0 0 0 0 0 0 0 0 0 0 0 0 0 0 0 0 0 0 0 0 0 0 0 0 0 0 0 0 0 0 0 0 0 0 0 data 53 0x10007 0x5a 0x30 0x0 0x60002 0x0 0xa0004 0x0 0x0 0x1c963471920 0x5a 0x0 0x0 0xd0007 0x5a 0x78 0x0 0x110004 0x0 0x0 0x0 0x0 0x0 0x0 0x140007 0x0 0x58 0x0 0x180005 0x0 0x0 0x1c963471920 0x5a 0x0 0x0 0x1f0005 0x0 0x0 0x0 0x0 0x0 0x0 0x240002 0x0 0x0 0x0 0x0 0x0 0x0 0x0 0x9 0x1 0xffffffffffffffff oops 2 9 java/lang/String 31 java/lang/String methods 0
ciMethodData org/jetbrains/kotlin/com/intellij/openapi/util/text/StringUtil stringHashCode (Ljava/lang/CharSequence;II)I 2 11027 orig 80 0 0 0 0 0 0 0 0 0 0 0 0 0 0 0 0 0 0 0 0 0 0 0 0 0 0 0 0 0 0 0 0 0 0 0 0 0 0 0 0 0 0 0 0 0 0 0 0 0 0 0 0 0 0 0 0 0 0 0 0 0 0 0 0 0 0 0 0 0 0 0 0 0 0 0 0 0 0 0 0 data 19 0x10007 0x2925 0x30 0x0 0x60002 0x0 0xc0002 0x2925 0x0 0x0 0x0 0x0 0x0 0x0 0x9 0x3 0x0 0x0 0x0 oops 0 methods 0
ciMethodData org/jetbrains/kotlin/com/intellij/openapi/util/text/Strings stringHashCode (Ljava/lang/CharSequence;II)I 2 11027 orig 80 0 0 0 0 0 0 0 0 0 0 0 0 0 0 0 0 0 0 0 0 0 0 0 0 0 0 0 0 0 0 0 0 0 0 0 0 0 0 0 0 0 0 0 0 0 0 0 0 0 0 0 0 0 0 0 0 0 0 0 0 0 0 0 0 0 0 0 0 0 0 0 0 0 0 0 0 0 0 0 0 data 19 0x10007 0x2925 0x30 0x0 0x60002 0x0 0xd0002 0x2925 0x0 0x0 0x0 0x0 0x0 0x0 0x9 0x3 0x0 0x0 0x0 oops 0 methods 0
ciMethodData org/jetbrains/kotlin/com/intellij/openapi/util/text/Strings stringHashCode (Ljava/lang/CharSequence;III)I 2 43580 orig 80 0 0 0 0 0 0 0 0 0 0 0 0 0 0 0 0 0 0 0 0 0 0 0 0 0 0 0 0 0 0 0 0 0 0 0 0 0 0 0 0 0 0 0 0 0 0 0 0 0 0 0 0 0 0 0 0 0 0 0 0 0 0 0 0 0 0 0 0 0 0 0 0 0 0 0 0 0 0 0 0 data 32 0x10007 0x242c 0x30 0x0 0x60002 0x0 0x120007 0x242c 0x70 0xa27b 0x1d0005 0x0 0x0 0x1c96a175080 0x22a0 0x1c963471920 0x7fdb 0x280003 0xa27b 0xffffffffffffffa8 0x0 0x0 0x0 0x0 0x0 0x0 0x9 0x4 0x0 0x0 0x0 0x0 oops 2 13 org/jetbrains/kotlin/com/intellij/util/text/ImmutableText 15 java/lang/String methods 0
ciMethod org/jetbrains/kotlin/com/intellij/openapi/progress/Cancellation isCancelled ()Z 526 0 14487 0 0
ciMethod org/jetbrains/kotlin/com/intellij/openapi/progress/Cancellation checkCancelled ()V 526 0 14487 0 0
ciMethodData org/jetbrains/kotlin/com/intellij/openapi/progress/impl/CoreProgressManager isInNonCancelableSection ()Z 2 14609 orig 80 0 0 0 0 0 0 0 0 0 0 0 0 201 1 0 0 0 0 0 0 0 0 0 0 0 0 0 0 0 0 0 0 0 0 0 0 0 0 0 0 0 0 0 0 0 0 0 0 0 0 0 0 0 0 0 0 0 0 0 0 0 0 0 0 0 0 0 0 0 0 0 0 0 0 0 0 0 0 0 0 data 23 0x30005 0x0 0x0 0x1c968d30280 0x3809 0x0 0x0 0x60007 0x3809 0x38 0x0 0xa0003 0x0 0x18 0x0 0x0 0x0 0x0 0x0 0x0 0x9 0x1 0x0 oops 1 3 java/lang/ThreadLocal methods 0
ciMethodData org/jetbrains/kotlin/com/intellij/openapi/progress/Cancellation checkCancelled ()V 2 14487 orig 80 0 0 0 0 0 0 0 0 0 0 0 0 0 0 0 0 0 0 0 0 0 0 0 0 0 0 0 0 0 0 0 0 0 0 0 0 0 0 0 0 0 0 0 0 0 0 0 0 0 0 0 0 0 0 0 0 0 0 0 0 0 0 0 0 0 0 0 0 0 0 0 0 0 0 0 0 0 0 0 0 data 16 0x2 0x3790 0x30007 0x3790 0x30 0x0 0xa0002 0x0 0x0 0x0 0x0 0x0 0x0 0x0 0x9 0x0 oops 0 methods 0
ciMethodData org/jetbrains/kotlin/com/intellij/openapi/progress/Cancellation isCancelled ()Z 2 14487 orig 80 0 0 0 0 0 0 0 0 0 0 0 0 0 0 0 0 0 0 0 0 0 0 0 0 0 0 0 0 0 0 0 0 0 0 0 0 0 0 0 0 0 0 0 0 0 0 0 0 0 0 0 0 0 0 0 0 0 0 0 0 0 0 0 0 0 0 0 0 0 0 0 0 0 0 0 0 0 0 0 0 data 40 0x30005 0x0 0x0 0x1c968d30280 0x3790 0x0 0x0 0x60104 0x0 0x0 0x0 0x0 0x0 0x0 0xb0007 0x3790 0x90 0x0 0xf0005 0x0 0x0 0x0 0x0 0x0 0x0 0x140007 0x0 0x38 0x0 0x180003 0x0 0x18 0x0 0x0 0x0 0x0 0x0 0x0 0x9 0x0 oops 1 3 java/lang/ThreadLocal methods 0
ciMethodData org/jetbrains/kotlin/com/intellij/psi/impl/source/CharTableImpl intern (Ljava/lang/CharSequence;II)Ljava/lang/CharSequence; 2 11165 orig 80 0 0 0 0 0 0 0 0 0 0 0 0 0 0 0 0 0 0 0 0 0 0 0 0 0 0 0 0 0 0 0 0 0 0 0 0 0 0 0 0 0 0 0 0 0 0 0 0 0 0 0 0 0 0 0 0 0 0 0 0 0 0 0 0 0 0 0 0 0 0 0 0 0 0 0 0 0 0 0 0 data 56 0x10007 0x299e 0x30 0x0 0x60002 0x0 0xd0005 0x0 0x0 0x1c96a175080 0xdbd 0x1c963471920 0x1be1 0x120007 0x299e 0x70 0x0 0x170005 0x0 0x0 0x0 0x0 0x0 0x0 0x1c0003 0x0 0x70 0x240007 0x2917 0x48 0x87 0x2a0002 0x87 0x2f0003 0x87 0x28 0x360002 0x2917 0x3e0007 0x299e 0x30 0x0 0x430002 0x0 0x0 0x0 0x0 0x0 0x0 0x0 0x9 0x4 0x0 0x0 0x0 0x0 oops 2 9 org/jetbrains/kotlin/com/intellij/util/text/ImmutableText 11 java/lang/String methods 0
ciMethodData org/jetbrains/kotlin/com/intellij/psi/impl/source/CharTableImpl doIntern (Ljava/lang/CharSequence;II)Ljava/lang/CharSequence; 2 11027 orig 80 0 0 0 0 0 0 0 0 0 0 0 0 0 0 0 0 0 0 0 0 0 0 0 0 0 0 0 0 0 0 0 0 0 0 0 0 0 0 0 0 0 0 0 0 0 0 0 0 0 0 0 0 0 0 0 0 0 0 0 0 0 0 0 0 0 0 0 0 0 0 0 0 0 0 0 0 0 0 0 0 data 43 0x10007 0x2914 0x30 0x0 0x50002 0x0 0xb0002 0x2914 0x1f0002 0x2914 0x270003 0x2914 0x18 0x340007 0xf1b 0x50 0x19f9 0x3a0007 0x19f9 0x30 0x0 0x3e0002 0x0 0x530002 0xf1b 0x5a0007 0xf1b 0x30 0x0 0x5e0002 0x0 0x0 0x0 0x0 0x0 0x0 0x0 0x9 0x4 0x0 0x0 0x0 0x0 oops 0 methods 0
ciMethodData org/jetbrains/kotlin/com/intellij/psi/impl/source/CharTableImpl$StringHashToCharSequencesMap access$100 (Lorg/jetbrains/kotlin/com/intellij/psi/impl/source/CharTableImpl$StringHashToCharSequencesMap;ILjava/lang/CharSequence;II)Ljava/lang/CharSequence; 2 11027 orig 80 0 0 0 0 0 0 0 0 0 0 0 0 0 0 0 0 0 0 0 0 0 0 0 0 0 0 0 0 0 0 0 0 0 0 0 0 0 0 0 0 0 0 0 0 0 0 0 0 0 0 0 0 0 0 0 0 0 0 0 0 0 0 0 0 0 0 0 0 0 0 0 0 0 0 0 0 0 0 0 0 data 11 0x60002 0x2914 0x0 0x0 0x9 0x5 0x0 0x0 0x0 0x0 0x0 oops 0 methods 0
ciMethodData org/jetbrains/kotlin/com/intellij/psi/impl/source/CharTableImpl$StringHashToCharSequencesMap getSubSequenceWithHashCode (ILjava/lang/CharSequence;II)Ljava/lang/CharSequence; 2 11033 orig 80 0 0 0 0 0 0 0 0 0 0 0 0 0 0 0 0 0 0 0 0 0 0 0 0 0 0 0 0 0 0 0 0 0 0 0 0 0 0 0 0 0 0 0 0 0 0 0 0 0 0 0 0 0 0 0 0 0 0 0 0 0 0 0 0 0 0 0 0 0 0 0 0 0 0 0 0 0 0 0 0 data 105 0x10007 0x291a 0x30 0x0 0x50002 0x0 0xa0005 0x0 0x0 0x1c969f5a5b0 0x291a 0x0 0x0 0x110007 0x19f9 0x20 0xf21 0x180004 0xfffffffffffffffc 0x0 0x1c963471920 0x19f5 0x0 0x0 0x1b0007 0x4 0xc0 0x19f5 0x200004 0x0 0x0 0x1c963471920 0x19f5 0x0 0x0 0x270002 0x19f5 0x2a0007 0x0 0x58 0x19f5 0x2f0004 0x0 0x0 0x1c963471920 0x19f5 0x0 0x0 0x370004 0x0 0x0 0x1c9694f12f0 0x4 0x0 0x0 0x3a0007 0x0 0xc0 0x4 0x3f0004 0x0 0x0 0x1c9694f12f0 0x4 0x0 0x0 0x500007 0x0 0x68 0x8 0x600002 0x8 0x630007 0x4 0x20 0x4 0x6c0003 0x4 0xffffffffffffffb0 0x740007 0x0 0x68 0x0 0x7d0005 0x0 0x0 0x0 0x0 0x0 0x0 0x800002 0x0 0x0 0x0 0x0 0x0 0x0 0x0 0x9 0x5 0x0 0x0 0x0 0x0 0x0 oops 6 9 org/jetbrains/kotlin/com/intellij/psi/impl/source/CharTableImpl$StringHashToCharSequencesMap 20 java/lang/String 31 java/lang/String 44 java/lang/String 51 [Ljava/lang/CharSequence; 62 [Ljava/lang/CharSequence; methods 0
ciMethodData org/jetbrains/kotlin/com/intellij/psi/impl/source/tree/LeafPsiElement <init> (Lorg/jetbrains/kotlin/com/intellij/psi/tree/IElementType;Ljava/lang/CharSequence;)V 2 10414 orig 80 0 0 0 0 0 0 0 0 0 0 0 0 0 0 0 0 0 0 0 0 0 0 0 0 0 0 0 0 0 0 0 0 0 0 0 0 0 0 0 0 0 0 0 0 0 0 0 0 0 0 0 0 0 0 0 0 0 0 0 0 0 0 0 0 0 0 0 0 0 0 0 0 0 0 0 0 0 0 0 0 data 19 0x10007 0x26af 0x30 0x0 0x50002 0x0 0xb0002 0x26af 0x0 0x0 0x0 0x0 0x0 0x0 0x9 0x3 0x36 0x0 0x0 oops 0 methods 0
ciMethodData org/jetbrains/kotlin/com/intellij/psi/impl/source/tree/LeafElement <init> (Lorg/jetbrains/kotlin/com/intellij/psi/tree/IElementType;Ljava/lang/CharSequence;)V 2 10414 orig 80 0 0 0 0 0 0 0 0 0 0 0 0 0 0 0 0 0 0 0 0 0 0 0 0 0 0 0 0 0 0 0 0 0 0 0 0 0 0 0 0 0 0 0 0 0 0 0 0 0 0 0 0 0 0 0 0 0 0 0 0 0 0 0 0 0 0 0 0 0 0 0 0 0 0 0 0 0 0 0 0 data 19 0x10007 0x26af 0x30 0x0 0x50002 0x0 0xa0002 0x26af 0x0 0x0 0x0 0x0 0x0 0x0 0x9 0x3 0x36 0x0 0x0 oops 0 methods 0
ciMethodData org/jetbrains/kotlin/com/intellij/psi/impl/source/CharTableImpl$StringHashToCharSequencesMap charSequenceSubSequenceEquals (Ljava/lang/CharSequence;Ljava/lang/CharSequence;II)Z 2 37105 orig 80 0 0 0 0 0 0 0 0 0 0 0 0 0 0 0 0 0 0 0 0 0 0 0 0 0 0 0 0 0 0 0 0 0 0 0 0 0 0 0 0 0 0 0 0 0 0 0 0 0 0 0 0 0 0 0 0 0 0 0 0 0 0 0 0 0 0 0 0 0 0 0 0 0 0 0 0 0 0 0 0 data 75 0x10007 0x2415 0x30 0x0 0x50002 0x0 0x90007 0x2415 0x30 0x0 0xd0002 0x0 0x110005 0x0 0x0 0x1c963471920 0x2415 0x0 0x0 0x190007 0x2415 0x20 0x0 0x200007 0x2415 0x40 0x0 0x240007 0x0 0x20 0x0 0x2d0005 0x0 0x0 0x1c963471920 0x2415 0x0 0x0 0x380007 0x2411 0xc8 0x8b3d 0x3e0005 0x0 0x0 0x1c963471920 0x8b3d 0x0 0x0 0x480005 0x0 0x0 0x1c96a175080 0x2345 0x1c963471920 0x67f8 0x4d0007 0x8b39 0x20 0x4 0x550003 0x8b39 0xffffffffffffff50 0x0 0x0 0x0 0x0 0x0 0x0 0x9 0x4 0xffffffffffffffff 0xffffffffffffffff 0x0 0x0 oops 5 15 java/lang/String 34 java/lang/String 45 java/lang/String 52 org/jetbrains/kotlin/com/intellij/util/text/ImmutableText 54 java/lang/String methods 0
ciMethodData org/jetbrains/kotlin/com/intellij/psi/impl/source/tree/PsiWhiteSpaceImpl <init> (Ljava/lang/CharSequence;)V 2 3406 orig 80 0 0 0 0 0 0 0 0 0 0 0 0 0 0 0 0 0 0 0 0 0 0 0 0 0 0 0 0 0 0 0 0 0 0 0 0 0 0 0 0 0 0 0 0 0 0 0 0 0 0 0 0 0 0 0 0 0 0 0 0 0 0 0 0 0 0 0 0 0 0 0 0 0 0 0 0 0 0 0 0 data 9 0x50002 0xc93 0x0 0x0 0x0 0x9 0x2 0x0 0x0 oops 0 methods 0
ciMethodData org/jetbrains/kotlin/com/intellij/lang/impl/PsiBuilderImpl getASTFactory ()Lorg/jetbrains/kotlin/com/intellij/lang/ASTFactory; 2 7981 orig 80 0 0 0 0 0 0 0 0 0 0 0 0 0 0 0 0 0 0 0 0 0 0 0 0 0 0 0 0 0 0 0 0 0 0 0 0 0 0 0 0 0 0 0 0 0 0 0 0 0 0 0 0 0 0 0 0 0 0 0 0 0 0 0 0 0 0 0 0 0 0 0 0 0 0 0 0 0 0 0 0 data 30 0x40004 0xffffffffffffe2ba 0x0 0x1c96a3ce250 0xb9 0x0 0x0 0x70007 0x1d46 0x70 0x0 0xe0004 0x0 0x0 0x0 0x0 0x0 0x0 0x110003 0x0 0x18 0x0 0x0 0x0 0x0 0x0 0x0 0x9 0x1 0x0 oops 1 3 org/jetbrains/kotlin/parsing/KotlinParserDefinition methods 0
ciMethodData org/jetbrains/kotlin/com/intellij/lang/impl/PsiBuilderImpl createLazy (Lorg/jetbrains/kotlin/com/intellij/psi/tree/ILazyParseableElementType;Ljava/lang/CharSequence;Lorg/jetbrains/kotlin/com/intellij/lang/ASTFactory;)Lorg/jetbrains/kotlin/com/intellij/psi/impl/source/tree/LazyParseableElement; 1 251 orig 80 0 0 0 0 0 0 0 0 0 0 0 0 0 0 0 0 0 0 0 0 0 0 0 0 0 0 0 0 0 0 0 0 0 0 0 0 0 0 0 0 0 0 0 0 0 0 0 0 0 0 0 0 0 0 0 0 0 0 0 0 0 0 0 0 0 0 0 0 0 0 0 0 0 0 0 0 0 0 0 0 data 46 0x10007 0xf6 0x30 0x0 0x60002 0x0 0xa0007 0xf6 0xa8 0x0 0x100005 0x0 0x0 0x0 0x0 0x0 0x0 0x150007 0x0 0x50 0x0 0x1a0007 0x0 0x30 0x0 0x1f0002 0x0 0x250002 0xf6 0x290007 0xf6 0x30 0x0 0x2e0002 0x0 0x0 0x0 0x0 0x0 0x0 0x0 0x9 0x3 0x0 0x0 0x0 oops 0 methods 0
ciMethodData org/jetbrains/kotlin/com/intellij/lang/ASTFactory leaf (Lorg/jetbrains/kotlin/com/intellij/psi/tree/IElementType;Ljava/lang/CharSequence;)Lorg/jetbrains/kotlin/com/intellij/psi/impl/source/tree/LeafElement; 2 7630 orig 80 0 0 0 0 0 0 0 0 0 0 0 0 0 0 0 0 0 0 0 0 0 0 0 0 0 0 0 0 0 0 0 0 0 0 0 0 0 0 0 0 0 0 0 0 0 0 0 0 0 0 0 0 0 0 0 0 0 0 0 0 0 0 0 0 0 0 0 0 0 0 0 0 0 0 0 0 0 0 0 0 data 95 0x10007 0x1bea 0x30 0x0 0x60002 0x0 0xa0007 0x1bea 0x30 0x0 0xf0002 0x0 0x160007 0x1bea 0x30 0x0 0x1e0002 0x0 0x230004 0xffffffffffffe416 0x0 0x1c9636528e0 0x86 0x1c963652990 0x76 0x260007 0x1bea 0xf8 0x0 0x2a0004 0x0 0x0 0x0 0x0 0x0 0x0 0x2e0005 0x0 0x0 0x0 0x0 0x0 0x0 0x330004 0x0 0x0 0x0 0x0 0x0 0x0 0x370007 0x0 0x30 0x0 0x3c0002 0x0 0x410002 0x1bea 0x460005 0x0 0x0 0x1c9697d0c10 0x1878 0x1c963652a40 0x372 0x4b0007 0x0 0x38 0x1bea 0x4f0003 0x1bea 0x50 0x570005 0x0 0x0 0x0 0x0 0x0 0x0 0x5b0007 0x1bea 0x30 0x0 0x600002 0x0 0x0 0x0 0x0 0x0 0x0 0x0 0x9 0x2 0x0 0x0 oops 4 21 org/jetbrains/kotlin/lexer/KtToken 23 org/jetbrains/kotlin/lexer/KtSingleValueToken 61 org/jetbrains/kotlin/com/intellij/lang/DefaultASTFactoryImpl 63 org/jetbrains/kotlin/com/intellij/psi/impl/source/tree/JavaASTFactory methods 0
ciMethodData org/jetbrains/kotlin/parsing/KotlinParserDefinition getCommentTokens ()Lorg/jetbrains/kotlin/com/intellij/psi/tree/TokenSet; 2 6865 orig 80 0 0 0 0 0 0 0 0 0 0 0 0 0 0 0 0 0 0 0 0 0 0 0 0 0 0 0 0 0 0 0 0 0 0 0 0 0 0 0 0 0 0 0 0 0 0 0 0 0 0 0 0 0 0 0 0 0 0 0 0 0 0 0 0 0 0 0 0 0 0 0 0 0 0 0 0 0 0 0 0 data 11 0x60002 0x18d2 0x0 0x0 0x0 0x0 0x0 0x0 0x9 0x1 0x0 oops 0 methods 0
ciMethodData org/jetbrains/kotlin/com/intellij/lang/DefaultASTFactoryImpl createLeaf (Lorg/jetbrains/kotlin/com/intellij/psi/tree/IElementType;Ljava/lang/CharSequence;)Lorg/jetbrains/kotlin/com/intellij/psi/impl/source/tree/LeafElement; 2 6748 orig 80 0 0 0 0 0 0 0 0 0 0 0 0 0 0 0 0 0 0 0 0 0 0 0 0 0 0 0 0 0 0 0 0 0 0 0 0 0 0 0 0 0 0 0 0 0 0 0 0 0 0 0 0 0 0 0 0 0 0 0 0 0 0 0 0 0 0 0 0 0 0 0 0 0 0 0 0 0 0 0 0 data 81 0x10007 0x185d 0x30 0x0 0x50002 0x0 0x90007 0x185d 0x30 0x0 0xd0002 0x0 0x110005 0x16d5 0x0 0x1c968ea9710 0x156 0x1c968ea9660 0x32 0x190005 0x0 0x0 0x1c968b4eae0 0x185d 0x0 0x0 0x1c0004 0x0 0x0 0x1c96a3ce250 0x185d 0x0 0x0 0x230007 0x0 0x118 0x185d 0x280005 0x0 0x0 0x1c96a3ce250 0x185d 0x0 0x0 0x2e0005 0x185d 0x0 0x0 0x0 0x0 0x0 0x310007 0x182e 0x88 0x2f 0x370005 0x0 0x0 0x1c9697d0c10 0x2f 0x0 0x0 0x3b0007 0x2f 0x30 0x0 0x3f0002 0x0 0x490002 0x182e 0x0 0x0 0x0 0x0 0x0 0x0 0x9 0x3 0x0 0x0 0x0 oops 6 15 org/jetbrains/kotlin/lexer/KtKeywordToken 17 org/jetbrains/kotlin/lexer/KtModifierKeywordToken 22 org/jetbrains/kotlin/com/intellij/lang/LanguageParserDefinitions 29 org/jetbrains/kotlin/parsing/KotlinParserDefinition 40 org/jetbrains/kotlin/parsing/KotlinParserDefinition 58 org/jetbrains/kotlin/com/intellij/lang/DefaultASTFactoryImpl methods 0
ciMethodData org/jetbrains/kotlin/com/intellij/psi/impl/source/CharTableImpl$StringHashToCharSequencesMap getOrAddSubSequenceWithHashCode (ILjava/lang/CharSequence;II)Ljava/lang/CharSequence; 2 4351 orig 80 0 0 0 0 0 0 0 0 0 0 0 0 0 0 0 0 0 0 0 0 0 0 0 0 0 0 0 0 0 0 0 0 0 0 0 0 0 0 0 0 0 0 0 0 0 0 0 0 0 0 0 0 0 0 0 0 0 0 0 0 0 0 0 0 0 0 0 0 0 0 0 0 0 0 0 0 0 0 0 0 data 185 0x10007 0xf00 0x30 0x0 0x60002 0x0 0xb0005 0x0 0x0 0x1c969f5a5b0 0xf00 0x0 0x0 0x120007 0xa44 0x80 0x4bc 0x190002 0x4bc 0x220005 0x0 0x0 0x1c969f5a5b0 0x4bc 0x0 0x0 0x260003 0x4bc 0x460 0x2b0004 0x0 0x0 0x1c963471920 0xa44 0x0 0x0 0x2e0007 0x0 0x188 0xa44 0x330004 0x0 0x0 0x1c963471920 0xa44 0x0 0x0 0x3e0002 0xa44 0x410007 0x0 0x50 0xa44 0x470007 0xa44 0x30 0x0 0x4c0002 0x0 0x540002 0x0 0x630004 0x0 0x0 0x0 0x0 0x0 0x0 0x680004 0x0 0x0 0x0 0x0 0x0 0x0 0x690005 0x0 0x0 0x0 0x0 0x0 0x0 0x6d0003 0x0 0x2a0 0x720004 0x0 0x0 0x0 0x0 0x0 0x0 0x750007 0x0 0x1b8 0x0 0x7a0004 0x0 0x0 0x0 0x0 0x0 0x0 0x8f0007 0x0 0x98 0x0 0x9f0002 0x0 0xa20007 0x0 0x50 0x0 0xa80007 0x0 0x30 0x0 0xad0002 0x0 0xb40003 0x0 0xffffffffffffff80 0xbb0002 0x0 0xc4000a 0x0 0x1 0x0 0xc90002 0x0 0xcc0004 0x0 0x0 0x0 0x0 0x0 0x0 0xd50005 0x0 0x0 0x0 0x0 0x0 0x0 0xd90003 0x0 0xb0 0xdf0007 0x0 0x68 0x0 0xe80005 0x0 0x0 0x0 0x0 0x0 0x0 0xeb0002 0x0 0xf10007 0x0 0x30 0x0 0xf60002 0x0 0xfd0007 0x4bc 0x30 0x0 0x1020002 0x0 0x0 0x0 0x0 0x0 0x0 0x0 0x9 0x5 0x0 0x0 0x0 0x0 0x0 oops 4 9 org/jetbrains/kotlin/com/intellij/psi/impl/source/CharTableImpl$StringHashToCharSequencesMap 22 org/jetbrains/kotlin/com/intellij/psi/impl/source/CharTableImpl$StringHashToCharSequencesMap 32 java/lang/String 43 java/lang/String methods 0
ciMethodData org/jetbrains/kotlin/com/intellij/psi/impl/source/CharTableImpl createSequence (Ljava/lang/CharSequence;II)Ljava/lang/String; 1 1686 orig 80 0 0 0 0 0 0 0 0 0 0 0 0 0 0 0 0 0 0 0 0 0 0 0 0 0 0 0 0 0 0 0 0 0 0 0 0 0 0 0 0 0 0 0 0 0 0 0 0 0 0 0 0 0 0 0 0 0 0 0 0 0 0 0 0 0 0 0 0 0 0 0 0 0 0 0 0 0 0 0 0 data 68 0x10007 0xa4 0x30 0x0 0x60002 0x0 0xa0004 0xffffffffffffff5c 0x0 0x1c96a175080 0xa4 0x0 0x0 0xd0007 0xa4 0xc0 0x0 0x110004 0x0 0x0 0x0 0x0 0x0 0x0 0x160005 0x0 0x0 0x0 0x0 0x0 0x0 0x1a0007 0x0 0x30 0x0 0x1f0002 0x0 0x260005 0x0 0x0 0x1c96a175080 0xa4 0x0 0x0 0x2b0005 0x0 0x0 0x1c963631510 0xa4 0x0 0x0 0x310007 0xa4 0x30 0x0 0x360002 0x0 0x0 0x0 0x0 0x0 0x0 0x0 0x9 0x3 0x0 0x0 0x0 oops 3 9 org/jetbrains/kotlin/com/intellij/util/text/ImmutableText 40 org/jetbrains/kotlin/com/intellij/util/text/ImmutableText 47 org/jetbrains/kotlin/com/intellij/util/text/CharSequenceSubSequence methods 0
ciMethodData org/jetbrains/kotlin/com/intellij/psi/impl/source/CharTableImpl$StringHashToCharSequencesMap access$200 (Lorg/jetbrains/kotlin/com/intellij/psi/impl/source/CharTableImpl$StringHashToCharSequencesMap;ILjava/lang/CharSequence;II)Ljava/lang/CharSequence; 2 4087 orig 80 0 0 0 0 0 0 0 0 0 0 0 0 0 0 0 0 0 0 0 0 0 0 0 0 0 0 0 0 0 0 0 0 0 0 0 0 0 0 0 0 0 0 0 0 0 0 0 0 0 0 0 0 0 0 0 0 0 0 0 0 0 0 0 0 0 0 0 0 0 0 0 0 0 0 0 0 0 0 0 0 data 11 0x60002 0xeb5 0x0 0x0 0x9 0x5 0x0 0x0 0x0 0x0 0x0 oops 0 methods 0
ciMethodData org/jetbrains/kotlin/com/intellij/psi/impl/source/CharTableImpl access$600 (Ljava/lang/CharSequence;II)Ljava/lang/String; 2 1548 orig 80 0 0 0 0 0 0 0 0 0 0 0 0 201 1 0 0 0 0 0 0 0 0 0 0 0 0 0 0 0 0 0 0 0 0 0 0 0 0 0 0 0 0 0 0 0 0 0 0 0 0 0 0 0 0 0 0 0 0 0 0 0 0 0 0 0 0 0 0 0 0 0 0 0 0 0 0 0 0 0 0 data 13 0x30002 0x476 0x0 0x0 0x0 0x0 0x0 0x0 0x9 0x3 0x0 0x0 0x0 oops 0 methods 0
ciMethodData org/jetbrains/kotlin/com/intellij/lang/DefaultASTFactoryImpl createComment (Lorg/jetbrains/kotlin/com/intellij/psi/tree/IElementType;Ljava/lang/CharSequence;)Lorg/jetbrains/kotlin/com/intellij/psi/impl/source/tree/LeafElement; 1 47 orig 80 0 0 0 0 0 0 0 0 0 0 0 0 0 0 0 0 0 0 0 0 0 0 0 0 0 0 0 0 0 0 0 0 0 0 0 0 0 0 0 0 0 0 0 0 0 0 0 0 0 0 0 0 0 0 0 0 0 0 0 0 0 0 0 0 0 0 0 0 0 0 0 0 0 0 0 0 0 0 0 0 data 25 0x10007 0x2f 0x30 0x0 0x50002 0x0 0x90007 0x2f 0x30 0x0 0xe0002 0x0 0x170002 0x2f 0x0 0x0 0x0 0x0 0x0 0x0 0x9 0x3 0x0 0x0 0x0 oops 0 methods 0
ciMethodData org/jetbrains/kotlin/com/intellij/psi/impl/source/tree/JavaASTFactory createLeaf (Lorg/jetbrains/kotlin/com/intellij/psi/tree/IElementType;Ljava/lang/CharSequence;)Lorg/jetbrains/kotlin/com/intellij/psi/impl/source/tree/LeafElement; 1 882 orig 80 0 0 0 0 0 0 0 0 0 0 0 0 201 1 0 0 0 0 0 0 0 0 0 0 0 0 0 0 0 0 0 0 0 0 0 0 0 0 0 0 0 0 0 0 0 0 0 0 0 0 0 0 0 0 0 0 0 0 0 0 0 0 0 0 0 0 0 0 0 0 0 0 0 0 0 0 0 0 0 0 data 93 0x10007 0x0 0x30 0x0 0x50002 0x0 0x90007 0x0 0x30 0x0 0xd0002 0x0 0x140007 0x0 0x40 0x0 0x1b0007 0x0 0x58 0x0 0x240005 0x0 0x0 0x0 0x0 0x0 0x0 0x2e0007 0x0 0x30 0x0 0x360002 0x0 0x3e0005 0x0 0x0 0x0 0x0 0x0 0x0 0x410007 0x0 0x30 0x0 0x4a0002 0x0 0x4f0004 0x0 0x0 0x0 0x0 0x0 0x0 0x520007 0x0 0x30 0x0 0x5b0002 0x0 0x600004 0x0 0x0 0x0 0x0 0x0 0x0 0x630007 0x0 0x80 0x0 0x690007 0x0 0x50 0x0 0x700007 0x0 0x30 0x0 0x770002 0x0 0x810002 0x0 0x0 0x0 0x0 0x0 0x0 0x0 0x9 0x3 0x0 0x0 0x0 oops 0 methods 0
ciMethodData org/jetbrains/kotlin/com/intellij/psi/impl/source/tree/java/PsiIdentifierImpl <init> (Ljava/lang/CharSequence;)V 1 109 orig 80 0 0 0 0 0 0 0 0 0 0 0 0 0 0 0 0 0 0 0 0 0 0 0 0 0 0 0 0 0 0 0 0 0 0 0 0 0 0 0 0 0 0 0 0 0 0 0 0 0 0 0 0 0 0 0 0 0 0 0 0 0 0 0 0 0 0 0 0 0 0 0 0 0 0 0 0 0 0 0 0 data 9 0x50002 0x0 0x0 0x0 0x0 0x9 0x2 0x0 0x0 oops 0 methods 0
ciMethodData org/jetbrains/kotlin/com/intellij/psi/impl/source/tree/java/PsiKeywordImpl <init> (Lorg/jetbrains/kotlin/com/intellij/psi/tree/IElementType;Ljava/lang/CharSequence;)V 1 29 orig 80 0 0 0 0 0 0 0 0 0 0 0 0 0 0 0 0 0 0 0 0 0 0 0 0 0 0 0 0 0 0 0 0 0 0 0 0 0 0 0 0 0 0 0 0 0 0 0 0 0 0 0 0 0 0 0 0 0 0 0 0 0 0 0 0 0 0 0 0 0 0 0 0 0 0 0 0 0 0 0 0 data 19 0x10007 0x0 0x30 0x0 0x50002 0x0 0xb0002 0x0 0x0 0x0 0x0 0x0 0x0 0x0 0x9 0x3 0x0 0x0 0x0 oops 0 methods 0
ciMethodData org/jetbrains/kotlin/com/intellij/psi/impl/source/tree/java/PsiJavaTokenImpl <init> (Lorg/jetbrains/kotlin/com/intellij/psi/tree/IElementType;Ljava/lang/CharSequence;)V 1 122 orig 80 0 0 0 0 0 0 0 0 0 0 0 0 0 0 0 0 0 0 0 0 0 0 0 0 0 0 0 0 0 0 0 0 0 0 0 0 0 0 0 0 0 0 0 0 0 0 0 0 0 0 0 0 0 0 0 0 0 0 0 0 0 0 0 0 0 0 0 0 0 0 0 0 0 0 0 0 0 0 0 0 data 19 0x10007 0x0 0x30 0x0 0x50002 0x0 0xb0002 0x0 0x0 0x0 0x0 0x0 0x0 0x0 0x9 0x3 0x0 0x0 0x0 oops 0 methods 0
ciMethodData org/jetbrains/kotlin/com/intellij/psi/impl/source/tree/PsiCommentImpl <init> (Lorg/jetbrains/kotlin/com/intellij/psi/tree/IElementType;Ljava/lang/CharSequence;)V 1 47 orig 80 0 0 0 0 0 0 0 0 0 0 0 0 0 0 0 0 0 0 0 0 0 0 0 0 0 0 0 0 0 0 0 0 0 0 0 0 0 0 0 0 0 0 0 0 0 0 0 0 0 0 0 0 0 0 0 0 0 0 0 0 0 0 0 0 0 0 0 0 0 0 0 0 0 0 0 0 0 0 0 0 data 25 0x10007 0x0 0x30 0x0 0x50002 0x0 0x90007 0x0 0x30 0x0 0xd0002 0x0 0x130002 0x0 0x0 0x0 0x0 0x0 0x0 0x0 0x9 0x3 0x36 0x0 0x0 oops 0 methods 0
ciMethodData org/jetbrains/kotlin/com/intellij/lang/ASTFactory lazy (Lorg/jetbrains/kotlin/com/intellij/psi/tree/ILazyParseableElementType;Ljava/lang/CharSequence;)Lorg/jetbrains/kotlin/com/intellij/psi/impl/source/tree/LazyParseableElement; 1 262 orig 80 0 0 0 0 0 0 0 0 0 0 0 0 201 1 0 0 0 0 0 0 0 0 0 0 0 0 0 0 0 0 0 0 0 0 0 0 0 0 0 0 0 0 0 0 0 0 0 0 0 0 0 0 0 0 0 0 0 0 0 0 0 0 0 0 0 0 0 0 0 0 0 0 0 0 0 0 0 0 0 0 data 81 0x10007 0x0 0x30 0x0 0x50002 0x0 0xa0005 0x0 0x0 0x0 0x0 0x0 0x0 0xf0007 0x0 0x88 0x0 0x130004 0x0 0x0 0x0 0x0 0x0 0x0 0x170007 0x0 0x30 0x0 0x1b0002 0x0 0x230007 0x0 0x30 0x0 0x2b0002 0x0 0x330007 0x0 0x30 0x0 0x3b0002 0x0 0x400002 0x0 0x450005 0x0 0x0 0x0 0x0 0x0 0x0 0x4a0007 0x0 0x38 0x0 0x4e0003 0x0 0x50 0x560005 0x0 0x0 0x0 0x0 0x0 0x0 0x5a0007 0x0 0x30 0x0 0x5f0002 0x0 0x0 0x0 0x0 0x0 0x0 0x0 0x9 0x2 0xffffffffffffffff 0xffffffffffffffff oops 0 methods 0
compile org/jetbrains/kotlin/com/intellij/lang/impl/PsiBuilderImpl insertLeaves (IILorg/jetbrains/kotlin/com/intellij/psi/impl/source/tree/CompositeElement;)I -1 4 inline 199 0 -1 org/jetbrains/kotlin/com/intellij/lang/impl/PsiBuilderImpl insertLeaves (IILorg/jetbrains/kotlin/com/intellij/psi/impl/source/tree/CompositeElement;)I 1 14 org/jetbrains/kotlin/com/intellij/openapi/progress/ProgressIndicatorProvider checkCanceled ()V 2 0 org/jetbrains/kotlin/com/intellij/openapi/progress/ProgressManager checkCanceled ()V 3 9 org/jetbrains/kotlin/com/intellij/openapi/progress/impl/CoreProgressManager doCheckCanceled ()V 4 1 org/jetbrains/kotlin/com/intellij/openapi/progress/impl/CoreProgressManager isInNonCancelableSection ()Z 5 3 java/lang/ThreadLocal get ()Ljava/lang/Object; 6 6 java/lang/ThreadLocal getMap (Ljava/lang/Thread;)Ljava/lang/ThreadLocal$ThreadLocalMap; 6 16 java/lang/ThreadLocal$ThreadLocalMap getEntry (Ljava/lang/ThreadLocal;)Ljava/lang/ThreadLocal$ThreadLocalMap$Entry; 7 26 java/lang/ref/Reference refersTo (Ljava/lang/Object;)Z 8 2 java/lang/ref/Reference refersToImpl (Ljava/lang/Object;)Z 7 38 java/lang/ThreadLocal$ThreadLocalMap getEntryAfterMiss (Ljava/lang/ThreadLocal;ILjava/lang/ThreadLocal$ThreadLocalMap$Entry;)Ljava/lang/ThreadLocal$ThreadLocalMap$Entry; 8 17 java/lang/ref/Reference refersTo (Ljava/lang/Object;)Z 9 2 java/lang/ref/Reference refersToImpl (Ljava/lang/Object;)Z 8 27 java/lang/ref/Reference refersTo (Ljava/lang/Object;)Z 9 2 java/lang/ref/Reference refersToImpl (Ljava/lang/Object;)Z 8 45 java/lang/ThreadLocal$ThreadLocalMap nextIndex (II)I 4 7 org/jetbrains/kotlin/com/intellij/openapi/progress/Cancellation checkCancelled ()V 5 0 org/jetbrains/kotlin/com/intellij/openapi/progress/Cancellation isCancelled ()Z 6 3 java/lang/ThreadLocal get ()Ljava/lang/Object; 7 6 java/lang/ThreadLocal getMap (Ljava/lang/Thread;)Ljava/lang/ThreadLocal$ThreadLocalMap; 7 16 java/lang/ThreadLocal$ThreadLocalMap getEntry (Ljava/lang/ThreadLocal;)Ljava/lang/ThreadLocal$ThreadLocalMap$Entry; 8 26 java/lang/ref/Reference refersTo (Ljava/lang/Object;)Z 9 2 java/lang/ref/Reference refersToImpl (Ljava/lang/Object;)Z 8 38 java/lang/ThreadLocal$ThreadLocalMap getEntryAfterMiss (Ljava/lang/ThreadLocal;ILjava/lang/ThreadLocal$ThreadLocalMap$Entry;)Ljava/lang/ThreadLocal$ThreadLocalMap$Entry; 9 17 java/lang/ref/Reference refersTo (Ljava/lang/Object;)Z 10 2 java/lang/ref/Reference refersToImpl (Ljava/lang/Object;)Z 9 27 java/lang/ref/Reference refersTo (Ljava/lang/Object;)Z 10 2 java/lang/ref/Reference refersToImpl (Ljava/lang/Object;)Z 9 45 java/lang/ThreadLocal$ThreadLocalMap nextIndex (II)I 1 69 org/jetbrains/kotlin/com/intellij/lang/impl/PsiBuilderImpl createLeaf (Lorg/jetbrains/kotlin/com/intellij/psi/tree/IElementType;II)Lorg/jetbrains/kotlin/com/intellij/psi/impl/source/tree/TreeElement; 2 19 org/jetbrains/kotlin/com/intellij/psi/impl/source/CharTableImpl intern (Ljava/lang/CharSequence;II)Ljava/lang/CharSequence; 3 13 java/lang/String length ()I 4 6 java/lang/String coder ()B 3 13 org/jetbrains/kotlin/com/intellij/util/text/ImmutableText length ()I 4 4 java/lang/String length ()I 5 6 java/lang/String coder ()B 3 42 org/jetbrains/kotlin/com/intellij/psi/impl/source/CharTableImpl createSequence (Ljava/lang/CharSequence;II)Ljava/lang/String; 3 54 org/jetbrains/kotlin/com/intellij/psi/impl/source/CharTableImpl doIntern (Ljava/lang/CharSequence;II)Ljava/lang/CharSequence; 4 11 org/jetbrains/kotlin/com/intellij/psi/impl/source/CharTableImpl subSequenceHashCode (Ljava/lang/CharSequence;II)I 5 15 java/lang/String length ()I 6 6 java/lang/String coder ()B 5 15 org/jetbrains/kotlin/com/intellij/util/text/ImmutableText length ()I 6 4 java/lang/String length ()I 7 6 java/lang/String coder ()B 5 24 org/jetbrains/kotlin/com/intellij/openapi/util/text/StringUtil stringHashCode (Ljava/lang/CharSequence;)I 5 31 org/jetbrains/kotlin/com/intellij/openapi/util/text/StringUtil stringHashCode (Ljava/lang/CharSequence;II)I 6 12 org/jetbrains/kotlin/com/intellij/openapi/util/text/Strings stringHashCode (Ljava/lang/CharSequence;II)I 7 13 org/jetbrains/kotlin/com/intellij/openapi/util/text/Strings stringHashCode (Ljava/lang/CharSequence;III)I 8 29 java/lang/String charAt (I)C 9 1 java/lang/String isLatin1 ()Z 9 12 java/lang/StringLatin1 charAt ([BI)C 9 21 java/lang/StringUTF16 charAt ([BI)C 10 2 java/lang/StringUTF16 checkIndex (I[B)V 11 2 java/lang/StringUTF16 length ([B)I 11 5 java/lang/String checkIndex (II)V 8 29 org/jetbrains/kotlin/com/intellij/util/text/ImmutableText charAt (I)C 9 46 java/lang/String charAt (I)C 10 1 java/lang/String isLatin1 ()Z 10 12 java/lang/StringLatin1 charAt ([BI)C 10 21 java/lang/StringUTF16 charAt ([BI)C 11 2 java/lang/StringUTF16 checkIndex (I[B)V 12 2 java/lang/StringUTF16 length ([B)I 12 5 java/lang/String checkIndex (II)V 4 31 org/jetbrains/kotlin/com/intellij/psi/impl/source/CharTableImpl$StringHashToCharSequencesMap access$100 (Lorg/jetbrains/kotlin/com/intellij/psi/impl/source/CharTableImpl$StringHashToCharSequencesMap;ILjava/lang/CharSequence;II)Ljava/lang/CharSequence; 5 6 org/jetbrains/kotlin/com/intellij/psi/impl/source/CharTableImpl$StringHashToCharSequencesMap getSubSequenceWithHashCode (ILjava/lang/CharSequence;II)Ljava/lang/CharSequence; 6 10 org/jetbrains/kotlin/it/unimi/dsi/fastutil/ints/Int2ObjectOpenHashMap get (I)Ljava/lang/Object; 7 35 org/jetbrains/kotlin/it/unimi/dsi/fastutil/HashCommon mix (I)I 6 39 org/jetbrains/kotlin/com/intellij/psi/impl/source/CharTableImpl$StringHashToCharSequencesMap charSequenceSubSequenceEquals (Ljava/lang/CharSequence;Ljava/lang/CharSequence;II)Z 7 17 java/lang/String length ()I 8 6 java/lang/String coder ()B 7 45 java/lang/String length ()I 8 6 java/lang/String coder ()B 7 62 java/lang/String charAt (I)C 8 1 java/lang/String isLatin1 ()Z 8 12 java/lang/StringLatin1 charAt ([BI)C 8 21 java/lang/StringUTF16 charAt ([BI)C 9 2 java/lang/StringUTF16 checkIndex (I[B)V 10 2 java/lang/StringUTF16 length ([B)I 10 5 java/lang/String checkIndex (II)V 7 72 java/lang/String charAt (I)C 8 1 java/lang/String isLatin1 ()Z 8 12 java/lang/StringLatin1 charAt ([BI)C 8 21 java/lang/StringUTF16 charAt ([BI)C 9 2 java/lang/StringUTF16 checkIndex (I[B)V 10 2 java/lang/StringUTF16 length ([B)I 10 5 java/lang/String checkIndex (II)V 7 72 org/jetbrains/kotlin/com/intellij/util/text/ImmutableText charAt (I)C 8 46 java/lang/String charAt (I)C 9 1 java/lang/String isLatin1 ()Z 9 12 java/lang/StringLatin1 charAt ([BI)C 9 21 java/lang/StringUTF16 charAt ([BI)C 10 2 java/lang/StringUTF16 checkIndex (I[B)V 11 2 java/lang/StringUTF16 length ([B)I 11 5 java/lang/String checkIndex (II)V 4 83 org/jetbrains/kotlin/com/intellij/psi/impl/source/CharTableImpl$StringHashToCharSequencesMap access$200 (Lorg/jetbrains/kotlin/com/intellij/psi/impl/source/CharTableImpl$StringHashToCharSequencesMap;ILjava/lang/CharSequence;II)Ljava/lang/CharSequence; 5 6 org/jetbrains/kotlin/com/intellij/psi/impl/source/CharTableImpl$StringHashToCharSequencesMap getOrAddSubSequenceWithHashCode (ILjava/lang/CharSequence;II)Ljava/lang/CharSequence; 6 11 org/jetbrains/kotlin/it/unimi/dsi/fastutil/ints/Int2ObjectOpenHashMap get (I)Ljava/lang/Object; 7 35 org/jetbrains/kotlin/it/unimi/dsi/fastutil/HashCommon mix (I)I 6 25 org/jetbrains/kotlin/com/intellij/psi/impl/source/CharTableImpl access$600 (Ljava/lang/CharSequence;II)Ljava/lang/String; 7 3 org/jetbrains/kotlin/com/intellij/psi/impl/source/CharTableImpl createSequence (Ljava/lang/CharSequence;II)Ljava/lang/String; 6 34 org/jetbrains/kotlin/it/unimi/dsi/fastutil/ints/Int2ObjectOpenHashMap put (ILjava/lang/Object;)Ljava/lang/Object; 7 2 org/jetbrains/kotlin/it/unimi/dsi/fastutil/ints/Int2ObjectOpenHashMap find (I)I 8 33 org/jetbrains/kotlin/it/unimi/dsi/fastutil/HashCommon mix (I)I 7 17 org/jetbrains/kotlin/it/unimi/dsi/fastutil/ints/Int2ObjectOpenHashMap insert (IILjava/lang/Object;)V 6 62 org/jetbrains/kotlin/com/intellij/psi/impl/source/CharTableImpl$StringHashToCharSequencesMap charSequenceSubSequenceEquals (Ljava/lang/CharSequence;Ljava/lang/CharSequence;II)Z 7 17 java/lang/String length ()I 8 6 java/lang/String coder ()B 7 45 java/lang/String length ()I 8 6 java/lang/String coder ()B 7 62 java/lang/String charAt (I)C 8 1 java/lang/String isLatin1 ()Z 8 12 java/lang/StringLatin1 charAt ([BI)C 8 21 java/lang/StringUTF16 charAt ([BI)C 9 2 java/lang/StringUTF16 checkIndex (I[B)V 10 2 java/lang/StringUTF16 length ([B)I 10 5 java/lang/String checkIndex (II)V 7 72 java/lang/String charAt (I)C 8 1 java/lang/String isLatin1 ()Z 8 12 java/lang/StringLatin1 charAt ([BI)C 8 21 java/lang/StringUTF16 charAt ([BI)C 9 2 java/lang/StringUTF16 checkIndex (I[B)V 10 2 java/lang/StringUTF16 length ([B)I 10 5 java/lang/String checkIndex (II)V 7 72 org/jetbrains/kotlin/com/intellij/util/text/ImmutableText charAt (I)C 8 46 java/lang/String charAt (I)C 9 1 java/lang/String isLatin1 ()Z 9 12 java/lang/StringLatin1 charAt ([BI)C 9 21 java/lang/StringUTF16 charAt ([BI)C 10 2 java/lang/StringUTF16 checkIndex (I[B)V 11 2 java/lang/StringUTF16 length ([B)I 11 5 java/lang/String checkIndex (II)V 2 31 org/jetbrains/kotlin/com/intellij/psi/tree/TokenSet contains (Lorg/jetbrains/kotlin/com/intellij/psi/tree/IElementType;)Z 3 7 org/jetbrains/kotlin/com/intellij/psi/tree/IElementType getIndex ()S 3 26 org/jetbrains/kotlin/com/intellij/psi/tree/TokenSet get (I)Z 2 43 org/jetbrains/kotlin/com/intellij/psi/impl/source/tree/PsiWhiteSpaceImpl <init> (Ljava/lang/CharSequence;)V 3 5 org/jetbrains/kotlin/com/intellij/psi/impl/source/tree/LeafPsiElement <init> (Lorg/jetbrains/kotlin/com/intellij/psi/tree/IElementType;Ljava/lang/CharSequence;)V 4 11 org/jetbrains/kotlin/com/intellij/psi/impl/source/tree/LeafElement <init> (Lorg/jetbrains/kotlin/com/intellij/psi/tree/IElementType;Ljava/lang/CharSequence;)V 5 10 org/jetbrains/kotlin/com/intellij/psi/impl/source/tree/TreeElement <init> (Lorg/jetbrains/kotlin/com/intellij/psi/tree/IElementType;)V 6 9 org/jetbrains/kotlin/com/intellij/psi/impl/ElementBase <init> ()V 7 1 org/jetbrains/kotlin/com/intellij/openapi/util/UserDataHolderBase <init> ()V 8 1 java/util/concurrent/atomic/AtomicReference <init> ()V 9 1 java/lang/Object <init> ()V 8 8 java/util/concurrent/atomic/AtomicReference set (Ljava/lang/Object;)V 2 83 org/jetbrains/kotlin/com/intellij/lang/impl/PsiBuilderImpl getASTFactory ()Lorg/jetbrains/kotlin/com/intellij/lang/ASTFactory; 2 103 org/jetbrains/kotlin/com/intellij/lang/impl/PsiBuilderImpl createLazy (Lorg/jetbrains/kotlin/com/intellij/psi/tree/ILazyParseableElementType;Ljava/lang/CharSequence;Lorg/jetbrains/kotlin/com/intellij/lang/ASTFactory;)Lorg/jetbrains/kotlin/com/intellij/psi/impl/source/tree/LazyParseableElement; 2 142 org/jetbrains/kotlin/com/intellij/lang/ASTFactory leaf (Lorg/jetbrains/kotlin/com/intellij/psi/tree/IElementType;Ljava/lang/CharSequence;)Lorg/jetbrains/kotlin/com/intellij/psi/impl/source/tree/LeafElement; 3 65 org/jetbrains/kotlin/com/intellij/lang/ASTFactory factory (Lorg/jetbrains/kotlin/com/intellij/psi/tree/IElementType;)Lorg/jetbrains/kotlin/com/intellij/lang/ASTFactory; 4 4 org/jetbrains/kotlin/com/intellij/psi/tree/IElementType getLanguage ()Lorg/jetbrains/kotlin/com/intellij/lang/Language; 4 7 org/jetbrains/kotlin/com/intellij/lang/LanguageExtension forLanguage (Lorg/jetbrains/kotlin/com/intellij/lang/Language;)Ljava/lang/Object; 5 14 org/jetbrains/kotlin/com/intellij/openapi/util/UserDataHolderBase getUserData (Lorg/jetbrains/kotlin/com/intellij/openapi/util/Key;)Ljava/lang/Object; 6 9 org/jetbrains/kotlin/com/intellij/openapi/util/UserDataHolderBase getUserMap ()Lorg/jetbrains/kotlin/com/intellij/util/keyFMap/KeyFMap; 7 1 java/util/concurrent/atomic/AtomicReference get ()Ljava/lang/Object; 3 70 org/jetbrains/kotlin/com/intellij/lang/DefaultASTFactoryImpl createLeaf (Lorg/jetbrains/kotlin/com/intellij/psi/tree/IElementType;Ljava/lang/CharSequence;)Lorg/jetbrains/kotlin/com/intellij/psi/impl/source/tree/LeafElement; 4 17 org/jetbrains/kotlin/com/intellij/psi/tree/IElementType getLanguage ()Lorg/jetbrains/kotlin/com/intellij/lang/Language; 4 25 org/jetbrains/kotlin/com/intellij/lang/LanguageExtension forLanguage (Lorg/jetbrains/kotlin/com/intellij/lang/Language;)Ljava/lang/Object; 5 14 org/jetbrains/kotlin/com/intellij/openapi/util/UserDataHolderBase getUserData (Lorg/jetbrains/kotlin/com/intellij/openapi/util/Key;)Ljava/lang/Object; 6 9 org/jetbrains/kotlin/com/intellij/openapi/util/UserDataHolderBase getUserMap ()Lorg/jetbrains/kotlin/com/intellij/util/keyFMap/KeyFMap; 7 1 java/util/concurrent/atomic/AtomicReference get ()Ljava/lang/Object; 4 40 org/jetbrains/kotlin/parsing/KotlinParserDefinition getCommentTokens ()Lorg/jetbrains/kotlin/com/intellij/psi/tree/TokenSet; 5 6 kotlin/jvm/internal/Intrinsics checkNotNullExpressionValue (Ljava/lang/Object;Ljava/lang/String;)V 4 46 org/jetbrains/kotlin/com/intellij/psi/tree/TokenSet contains (Lorg/jetbrains/kotlin/com/intellij/psi/tree/IElementType;)Z 5 7 org/jetbrains/kotlin/com/intellij/psi/tree/IElementType getIndex ()S 5 26 org/jetbrains/kotlin/com/intellij/psi/tree/TokenSet get (I)Z 4 73 org/jetbrains/kotlin/com/intellij/psi/impl/source/tree/LeafPsiElement <init> (Lorg/jetbrains/kotlin/com/intellij/psi/tree/IElementType;Ljava/lang/CharSequence;)V 5 11 org/jetbrains/kotlin/com/intellij/psi/impl/source/tree/LeafElement <init> (Lorg/jetbrains/kotlin/com/intellij/psi/tree/IElementType;Ljava/lang/CharSequence;)V 6 10 org/jetbrains/kotlin/com/intellij/psi/impl/source/tree/TreeElement <init> (Lorg/jetbrains/kotlin/com/intellij/psi/tree/IElementType;)V 7 9 org/jetbrains/kotlin/com/intellij/psi/impl/ElementBase <init> ()V 8 1 org/jetbrains/kotlin/com/intellij/openapi/util/UserDataHolderBase <init> ()V 9 1 java/util/concurrent/atomic/AtomicReference <init> ()V 10 1 java/lang/Object <init> ()V 9 8 java/util/concurrent/atomic/AtomicReference set (Ljava/lang/Object;)V 3 70 org/jetbrains/kotlin/com/intellij/psi/impl/source/tree/JavaASTFactory createLeaf (Lorg/jetbrains/kotlin/com/intellij/psi/tree/IElementType;Ljava/lang/CharSequence;)Lorg/jetbrains/kotlin/com/intellij/psi/impl/source/tree/LeafElement; 4 54 org/jetbrains/kotlin/com/intellij/psi/impl/source/tree/java/PsiIdentifierImpl <init> (Ljava/lang/CharSequence;)V 5 5 org/jetbrains/kotlin/com/intellij/psi/impl/source/tree/LeafPsiElement <init> (Lorg/jetbrains/kotlin/com/intellij/psi/tree/IElementType;Ljava/lang/CharSequence;)V 6 11 org/jetbrains/kotlin/com/intellij/psi/impl/source/tree/LeafElement <init> (Lorg/jetbrains/kotlin/com/intellij/psi/tree/IElementType;Ljava/lang/CharSequence;)V 7 10 org/jetbrains/kotlin/com/intellij/psi/impl/source/tree/TreeElement <init> (Lorg/jetbrains/kotlin/com/intellij/psi/tree/IElementType;)V 8 9 org/jetbrains/kotlin/com/intellij/psi/impl/ElementBase <init> ()V 9 1 org/jetbrains/kotlin/com/intellij/openapi/util/UserDataHolderBase <init> ()V 10 1 java/util/concurrent/atomic/AtomicReference <init> ()V 11 1 java/lang/Object <init> ()V 10 8 java/util/concurrent/atomic/AtomicReference set (Ljava/lang/Object;)V 4 74 org/jetbrains/kotlin/com/intellij/psi/impl/source/tree/java/PsiKeywordImpl <init> (Lorg/jetbrains/kotlin/com/intellij/psi/tree/IElementType;Ljava/lang/CharSequence;)V 5 11 org/jetbrains/kotlin/com/intellij/psi/impl/source/tree/LeafPsiElement <init> (Lorg/jetbrains/kotlin/com/intellij/psi/tree/IElementType;Ljava/lang/CharSequence;)V 6 11 org/jetbrains/kotlin/com/intellij/psi/impl/source/tree/LeafElement <init> (Lorg/jetbrains/kotlin/com/intellij/psi/tree/IElementType;Ljava/lang/CharSequence;)V 7 10 org/jetbrains/kotlin/com/intellij/psi/impl/source/tree/TreeElement <init> (Lorg/jetbrains/kotlin/com/intellij/psi/tree/IElementType;)V 8 9 org/jetbrains/kotlin/com/intellij/psi/impl/ElementBase <init> ()V 9 1 org/jetbrains/kotlin/com/intellij/openapi/util/UserDataHolderBase <init> ()V 10 1 java/util/concurrent/atomic/AtomicReference <init> ()V 11 1 java/lang/Object <init> ()V 10 8 java/util/concurrent/atomic/AtomicReference set (Ljava/lang/Object;)V 4 91 org/jetbrains/kotlin/com/intellij/psi/impl/source/tree/java/PsiJavaTokenImpl <init> (Lorg/jetbrains/kotlin/com/intellij/psi/tree/IElementType;Ljava/lang/CharSequence;)V 5 11 org/jetbrains/kotlin/com/intellij/psi/impl/source/tree/LeafPsiElement <init> (Lorg/jetbrains/kotlin/com/intellij/psi/tree/IElementType;Ljava/lang/CharSequence;)V 6 11 org/jetbrains/kotlin/com/intellij/psi/impl/source/tree/LeafElement <init> (Lorg/jetbrains/kotlin/com/intellij/psi/tree/IElementType;Ljava/lang/CharSequence;)V 7 10 org/jetbrains/kotlin/com/intellij/psi/impl/source/tree/TreeElement <init> (Lorg/jetbrains/kotlin/com/intellij/psi/tree/IElementType;)V 8 9 org/jetbrains/kotlin/com/intellij/psi/impl/ElementBase <init> ()V 9 1 org/jetbrains/kotlin/com/intellij/openapi/util/UserDataHolderBase <init> ()V 10 1 java/util/concurrent/atomic/AtomicReference <init> ()V 11 1 java/lang/Object <init> ()V 10 8 java/util/concurrent/atomic/AtomicReference set (Ljava/lang/Object;)V
